status,generated_token_ids,step_top1_ids,prefill_wall_ms,prefill_cuda_ms,time_to_first_token_wall_ms,time_to_first_token_cuda_ms,prefill_tokens_per_second,decode_step_wall_ms,decode_step_cuda_ms,decode_step_h2d_event_ms,decode_first_step_wall_ms,decode_first_step_cuda_ms,decode_steady_wall_mean_ms,decode_steady_cuda_mean_ms,decode_steady_cuda_p50_ms,decode_steady_cuda_p95_ms,decode_steady_tokens_per_second,prefill_peak_gpu_allocated_gib,prefill_peak_gpu_reserved_gib,decode_peak_gpu_allocated_gib,decode_peak_gpu_reserved_gib,cpu_rss_before_gib,cpu_rss_after_gib,cpu_rss_delta_gib,cache_gpu_gib,cache_cpu_gib,cache_total_gib,cache_ratio,theoretical_cache_gib,staging_gpu_gib,h2d_group_transfers,h2d_gib,d2h_gib,async_prefetch_groups,async_h2d_event_total_ms,h2d_event_timing_available,async_d2h_append_calls,non_blocking_d2h_tensor_copies,blocking_d2h_tensor_copies,dedicated_transfer_stream_enabled,dedicated_d2h_stream_enabled,generated_tokens,decode_forward_steps,method,family,resident_kv_heads_r,kv_group_size_g,sequence_length,trial,is_warmup,round_order_position,decode_tokens,same_generated_sequence_as_standard,all_step_top1_equal_as_standard
ok,"[220, 16, 15, 15, 4, 220, 16, 15, 15, 4, 220, 16, 15, 15, 4, 220, 16, 15, 15, 4, 220, 16, 15, 15, 4, 220, 16, 15, 15, 4, 220, 16]","[220, 16, 15, 15, 4, 220, 16, 15, 15, 4, 220, 16, 15, 15, 4, 220, 16, 15, 15, 4, 220, 16, 15, 15, 4, 220, 16, 15, 15, 4, 220, 16]",2963.6284029111266,2963.642578125,2963.6284029111266,2963.642578125,1382.0829914622855,"[2187.083155848086, 2596.654369030148, 2503.125039394945, 2011.934180278331, 2020.9051198326051, 2599.1226178593934, 1895.548903848976, 3300.9790163487196, 2599.1824897937477, 2602.104111108929, 1907.1353860199451, 2199.26845934242, 1717.5730466842651, 2483.0460413359106, 3416.6107908822596, 3118.8509319908917, 2874.9627713114023, 2701.9843640737236, 2083.6740899831057, 1984.698054380715, 2077.9478922486305, 2096.982922870666, 1983.8154800236225, 2695.9979101084173, 2396.229934412986, 2802.1791400387883, 1801.0657606646419, 1908.4558612667024, 2177.729858085513, 2213.996210601181, 84.78611893951893]","[2187.090576171875, 2581.579833984375, 2503.136474609375, 2004.389892578125, 2020.912109375, 2599.13330078125, 1883.409423828125, 3300.995849609375, 2599.19384765625, 2602.114990234375, 1907.1446533203125, 2199.276611328125, 1708.020751953125, 2483.053466796875, 3416.61376953125, 3118.848388671875, 2797.2197265625, 2701.98876953125, 2083.681396484375, 1984.7056884765625, 2077.955810546875, 2096.985107421875, 1983.82080078125, 2696.009765625, 2396.239990234375, 2802.19140625, 1801.0726318359375, 1908.463623046875, 2177.73876953125, 2214.004638671875, 84.7831039428711]","[2002.0035814642906, 2174.399605989456, 2202.212651312351, 1796.052921950817, 1934.8925795704126, 2409.4553956985474, 1658.8715909719467, 3070.714231789112, 2385.2964488863945, 2493.511797785759, 1851.4670640826225, 1938.4730585217476, 1431.3357440829277, 2229.4775379002094, 2858.588295340538, 2660.2159690260887, 2572.414631664753, 2670.4278275966644, 1697.0506612956524, 1850.6597409844398, 1956.338462293148, 1844.33616361022, 1827.6618416309357, 2291.280799508095, 2185.421669125557, 2576.5197758972645, 1454.1350825726986, 1855.8007616996765, 2013.608273267746, 1983.3808516263962, 61.53001606464386]",2187.083155848086,2187.090576171875,2295.218229092037,2291.1561531066895,2206.640625,3219.0294921874993,0.43646086655597505,14.862176418304443,15.0078125,14.35469388961792,15.02734375,2.046375274658203,2.046375274658203,0.0,0.05510139465332031,0.16530418395996094,0.22040557861328125,1.0,0.22040557861328125,0.007871627807617188,1736,5.105804443359375,0.16530418395996094,1736,63937.53503321111,True,0,0,0,True,False,32,31,stagekv_async_r1,async,1,2,4096,1,False,0,32,True,True
ok,"[220, 16, 15, 15, 4, 220, 16, 15, 15, 4, 220, 16, 15, 15, 4, 220, 16, 15, 15, 4, 220, 16, 15, 15, 4, 220, 16, 15, 15, 4, 220, 16]","[220, 16, 15, 15, 4, 220, 16, 15, 15, 4, 220, 16, 15, 15, 4, 220, 16, 15, 15, 4, 220, 16, 15, 15, 4, 220, 16, 15, 15, 4, 220, 16]",3496.2803926318884,3429.951171875,3496.2803926318884,3429.951171875,1194.186096171422,"[2819.637801963836, 2482.7806749381125, 2499.390759970993, 1901.5877917408943, 2797.6890089921653, 1900.8851698599756, 2297.839759849012, 2101.1009300127625, 2899.1634980775416, 1798.9851501770318, 1699.2080244235694, 2097.5899030454457, 1600.6007650867105, 2090.322536882013, 1917.3742742277682, 1880.2398471161723, 1899.0099621005356, 2003.1450749374926, 1696.1084161885083, 2090.6546390615404, 2394.697607960552, 1608.355239033699, 1994.4735560566187, 1897.5227321498096, 1784.9981701001525, 1899.4931308552623, 2085.7043070718646, 1804.6891978010535, 1605.7098028250039, 2810.8209460042417, 128.63807613030076]","[2819.643310546875, 2482.791259765625, 2499.399658203125, 1901.5936279296875, 2797.701171875, 1900.8909912109375, 2297.848876953125, 2101.108642578125, 2899.176513671875, 1798.9898681640625, 1699.2132568359375, 2097.597412109375, 1600.6051025390625, 2090.332275390625, 1917.380615234375, 1880.2464599609375, 1899.0162353515625, 2003.1529541015625, 1696.113525390625, 2090.660888671875, 2302.84619140625, 1608.3609619140625, 1994.4805908203125, 1897.529541015625, 1785.0040283203125, 1899.50048828125, 2085.717041015625, 1804.69580078125, 1605.7149658203125, 2810.832763671875, 128.6347198486328]","[2734.194281101227, 2248.794350862503, 2374.8319363594055, 1846.4597144126892, 2625.1323528289795, 1727.8124799728394, 2058.0208084583282, 1769.4018330574036, 2736.0416090488434, 1648.335834980011, 1532.1949110031128, 2058.7349281311035, 1362.9374026060104, 1840.2846620082855, 1690.8978893756866, 1471.0393583774567, 1848.1614682674408, 1870.0417619943619, 1550.5599691867828, 1621.0260789394379, 2181.8984389305115, 1462.1882215738297, 1854.1954808235168, 1849.2065343856812, 1720.0483202934265, 1753.4856882095337, 1782.2516815662384, 1671.7136900424957, 1393.225382566452, 2564.366693496704, 35.56172811985016]",2819.637801963836,2819.643310546875,1988.95929842256,1985.904547627767,1909.4871215820312,2804.923547363281,0.5035488745894334,14.895556449890137,15.19140625,14.38617992401123,15.2109375,2.046375274658203,2.046375274658203,0.0,0.11020278930664062,0.11020278930664062,0.22040557861328125,1.0,0.22040557861328125,0.007871627807617188,868,3.40386962890625,0.11020278930664062,868,56883.04549098015,True,0,0,0,True,False,32,31,stagekv_async_r2,async,2,2,4096,1,False,1,32,True,True
ok,"[220, 16, 15, 15, 4, 220, 16, 15, 15, 4, 220, 16, 15, 15, 4, 220, 16, 15, 15, 4, 220, 16, 15, 15, 4, 220, 16, 15, 15, 4, 220, 16]","[220, 16, 15, 15, 4, 220, 16, 15, 15, 4, 220, 16, 15, 15, 4, 220, 16, 15, 15, 4, 220, 16, 15, 15, 4, 220, 16, 15, 15, 4, 220, 16]",424.4867046363652,424.4776916503906,424.4867046363652,424.4776916503906,9649.505923561132,"[24.699883069843054, 24.569910019636154, 24.578125216066837, 24.54386092722416, 24.446449242532253, 24.567204993218184, 24.543941020965576, 24.5432797819376, 24.547548033297062, 24.569899775087833, 24.45432310923934, 24.53389298170805, 24.47316888719797, 24.516930803656578, 24.729428347200155, 24.747782852500677, 24.730781093239784, 24.885190185159445, 24.780713953077793, 24.746770970523357, 24.78415099903941, 24.824636057019234, 24.869991932064295, 24.85691662877798, 24.860844016075134, 24.752631317824125, 24.84500501304865, 24.80129338800907, 24.758162908256054, 24.875632021576166, 24.736592080444098]","[24.69478416442871, 24.565759658813477, 24.573951721191406, 24.53913688659668, 24.441856384277344, 24.562368392944336, 24.540128707885742, 24.538976669311523, 24.54319953918457, 24.565696716308594, 24.449695587158203, 24.52889633178711, 24.468416213989258, 24.51251220703125, 24.72537612915039, 24.74380874633789, 24.726367950439453, 24.880128860473633, 24.775680541992188, 24.74185562133789, 24.779775619506836, 24.819711685180664, 24.864831924438477, 24.851455688476562, 24.85638427734375, 24.74799919128418, 24.840192794799805, 24.796159744262695, 24.75315284729004, 24.870912551879883, 24.731647491455078]","[0.0, 0.0, 0.0, 0.0, 0.0, 0.0, 0.0, 0.0, 0.0, 0.0, 0.0, 0.0, 0.0, 0.0, 0.0, 0.0, 0.0, 0.0, 0.0, 0.0, 0.0, 0.0, 0.0, 0.0, 0.0, 0.0, 0.0, 0.0, 0.0, 0.0, 0.0]",24.699883069843054,24.69478416442871,24.682501951853435,24.677867889404297,24.729007720947266,24.868176269531247,40.52213929021642,15.000550746917725,15.3671875,14.483302593231201,15.3671875,2.046375274658203,2.046375274658203,0.0,0.22040557861328125,0.0,0.22040557861328125,1.0,0.22040557861328125,0.0,0,0.0,0.0,0,0.0,True,0,0,0,False,False,32,31,stagekv_async_r4,async,4,2,4096,1,False,2,32,True,True
ok,"[220, 16, 15, 15, 4, 220, 16, 15, 15, 4, 220, 16, 15, 15, 4, 220, 16, 15, 15, 4, 220, 16, 15, 15, 4, 220, 16, 15, 15, 4, 220, 16]","[220, 16, 15, 15, 4, 220, 16, 15, 15, 4, 220, 16, 15, 15, 4, 220, 16, 15, 15, 4, 220, 16, 15, 15, 4, 220, 16, 15, 15, 4, 220, 16]",3667.0640050433576,3606.341552734375,3667.0640050433576,3606.341552734375,1135.7770583028553,"[3724.5727106928825, 5105.976754799485, 5991.149858571589, 6481.16809874773, 6598.990788683295, 5800.1475390046835, 4201.056252699345, 6801.520765759051, 6092.929885722697, 6806.028662715107, 5893.337269313633, 6005.103524774313, 5698.29707685858, 4201.68543420732, 4993.9176379702985, 4305.427389219403, 5197.832388337702, 5517.117797862738, 7287.025215104222, 7696.196050383151, 6803.618079982698, 4412.559119984508, 3182.9772773198783, 3095.355949830264, 4603.017782326788, 5202.408873010427, 3597.5257703103125, 4401.671544183046, 5095.882683061063, 3918.7976219691336, 2481.523970607668]","[3724.5869140625, 5097.96826171875, 5991.15966796875, 6481.19580078125, 6599.0185546875, 5800.17333984375, 4201.0693359375, 6801.537109375, 6016.4609375, 6806.04443359375, 5817.37158203125, 6005.1181640625, 5698.29150390625, 4201.70263671875, 4905.2880859375, 4305.44287109375, 5197.85107421875, 5517.1357421875, 7287.02978515625, 7696.23095703125, 6803.623046875, 4412.57763671875, 3182.990966796875, 3007.711181640625, 4603.03662109375, 5202.43017578125, 3597.529052734375, 4401.689453125, 5095.89990234375, 3918.8173828125, 2481.532958984375]","[0.0, 0.0, 0.0, 0.0, 0.0, 0.0, 0.0, 0.0, 0.0, 0.0, 0.0, 0.0, 0.0, 0.0, 0.0, 0.0, 0.0, 0.0, 0.0, 0.0, 0.0, 0.0, 0.0, 0.0, 0.0, 0.0, 0.0, 0.0, 0.0, 0.0, 0.0]",3724.5727106928825,3724.5869140625,5249.008235444005,5237.797607421875,5200.140625,7070.586376953124,0.19091993905664015,14.780145168304443,15.02734375,14.27498483657837,15.046875,2.046375274658203,2.058094024658203,0.01171875,0.0,0.22040557861328125,0.22040557861328125,1.0,0.22040557861328125,0.007871627807617188,1736,6.806083679199219,0.22040557861328125,1736,0.0,False,896,1792,0,True,True,32,31,stagekv_bidirectional_r0,bidirectional,0,2,4096,1,False,3,32,True,True
ok,"[220, 16, 15, 15, 4, 220, 16, 15, 15, 4, 220, 16, 15, 15, 4, 220, 16, 15, 15, 4, 220, 16, 15, 15, 4, 220, 16, 15, 15, 4, 220, 16]","[220, 16, 15, 15, 4, 220, 16, 15, 15, 4, 220, 16, 15, 15, 4, 220, 16, 15, 15, 4, 220, 16, 15, 15, 4, 220, 16, 15, 15, 4, 220, 16]",3329.037242103368,3325.149169921875,3329.037242103368,3325.149169921875,1231.8244357429041,"[3186.4735670387745, 2799.8012080788612, 2197.9316230863333, 2900.4103490151465, 2303.67251066491, 2095.56624898687, 2003.1866021454334, 2298.219964373857, 2198.2534611597657, 2506.122710183263, 2197.7903018705547, 1995.7893309183419, 1899.7943419963121, 1701.6325048170984, 1898.1666509062052, 1901.2816357426345, 1898.5670655965805, 1901.3414927758276, 2398.419220931828, 2099.6731892228127, 1899.9509811401367, 1917.5521889701486, 2299.738695845008, 2181.8329510279, 2406.8710021674633, 2206.1155969277024, 1884.6745737828314, 1820.264045149088, 1983.9194789528847, 1899.7892239131033, 1799.6007930487394]","[3186.483154296875, 2799.80810546875, 2197.93603515625, 2900.416748046875, 2303.678466796875, 2095.568603515625, 2003.1907958984375, 2298.2236328125, 2198.260498046875, 2506.13037109375, 2197.794677734375, 1995.7913818359375, 1899.79736328125, 1701.633056640625, 1898.170166015625, 1901.286376953125, 1898.568359375, 1901.3448486328125, 2398.42333984375, 2099.676025390625, 1899.9520263671875, 1917.5535888671875, 2299.7421875, 2181.83984375, 2406.87646484375, 2206.123046875, 1884.6788330078125, 1820.2655029296875, 1983.9232177734375, 1899.7947998046875, 1799.5926513671875]","[0.0, 0.0, 0.0, 0.0, 0.0, 0.0, 0.0, 0.0, 0.0, 0.0, 0.0, 0.0, 0.0, 0.0, 0.0, 0.0, 0.0, 0.0, 0.0, 0.0, 0.0, 0.0, 0.0, 0.0, 0.0, 0.0, 0.0, 0.0, 0.0, 0.0, 0.0]",3186.4735670387745,3186.483154296875,2116.5309981132546,2116.534700520833,2049.3796997070312,2667.653124999999,0.4724704016210657,14.862176418304443,15.02734375,14.35701608657837,15.046875,2.058094024658203,2.058094024658203,0.0,0.05510139465332031,0.16530418395996094,0.22040557861328125,1.0,0.22040557861328125,0.007871627807617188,1736,5.104562759399414,0.16530418395996094,1736,0.0,False,896,1792,0,True,True,32,31,stagekv_bidirectional_r1,bidirectional,1,2,4096,1,False,4,32,True,True
ok,"[220, 16, 15, 15, 4, 220, 16, 15, 15, 4, 220, 16, 15, 15, 4, 220, 16, 15, 15, 4, 220, 16, 15, 15, 4, 220, 16, 15, 15, 4, 220, 16]","[220, 16, 15, 15, 4, 220, 16, 15, 15, 4, 220, 16, 15, 15, 4, 220, 16, 15, 15, 4, 220, 16, 15, 15, 4, 220, 16, 15, 15, 4, 220, 16]",3115.872999187559,3115.886474609375,3115.872999187559,3115.886474609375,1314.5536698391738,"[1597.6942609995604, 1792.8037932142615, 1698.2421725988388, 1701.1892651207745, 1799.9940332956612, 1798.5920011997223, 2098.805736284703, 2902.01423689723, 2097.810278646648, 2404.621202033013, 1977.1487759426236, 2417.9037399590015, 2200.915765017271, 2280.365316197276, 2419.1664177924395, 2206.402931828052, 3192.522675730288, 2700.5956480279565, 2899.7156377881765, 2700.1277529634535, 2498.318796046078, 2201.3942492194474, 2883.1232907250524, 2001.3977866619825, 1598.4131093136966, 1998.051998205483, 1901.5838140621781, 1898.2415897771716, 2101.451818831265, 1797.7676992304623, 2017.0021718367934]","[1597.6949462890625, 1792.8089599609375, 1698.24462890625, 1701.1937255859375, 1799.9952392578125, 1798.594482421875, 2098.810546875, 2902.022216796875, 2097.8125, 2404.626220703125, 1977.1524658203125, 2417.90869140625, 2200.921142578125, 2280.3701171875, 2419.17236328125, 2206.40966796875, 3192.532958984375, 2700.6044921875, 2899.724365234375, 2700.134521484375, 2498.32421875, 2201.39794921875, 2883.13232421875, 2001.401611328125, 1598.4158935546875, 1998.054443359375, 1901.5885009765625, 1898.24609375, 2101.455810546875, 1797.77197265625, 2017.0042724609375]","[0.0, 0.0, 0.0, 0.0, 0.0, 0.0, 0.0, 0.0, 0.0, 0.0, 0.0, 0.0, 0.0, 0.0, 0.0, 0.0, 0.0, 0.0, 0.0, 0.0, 0.0, 0.0, 0.0, 0.0, 0.0, 0.0, 0.0, 0.0, 0.0, 0.0, 0.0]",1597.6942609995604,1597.6949462890625,2206.1894568149,2206.194413248698,2100.1331787109375,2900.98818359375,0.4532692105440813,14.895556449890137,15.16015625,14.388335704803467,15.1796875,2.058094024658203,2.058094024658203,0.0,0.11020278930664062,0.11020278930664062,0.22040557861328125,1.0,0.22040557861328125,0.007871627807617188,868,3.4030418395996094,0.11020278930664062,868,0.0,False,896,1792,0,True,True,32,31,stagekv_bidirectional_r2,bidirectional,2,2,4096,1,False,5,32,True,True
ok,"[220, 16, 15, 15, 4, 220, 16, 15, 15, 4, 220, 16, 15, 15, 4, 220, 16, 15, 15, 4, 220, 16, 15, 15, 4, 220, 16, 15, 15, 4, 220, 16]","[220, 16, 15, 15, 4, 220, 16, 15, 15, 4, 220, 16, 15, 15, 4, 220, 16, 15, 15, 4, 220, 16, 15, 15, 4, 220, 16, 15, 15, 4, 220, 16]",415.5910979025066,415.58734130859375,415.5910979025066,415.58734130859375,9855.930614013869,"[23.039010353386402, 22.563830949366093, 22.657915949821472, 22.567206993699074, 22.59841514751315, 22.507003974169493, 24.021189659833908, 22.652957122772932, 22.429419215768576, 22.35511038452387, 22.373192943632603, 22.846139036118984, 22.400144021958113, 22.330262698233128, 22.49831799417734, 22.904929239302874, 22.92132005095482, 22.888027597218752, 23.113629780709743, 22.80393010005355, 22.817364893853664, 22.774625103920698, 22.82368717715144, 22.77909405529499, 22.894599940627813, 22.89666375145316, 22.82704319804907, 22.80051400884986, 22.831671871244907, 22.833466064184904, 22.9175528511405]","[23.034879684448242, 22.559423446655273, 22.65292739868164, 22.562816619873047, 22.594560623168945, 22.503231048583984, 24.024063110351562, 22.648448944091797, 22.425600051879883, 22.350847244262695, 22.369279861450195, 22.84227180480957, 22.395904541015625, 22.326271057128906, 22.49420738220215, 22.90073585510254, 22.916095733642578, 22.88332748413086, 23.10860824584961, 22.800128936767578, 22.811647415161133, 22.769664764404297, 22.819551467895508, 22.773759841918945, 22.88947105407715, 22.89254379272461, 22.821887969970703, 22.795263290405273, 22.827007293701172, 22.829055786132812, 22.91302490234375]","[0.0, 0.0, 0.0, 0.0, 0.0, 0.0, 0.0, 0.0, 0.0, 0.0, 0.0, 0.0, 0.0, 0.0, 0.0, 0.0, 0.0, 0.0, 0.0, 0.0, 0.0, 0.0, 0.0, 0.0, 0.0, 0.0, 0.0, 0.0, 0.0, 0.0, 0.0]",23.039010353386402,23.034879684448242,22.754307525853317,22.75005423227946,22.797696113586426,23.021977615356445,43.95593917227353,15.000550746917725,15.3125,14.514666557312012,15.3125,2.058094024658203,2.058094024658203,0.0,0.22040557861328125,0.0,0.22040557861328125,1.0,0.22040557861328125,0.0,0,0.0,0.0,0,0.0,False,0,0,0,False,False,32,31,stagekv_bidirectional_r4,bidirectional,4,2,4096,1,False,6,32,True,True
ok,"[220, 16, 15, 15, 4, 220, 16, 15, 15, 4, 220, 16, 15, 15, 4, 220, 16, 15, 15, 4, 220, 16, 15, 15, 4, 220, 16, 15, 15, 4, 220, 16]","[220, 16, 15, 15, 4, 220, 16, 15, 15, 4, 220, 16, 15, 15, 4, 220, 16, 15, 15, 4, 220, 16, 15, 15, 4, 220, 16, 15, 15, 4, 220, 16]",409.89392111077905,409.8898010253906,409.89392111077905,409.8898010253906,9992.929781988581,"[21.62463217973709, 21.414839196950197, 21.343865897506475, 21.273975260555744, 21.40219509601593, 21.47429995238781, 21.175872068852186, 21.113265305757523, 21.098296158015728, 21.26612002030015, 21.395612973719835, 21.314270794391632, 21.21191890910268, 21.14787884056568, 21.264046896249056, 21.136037074029446, 21.399350836873055, 21.691877860575914, 21.158779971301556, 21.06770919635892, 21.111209876835346, 21.03846473619342, 21.355508361011744, 21.2637260556221, 21.267512813210487, 21.323448047041893, 21.29442384466529, 21.28171967342496, 21.456256974488497, 21.480181720107794, 21.07828902080655]","[21.620512008666992, 21.409791946411133, 21.339136123657227, 21.26848030090332, 21.397504806518555, 21.46918487548828, 21.171903610229492, 21.107711791992188, 21.094079971313477, 21.26131248474121, 21.391359329223633, 21.30944061279297, 21.20800018310547, 21.143552780151367, 21.260095596313477, 21.132064819335938, 21.395456314086914, 21.68729591369629, 21.153791427612305, 21.06265640258789, 21.100543975830078, 21.03379249572754, 21.35139274597168, 21.25904083251953, 21.26335906982422, 21.319520950317383, 21.289920806884766, 21.2774715423584, 21.4517765045166, 21.476192474365234, 21.07391929626465]","[0.0, 0.0, 0.0, 0.0, 0.0, 0.0, 0.0, 0.0, 0.0, 0.0, 0.0, 0.0, 0.0, 0.0, 0.0, 0.0, 0.0, 0.0, 0.0, 0.0, 0.0, 0.0, 0.0, 0.0, 0.0, 0.0, 0.0, 0.0, 0.0, 0.0, 0.0]",21.62463217973709,21.620512008666992,21.27669844776392,21.27199166615804,21.26591968536377,21.473039054870604,47.01017261072532,14.999261379241943,15.20703125,14.511165142059326,15.20703125,2.058094024658203,2.058094024658203,0.0,0.22040557861328125,0.0,0.22040557861328125,1.0,0.22040557861328125,0.0,0,0.0,0.0,0,0.0,False,0,0,0,False,False,32,31,standard,standard,,,4096,1,False,7,32,True,True
ok,"[220, 16, 15, 15, 4, 220, 16, 15, 15, 4, 220, 16, 15, 15, 4, 220, 16, 15, 15, 4, 220, 16, 15, 15, 4, 220, 16, 15, 15, 4, 220, 16]","[220, 16, 15, 15, 4, 220, 16, 15, 15, 4, 220, 16, 15, 15, 4, 220, 16, 15, 15, 4, 220, 16, 15, 15, 4, 220, 16, 15, 15, 4, 220, 16]",3047.613749280572,2986.049560546875,3047.613749280572,2986.049560546875,1371.7119950446652,"[3802.6515832170844, 4722.194552887231, 3899.894703645259, 3898.316953331232, 3977.119415998459, 4118.1525299325585, 4498.594982083887, 5485.559666994959, 4897.749972995371, 4003.5495632328093, 4097.219823859632, 3005.197389051318, 3294.385655783117, 3805.5653469637036, 3193.4993569739163, 3003.4166486002505, 2993.8060883432627, 2808.7486480362713, 3390.938241034746, 4621.180549263954, 3883.5616023279727, 3199.6169378980994, 3097.1590778790414, 4800.140480045229, 3818.3256476186216, 3382.089083082974, 2502.583611290902, 3101.9417429342866, 2211.5605929866433, 2288.1877827458084, 178.43156214803457]","[3802.666015625, 4722.20703125, 3899.912841796875, 3898.334228515625, 3977.13720703125, 4118.16748046875, 4498.60400390625, 5485.58544921875, 4897.771484375, 4003.5693359375, 4097.23974609375, 3005.209716796875, 3294.3994140625, 3805.582275390625, 3193.511962890625, 3003.422607421875, 2900.97265625, 2808.762451171875, 3390.94384765625, 4621.20458984375, 3883.580322265625, 3199.631103515625, 3097.171875, 4800.16357421875, 3818.34130859375, 3382.102783203125, 2502.593505859375, 3101.9560546875, 2211.56884765625, 2288.1962890625, 178.4279022216797]","[0.0, 0.0, 0.0, 0.0, 0.0, 0.0, 0.0, 0.0, 0.0, 0.0, 0.0, 0.0, 0.0, 0.0, 0.0, 0.0, 0.0, 0.0, 0.0, 0.0, 0.0, 0.0, 0.0, 0.0, 0.0, 0.0, 0.0, 0.0, 0.0, 0.0, 0.0]",3802.6515832170844,3802.666015625,3539.289606998985,3536.2090632120767,3598.2630615234375,4853.847924804688,0.2827887102047244,14.780145168304443,15.03515625,14.26521921157837,15.03515625,2.058094024658203,2.058094024658203,0.0,0.0,0.22040557861328125,0.22040557861328125,1.0,0.22040557861328125,0.0,1736,6.8077392578125,0.22040557861328125,0,0.0,False,0,0,0,False,False,32,31,stagekv_sync_r0,sync,0,2,4096,1,False,8,32,True,True
ok,"[220, 16, 15, 15, 4, 220, 16, 15, 15, 4, 220, 16, 15, 15, 4, 220, 16, 15, 15, 4, 220, 16, 15, 15, 4, 220, 16, 15, 15, 4, 220, 16]","[220, 16, 15, 15, 4, 220, 16, 15, 15, 4, 220, 16, 15, 15, 4, 220, 16, 15, 15, 4, 220, 16, 15, 15, 4, 220, 16, 15, 15, 4, 220, 16]",3277.2890543565154,3277.304931640625,3277.2890543565154,3277.304931640625,1249.8074135413253,"[2404.280720744282, 1595.5978990532458, 1901.598334312439, 1698.0545981787145, 1702.4646271020174, 2295.2010449953377, 1897.313117980957, 2001.2629218399525, 1801.1380271054804, 3297.466062940657, 1903.063063044101, 2077.8276338241994, 2821.0938037373126, 2381.3472520560026, 2497.0807428471744, 2599.659855943173, 2802.16869013384, 2719.0173156559467, 2682.8928841277957, 1700.0950402580202, 2305.20456796512, 1608.1400299444795, 1785.458597354591, 2506.085740868002, 1694.4489278830588, 1700.3269949927926, 1802.578471135348, 3095.132871065289, 1606.0045319609344, 1498.2065418735147, 148.89490883797407]","[2404.290283203125, 1595.6019287109375, 1901.604248046875, 1698.058349609375, 1702.4696044921875, 2295.2080078125, 1886.95654296875, 2001.270751953125, 1801.1441650390625, 3297.470703125, 1903.0692138671875, 2001.976318359375, 2821.1064453125, 2381.35498046875, 2422.3857421875, 2523.288330078125, 2802.18115234375, 2719.027099609375, 2682.9033203125, 1700.10009765625, 2305.21240234375, 1597.1461181640625, 1785.4639892578125, 2506.094482421875, 1694.4537353515625, 1700.321533203125, 1802.583251953125, 3095.1455078125, 1606.0078125, 1498.2100830078125, 148.890625]","[0.0, 0.0, 0.0, 0.0, 0.0, 0.0, 0.0, 0.0, 0.0, 0.0, 0.0, 0.0, 0.0, 0.0, 0.0, 0.0, 0.0, 0.0, 0.0, 0.0, 0.0, 0.0, 0.0, 0.0, 0.0, 0.0, 0.0, 0.0, 0.0, 0.0, 0.0]",2404.280720744282,2404.290283203125,2070.8275033005825,2062.556884765625,1902.3367309570312,2971.8279296874994,0.48483511285732767,14.862176418304443,15.03515625,14.34725046157837,15.03515625,2.058094024658203,2.058094024658203,0.0,0.05510139465332031,0.16530418395996094,0.22040557861328125,1.0,0.22040557861328125,0.0,1736,5.105804443359375,0.16530418395996094,0,0.0,False,0,0,0,False,False,32,31,stagekv_sync_r1,sync,1,2,4096,1,False,9,32,True,True
ok,"[220, 16, 15, 15, 4, 220, 16, 15, 15, 4, 220, 16, 15, 15, 4, 220, 16, 15, 15, 4, 220, 16, 15, 15, 4, 220, 16, 15, 15, 4, 220, 16]","[220, 16, 15, 15, 4, 220, 16, 15, 15, 4, 220, 16, 15, 15, 4, 220, 16, 15, 15, 4, 220, 16, 15, 15, 4, 220, 16, 15, 15, 4, 220, 16]",2718.670261092484,2656.123046875,2718.670261092484,2656.123046875,1542.0972325883222,"[2021.3575530797243, 1780.308360233903, 1899.4712340645492, 2616.3666201755404, 2602.8598388656974, 2609.0946570038795, 1971.3508440181613, 1719.2387129180133, 2280.104890000075, 2402.7986289002, 2418.73238934204, 2479.2099623009562, 1801.894900854677, 2100.5680398084223, 1592.5508071668446, 1707.2887471877038, 1990.5233341269195, 1693.5280612669885, 1616.7181986384094, 1587.3397556133568, 1611.2248240970075, 1786.1783038824797, 1605.0317399203777, 1596.7539669945836, 1811.5090718492866, 2484.556060284376, 1718.1972567923367, 2000.315546989441, 2999.647242948413, 1981.8081157281995, 60.34306017681956]","[2021.36572265625, 1780.3150634765625, 1899.4747314453125, 2616.369140625, 2602.86669921875, 2601.521240234375, 1971.35791015625, 1719.2437744140625, 2280.1123046875, 2402.807861328125, 2418.740966796875, 2479.21875, 1801.9000244140625, 2100.572998046875, 1592.5565185546875, 1696.0870361328125, 1990.530029296875, 1693.5322265625, 1616.7220458984375, 1587.3433837890625, 1600.1873779296875, 1786.1839599609375, 1605.0361328125, 1596.7579345703125, 1800.447998046875, 2484.567138671875, 1718.2012939453125, 2000.321533203125, 2999.658447265625, 1981.8145751953125, 60.33919906616211]","[0.0, 0.0, 0.0, 0.0, 0.0, 0.0, 0.0, 0.0, 0.0, 0.0, 0.0, 0.0, 0.0, 0.0, 0.0, 0.0, 0.0, 0.0, 0.0, 0.0, 0.0, 0.0, 0.0, 0.0, 0.0, 0.0, 0.0, 0.0, 0.0, 0.0, 0.0]",2021.3575530797243,2021.36572265625,1950.8504390716553,1949.4929431915284,1850.6873779296875,2610.2930419921877,0.5129538957770696,14.895556449890137,15.19140625,14.380156993865967,15.19140625,2.058094024658203,2.058094024658203,0.0,0.11020278930664062,0.11020278930664062,0.22040557861328125,1.0,0.22040557861328125,0.0,868,3.40386962890625,0.11020278930664062,0,0.0,False,0,0,0,False,False,32,31,stagekv_sync_r2,sync,2,2,4096,1,False,10,32,True,True
ok,"[220, 16, 15, 15, 4, 220, 16, 15, 15, 4, 220, 16, 15, 15, 4, 220, 16, 15, 15, 4, 220, 16, 15, 15, 4, 220, 16, 15, 15, 4, 220, 16]","[220, 16, 15, 15, 4, 220, 16, 15, 15, 4, 220, 16, 15, 15, 4, 220, 16, 15, 15, 4, 220, 16, 15, 15, 4, 220, 16, 15, 15, 4, 220, 16]",425.18253391608596,425.169921875,425.18253391608596,425.169921875,9633.795311617137,"[24.521480314433575, 24.234401993453503, 24.255751632153988, 24.672432336956263, 24.25126312300563, 24.394391104578972, 24.36567796394229, 24.245962966233492, 24.35383480042219, 24.218801874667406, 24.263847153633833, 24.316624738276005, 24.26364691928029, 24.201019667088985, 24.253396783024073, 24.222619831562042, 24.379343260079622, 24.56128317862749, 24.62459309026599, 24.567826185375452, 24.55549268051982, 24.698400869965553, 24.57024110481143, 24.5879041031003, 24.492003954946995, 24.52567731961608, 24.761678650975227, 24.657384026795626, 24.633127730339766, 24.603833444416523, 24.64517066255212]","[24.51763153076172, 24.225791931152344, 24.252416610717773, 24.668031692504883, 24.247007369995117, 24.389888763427734, 24.36172866821289, 24.241151809692383, 24.348384857177734, 24.213504791259766, 24.259584426879883, 24.31180763244629, 24.258560180664062, 24.196096420288086, 24.249343872070312, 24.218624114990234, 24.37433624267578, 24.557376861572266, 24.620031356811523, 24.56268882751465, 24.55036735534668, 24.69375991821289, 24.564735412597656, 24.583168029785156, 24.48691177368164, 24.52070426940918, 24.757247924804688, 24.652799606323242, 24.628223419189453, 24.599552154541016, 24.640512466430664]","[0.0, 0.0, 0.0, 0.0, 0.0, 0.0, 0.0, 0.0, 0.0, 0.0, 0.0, 0.0, 0.0, 0.0, 0.0, 0.0, 0.0, 0.0, 0.0, 0.0, 0.0, 0.0, 0.0, 0.0, 0.0, 0.0, 0.0, 0.0, 0.0, 0.0, 0.0]",24.521480314433575,24.51763153076172,24.445921105022233,24.441144625345867,24.438400268554688,24.682182216644286,40.91461407920248,15.000550746917725,15.3671875,14.483302593231201,15.3671875,2.058094024658203,2.058094024658203,0.0,0.22040557861328125,0.0,0.22040557861328125,1.0,0.22040557861328125,0.0,0,0.0,0.0,0,0.0,False,0,0,0,False,False,32,31,stagekv_sync_r4,sync,4,2,4096,1,False,11,32,True,True
ok,"[220, 16, 15, 15, 4, 220, 16, 15, 15, 4, 220, 16, 15, 15, 4, 220, 16, 15, 15, 4, 220, 16, 15, 15, 4, 220, 16, 15, 15, 4, 220, 16]","[220, 16, 15, 15, 4, 220, 16, 15, 15, 4, 220, 16, 15, 15, 4, 220, 16, 15, 15, 4, 220, 16, 15, 15, 4, 220, 16, 15, 15, 4, 220, 16]",3351.8914012238383,3351.872314453125,3351.8914012238383,3351.872314453125,1222.0035895574629,"[5186.619973741472, 4096.930691972375, 3612.1896598488092, 4099.446974229068, 4202.34698522836, 4220.586047042161, 4796.438904013485, 5395.525089930743, 3882.897992618382, 3115.7021829858422, 3796.3922689668834, 3982.538070064038, 3594.688350800425, 2999.6082969009876, 3216.6250636801124, 3194.3401279859245, 3184.279842302203, 3876.838688738644, 2501.0593980550766, 3682.715645991266, 3696.3310870341957, 3300.7271918468177, 2997.988173738122, 2897.6445072330534, 3004.048149101436, 3800.5565777420998, 2802.800345700234, 5801.073205191642, 5096.036893781275, 4101.208826992661, 52.03547514975071]","[5186.64306640625, 4086.767578125, 3604.989501953125, 4092.004150390625, 4202.3681640625, 4220.60546875, 4796.4619140625, 5385.0654296875, 3882.915771484375, 3115.715576171875, 3784.953857421875, 3982.55615234375, 3594.69775390625, 2999.62158203125, 3216.636962890625, 3183.100830078125, 3184.292724609375, 3876.855712890625, 2501.06787109375, 3682.73095703125, 3696.347900390625, 3300.7412109375, 2998.000244140625, 2805.049560546875, 3004.060546875, 3800.573974609375, 2802.81201171875, 5801.1025390625, 5096.06005859375, 4101.2275390625, 52.03238296508789]","[4968.631531000137, 3933.792788863182, 3285.18981218338, 3655.1110138893127, 3911.1712465286255, 3926.654525279999, 4325.156971216202, 5198.965239524841, 3639.773909330368, 2945.650574564934, 3573.4079518318176, 3813.8695249557495, 3326.389003276825, 2862.8670669794083, 2804.619593858719, 3000.0189714431763, 2936.468381881714, 3829.788708090782, 2168.7416402101517, 3551.4836955070496, 3499.5229201316833, 3241.259864807129, 2971.8461371660233, 2672.509376883507, 2977.4436659812927, 3640.5580763816833, 2683.4707124233246, 5735.415526151657, 4875.816603183746, 3856.7473442554474, 29.39932817220688]",5186.619973741472,5186.64306640625,3633.3866904955357,3628.3805309295653,3689.5394287109375,5255.013012695312,0.2756050506488103,14.780145168304443,15.0078125,14.27266263961792,15.02734375,2.058094024658203,2.058094024658203,0.0,0.0,0.22040557861328125,0.22040557861328125,1.0,0.22040557861328125,0.007871627807617188,1736,6.8077392578125,0.22040557861328125,1736,107841.74170595407,True,0,0,0,True,False,32,31,stagekv_async_r0,async,0,2,4096,1,False,12,32,True,True
ok,"[220, 16, 15, 15, 4, 220, 16, 15, 15, 4, 220, 16, 15, 15, 4, 220, 16, 15, 15, 4, 220, 16, 15, 15, 4, 220, 16, 15, 15, 4, 220, 16]","[220, 16, 15, 15, 4, 220, 16, 15, 15, 4, 220, 16, 15, 15, 4, 220, 16, 15, 15, 4, 220, 16, 15, 15, 4, 220, 16, 15, 15, 4, 220, 16]",423.0843433178961,423.0830078125,423.0843433178961,423.0830078125,9681.315307787654,"[24.910038337111473, 24.64063372462988, 24.626065976917744, 24.657816160470247, 24.711265694350004, 24.763733614236116, 24.713288992643356, 25.006378069519997, 24.706366937607527, 24.670669808983803, 24.68079887330532, 24.695576168596745, 24.744407273828983, 24.640532676130533, 24.65844713151455, 24.65278608724475, 24.658326990902424, 24.792036972939968, 25.042916648089886, 24.964439682662487, 25.03299806267023, 24.98704195022583, 24.927860591560602, 25.039630010724068, 25.017470121383667, 25.0212661921978, 24.99732095748186, 24.974067695438862, 24.956163950264454, 24.992192164063454, 24.93145875632763]","[24.90675163269043, 24.636320114135742, 24.622079849243164, 24.653791427612305, 24.70604705810547, 24.759296417236328, 24.70899200439453, 25.002656936645508, 24.701887130737305, 24.666240692138672, 24.67638397216797, 24.69068717956543, 24.7390079498291, 24.6363525390625, 24.653823852539062, 24.648576736450195, 24.653728485107422, 24.787967681884766, 25.037824630737305, 24.960832595825195, 25.02851104736328, 24.982528686523438, 24.923168182373047, 25.034751892089844, 25.012224197387695, 25.017087936401367, 24.991743087768555, 24.969215393066406, 24.95078468322754, 24.987648010253906, 24.92620849609375]","[0.0, 0.0, 0.0, 0.0, 0.0, 0.0, 0.0, 0.0, 0.0, 0.0, 0.0, 0.0, 0.0, 0.0, 0.0, 0.0, 0.0, 0.0, 0.0, 0.0, 0.0, 0.0, 0.0, 0.0, 0.0, 0.0, 0.0, 0.0, 0.0, 0.0, 0.0]",24.910038337111473,24.90675163269043,24.830131931230426,24.82554562886556,24.773632049560547,25.03194351196289,40.281088478364154,15.000550746917725,15.3671875,14.483302593231201,15.3671875,2.058094024658203,2.058094024658203,0.0,0.22040557861328125,0.0,0.22040557861328125,1.0,0.22040557861328125,0.0,0,0.0,0.0,0,0.0,True,0,0,0,False,False,32,31,stagekv_async_r4,async,4,2,4096,2,False,0,32,True,True
ok,"[220, 16, 15, 15, 4, 220, 16, 15, 15, 4, 220, 16, 15, 15, 4, 220, 16, 15, 15, 4, 220, 16, 15, 15, 4, 220, 16, 15, 15, 4, 220, 16]","[220, 16, 15, 15, 4, 220, 16, 15, 15, 4, 220, 16, 15, 15, 4, 220, 16, 15, 15, 4, 220, 16, 15, 15, 4, 220, 16, 15, 15, 4, 220, 16]",4041.959617752582,3995.3193359375,4041.959617752582,3995.3193359375,1025.1996537941004,"[3725.4614499397576, 2699.0682762116194, 3692.6721767522395, 3907.5169740244746, 4179.989199154079, 4111.91730806604, 4703.978297300637, 4879.318110179156, 4219.862109981477, 4896.453981753439, 4192.672403994948, 3694.602674804628, 4207.0072260685265, 3494.6442767977715, 4394.869572948664, 3499.9685352668166, 4500.1335218548775, 4614.742869976908, 3884.8859150893986, 3596.1755868047476, 4299.8511251062155, 3718.3306398801506, 3990.713606122881, 3299.291418865323, 3593.7461559660733, 3006.1588692478836, 2999.9439250677824, 3311.9843336753547, 3381.2764189206064, 3401.167080271989, 3798.8032358698547]","[3725.476806640625, 2699.07666015625, 3675.47705078125, 3907.53369140625, 4176.05322265625, 4095.73046875, 4704.0, 4879.33837890625, 4219.87841796875, 4885.87939453125, 4192.69140625, 3694.61767578125, 4199.84912109375, 3494.655029296875, 4394.88525390625, 3499.979736328125, 4500.1484375, 4614.75732421875, 3884.89892578125, 3515.9931640625, 4207.5146484375, 3707.041748046875, 3990.728759765625, 3299.30029296875, 3593.7578125, 3006.16796875, 2999.7587890625, 3311.99365234375, 3381.28662109375, 3401.177001953125, 3798.813720703125]","[0.0, 0.0, 0.0, 0.0, 0.0, 0.0, 0.0, 0.0, 0.0, 0.0, 0.0, 0.0, 0.0, 0.0, 0.0, 0.0, 0.0, 0.0, 0.0, 0.0, 0.0, 0.0, 0.0, 0.0, 0.0, 0.0, 0.0, 0.0, 0.0, 0.0, 0.0]",3725.4614499397576,3725.476806640625,3872.391527534152,3864.4328125,3841.8563232421875,4800.436108398437,0.2587701866016075,14.780145168304443,15.02734375,14.27498483657837,15.046875,2.058094024658203,2.058094024658203,0.0,0.0,0.22040557861328125,0.22040557861328125,1.0,0.22040557861328125,0.007871627807617188,1736,6.806083679199219,0.22040557861328125,1736,0.0,False,896,1792,0,True,True,32,31,stagekv_bidirectional_r0,bidirectional,0,2,4096,2,False,1,32,True,True
ok,"[220, 16, 15, 15, 4, 220, 16, 15, 15, 4, 220, 16, 15, 15, 4, 220, 16, 15, 15, 4, 220, 16, 15, 15, 4, 220, 16, 15, 15, 4, 220, 16]","[220, 16, 15, 15, 4, 220, 16, 15, 15, 4, 220, 16, 15, 15, 4, 220, 16, 15, 15, 4, 220, 16, 15, 15, 4, 220, 16, 15, 15, 4, 220, 16]",2545.7621817477047,2482.826171875,2545.7621817477047,2482.826171875,1649.7328916533654,"[2226.7963867634535, 1894.8955084197223, 2200.352779123932, 1800.6715360097587, 2195.7077221013606, 1901.2995841912925, 2105.522562749684, 1995.582199189812, 2299.2936722002923, 3309.2632861807942, 3273.0212179012597, 2317.6528280600905, 2299.8177190311253, 2297.153210733086, 2285.376949235797, 2796.7887548729777, 2502.937779761851, 2499.836361967027, 2597.521068993956, 2619.0134496428072, 1999.193579889834, 2282.1627277880907, 2001.9880840554833, 2101.1671777814627, 2497.721079736948, 2303.6766117438674, 2209.9683857522905, 2184.6686881035566, 2299.8015889897943, 2102.2735158912838, 2202.5817963294685]","[2226.802734375, 1894.8966064453125, 2200.354736328125, 1800.6761474609375, 2195.7119140625, 1901.3016357421875, 2105.51904296875, 1995.5816650390625, 2299.29638671875, 3301.99951171875, 3273.0244140625, 2317.66015625, 2299.822998046875, 2297.160400390625, 2285.3828125, 2796.799072265625, 2502.94580078125, 2499.8427734375, 2597.529296875, 2619.022216796875, 1999.1982421875, 2282.168212890625, 2001.9945068359375, 2101.17333984375, 2497.728515625, 2303.6826171875, 2199.81640625, 2184.67626953125, 2299.808837890625, 2102.279052734375, 2202.588134765625]","[0.0, 0.0, 0.0, 0.0, 0.0, 0.0, 0.0, 0.0, 0.0, 0.0, 0.0, 0.0, 0.0, 0.0, 0.0, 0.0, 0.0, 0.0, 0.0, 0.0, 0.0, 0.0, 0.0, 0.0, 0.0, 0.0, 0.0, 0.0, 0.0, 0.0, 0.0]",2226.7963867634535,2226.802734375,2312.56371421429,2311.9880574544272,2283.7755126953125,3058.723010253905,0.4325281857645199,14.862176418304443,15.02734375,14.35701608657837,15.046875,2.058094024658203,2.058094024658203,0.0,0.05510139465332031,0.16530418395996094,0.22040557861328125,1.0,0.22040557861328125,0.007871627807617188,1736,5.104562759399414,0.16530418395996094,1736,0.0,False,896,1792,0,True,True,32,31,stagekv_bidirectional_r1,bidirectional,1,2,4096,2,False,2,32,True,True
ok,"[220, 16, 15, 15, 4, 220, 16, 15, 15, 4, 220, 16, 15, 15, 4, 220, 16, 15, 15, 4, 220, 16, 15, 15, 4, 220, 16, 15, 15, 4, 220, 16]","[220, 16, 15, 15, 4, 220, 16, 15, 15, 4, 220, 16, 15, 15, 4, 220, 16, 15, 15, 4, 220, 16, 15, 15, 4, 220, 16, 15, 15, 4, 220, 16]",3014.210897963494,3014.224853515625,3014.210897963494,3014.224853515625,1358.8899962863263,"[1691.92461296916, 1699.2589188739657, 2297.168124001473, 1701.4014930464327, 1497.8011678904295, 1906.390410847962, 1695.4070790670812, 1900.0850240699947, 2297.7064470760524, 2003.9588119834661, 1801.0193440131843, 2616.258309222758, 2580.954998265952, 2606.0831672511995, 2387.1266138739884, 2106.811823323369, 2799.3142888881266, 3396.974413190037, 3299.1361608728766, 3584.8166537471116, 3216.630103997886, 2580.960891675204, 2901.377356145531, 2701.8314227461815, 2898.362283129245, 3001.9512083381414, 3995.349496137351, 3498.5583438538015, 3096.6349518857896, 3304.0995192714036, 3101.962272077799]","[1691.926513671875, 1699.262451171875, 2297.174072265625, 1701.4046630859375, 1497.8026123046875, 1906.3939208984375, 1695.4112548828125, 1900.0882568359375, 2297.712646484375, 2003.962890625, 1801.0224609375, 2595.143798828125, 2580.967041015625, 2598.896728515625, 2375.199462890625, 2106.8173828125, 2799.300537109375, 3396.98583984375, 3299.126220703125, 3584.8232421875, 3216.6328125, 2580.96240234375, 2901.379150390625, 2701.81982421875, 2898.3662109375, 3001.929443359375, 3995.36328125, 3498.555419921875, 3018.90380859375, 3304.09375, 3101.953125]","[0.0, 0.0, 0.0, 0.0, 0.0, 0.0, 0.0, 0.0, 0.0, 0.0, 0.0, 0.0, 0.0, 0.0, 0.0, 0.0, 0.0, 0.0, 0.0, 0.0, 0.0, 0.0, 0.0, 0.0, 0.0, 0.0, 0.0, 0.0, 0.0, 0.0, 0.0]",1691.92461296916,1691.926513671875,2615.8463699587933,2611.915157063802,2597.020263671875,3546.0027221679684,0.3828608281151656,14.895556449890137,15.16015625,14.388335704803467,15.1796875,2.058094024658203,2.058094024658203,0.0,0.11020278930664062,0.11020278930664062,0.22040557861328125,1.0,0.22040557861328125,0.007871627807617188,868,3.4030418395996094,0.11020278930664062,868,0.0,False,896,1792,0,True,True,32,31,stagekv_bidirectional_r2,bidirectional,2,2,4096,2,False,3,32,True,True
ok,"[220, 16, 15, 15, 4, 220, 16, 15, 15, 4, 220, 16, 15, 15, 4, 220, 16, 15, 15, 4, 220, 16, 15, 15, 4, 220, 16, 15, 15, 4, 220, 16]","[220, 16, 15, 15, 4, 220, 16, 15, 15, 4, 220, 16, 15, 15, 4, 220, 16, 15, 15, 4, 220, 16, 15, 15, 4, 220, 16, 15, 15, 4, 220, 16]",416.0483870655298,416.04278564453125,416.0483870655298,416.04278564453125,9845.141272320103,"[24.238272104412317, 23.80555123090744, 23.702108301222324, 23.709161207079887, 23.738225921988487, 23.672251030802727, 23.691958747804165, 23.736321832984686, 23.779442068189383, 23.729678709059954, 23.694333154708147, 23.999854922294617, 23.796924855560064, 23.642766755074263, 23.746802005916834, 23.656161967664957, 23.68290163576603, 23.67100864648819, 23.698600940406322, 23.68726022541523, 23.633089382201433, 23.69138691574335, 23.697429336607456, 23.64538097754121, 23.631455842405558, 23.621056228876114, 23.78456201404333, 23.782748728990555, 23.580420296639204, 23.755798116326332, 23.66796415299177]","[24.233983993530273, 23.800832748413086, 23.69638442993164, 23.705535888671875, 23.732959747314453, 23.66851234436035, 23.688095092773438, 23.732223510742188, 23.77507209777832, 23.725055694580078, 23.69024085998535, 23.995391845703125, 23.792640686035156, 23.638751983642578, 23.74336051940918, 23.65235137939453, 23.678688049316406, 23.666688919067383, 23.6943359375, 23.68307113647461, 23.628576278686523, 23.68716812133789, 23.69331169128418, 23.641088485717773, 23.626752853393555, 23.616512298583984, 23.780351638793945, 23.777536392211914, 23.575551986694336, 23.751680374145508, 23.663616180419922]","[0.0, 0.0, 0.0, 0.0, 0.0, 0.0, 0.0, 0.0, 0.0, 0.0, 0.0, 0.0, 0.0, 0.0, 0.0, 0.0, 0.0, 0.0, 0.0, 0.0, 0.0, 0.0, 0.0, 0.0, 0.0, 0.0, 0.0, 0.0, 0.0, 0.0, 0.0]",24.238272104412317,24.233983993530273,23.711086871723335,23.706744639078774,23.691776275634766,23.797146320343018,42.182088482598985,15.000550746917725,15.3125,14.514666557312012,15.3125,2.058094024658203,2.058094024658203,0.0,0.22040557861328125,0.0,0.22040557861328125,1.0,0.22040557861328125,0.0,0,0.0,0.0,0,0.0,False,0,0,0,False,False,32,31,stagekv_bidirectional_r4,bidirectional,4,2,4096,2,False,4,32,True,True
ok,"[220, 16, 15, 15, 4, 220, 16, 15, 15, 4, 220, 16, 15, 15, 4, 220, 16, 15, 15, 4, 220, 16, 15, 15, 4, 220, 16, 15, 15, 4, 220, 16]","[220, 16, 15, 15, 4, 220, 16, 15, 15, 4, 220, 16, 15, 15, 4, 220, 16, 15, 15, 4, 220, 16, 15, 15, 4, 220, 16, 15, 15, 4, 220, 16]",410.0492321886122,410.039306640625,410.0492321886122,410.039306640625,9989.286231014676,"[21.96683781221509, 21.43502188846469, 21.090376190841198, 21.01843198761344, 21.085087209939957, 21.005628164857626, 21.046594250947237, 20.978046115487814, 21.012580953538418, 21.020276006311178, 21.045994013547897, 21.086669992655516, 21.04335790500045, 21.793683990836143, 22.12592586874962, 22.106369957327843, 22.121978923678398, 22.2647562623024, 22.251321002840996, 22.055082954466343, 22.12317008525133, 22.10358390584588, 22.172422613948584, 22.02470600605011, 22.18296192586422, 22.07881724461913, 22.185187321156263, 22.15020079165697, 22.14523172006011, 21.99325803667307, 22.081272210925817]","[21.96348762512207, 21.430208206176758, 21.086271286010742, 21.014528274536133, 21.08006477355957, 21.001951217651367, 21.04217529296875, 20.973567962646484, 21.007360458374023, 21.015552520751953, 21.04115104675293, 21.082111358642578, 21.0380802154541, 21.78950309753418, 22.121471405029297, 22.10201644897461, 22.117216110229492, 22.260704040527344, 22.247264862060547, 22.04979133605957, 22.11840057373047, 22.09894371032715, 22.167552947998047, 22.020095825195312, 22.177791595458984, 22.072416305541992, 22.180864334106445, 22.145023345947266, 22.139904022216797, 21.989376068115234, 22.077375411987305]","[0.0, 0.0, 0.0, 0.0, 0.0, 0.0, 0.0, 0.0, 0.0, 0.0, 0.0, 0.0, 0.0, 0.0, 0.0, 0.0, 0.0, 0.0, 0.0, 0.0, 0.0, 0.0, 0.0, 0.0, 0.0, 0.0, 0.0, 0.0, 0.0, 0.0, 0.0]",21.96683781221509,21.96348762512207,21.694266516715288,21.689624468485516,22.03494358062744,22.2173846244812,46.10499372421017,14.999261379241943,15.20703125,14.511165142059326,15.20703125,2.058094024658203,2.058094024658203,0.0,0.22040557861328125,0.0,0.22040557861328125,1.0,0.22040557861328125,0.0,0,0.0,0.0,0,0.0,False,0,0,0,False,False,32,31,standard,standard,,,4096,2,False,5,32,True,True
ok,"[220, 16, 15, 15, 4, 220, 16, 15, 15, 4, 220, 16, 15, 15, 4, 220, 16, 15, 15, 4, 220, 16, 15, 15, 4, 220, 16, 15, 15, 4, 220, 16]","[220, 16, 15, 15, 4, 220, 16, 15, 15, 4, 220, 16, 15, 15, 4, 220, 16, 15, 15, 4, 220, 16, 15, 15, 4, 220, 16, 15, 15, 4, 220, 16]",3280.8027174323797,3280.8203125,3280.8027174323797,3280.8203125,1248.468251794878,"[3587.2085839509964, 4100.685273297131, 7302.173858042806, 6699.821701738983, 5105.834276881069, 3471.9086149707437, 5296.596683096141, 5503.577600233257, 3998.501567635685, 3302.9787950217724, 3199.377976823598, 3016.448551323265, 3186.7554229684174, 2795.721790753305, 4000.4740729928017, 4298.314444255084, 4110.178388189524, 3291.8445081450045, 3303.3239990472794, 3302.043681964278, 3793.4936159290373, 3403.3991801552474, 4409.975085873157, 3386.952443048358, 3097.571527119726, 3099.4187891483307, 5205.788686871529, 3400.026825722307, 4609.313554130495, 3384.55334212631, 52.243408281356096]","[3587.222412109375, 4100.69384765625, 7302.20556640625, 6699.82421875, 5098.47021484375, 3471.920166015625, 5220.20654296875, 5503.6015625, 3998.520263671875, 3302.991943359375, 3199.391845703125, 3016.46044921875, 3186.768798828125, 2795.73291015625, 4000.4921875, 4298.33203125, 4102.666015625, 3291.85791015625, 3303.3349609375, 3302.05712890625, 3793.50927734375, 3403.41259765625, 4409.974609375, 3386.968017578125, 3097.58154296875, 3099.430908203125, 5205.8134765625, 3400.041259765625, 4598.26806640625, 3384.54296875, 52.24019241333008]","[0.0, 0.0, 0.0, 0.0, 0.0, 0.0, 0.0, 0.0, 0.0, 0.0, 0.0, 0.0, 0.0, 0.0, 0.0, 0.0, 0.0, 0.0, 0.0, 0.0, 0.0, 0.0, 0.0, 0.0, 0.0, 0.0, 0.0, 0.0, 0.0, 0.0, 0.0]",3587.2085839509964,3587.222412109375,3904.3099221928665,3900.910382715861,3437.6663818359375,6161.524023437496,0.25635041615690435,14.780145168304443,15.03515625,14.26521921157837,15.03515625,2.058094024658203,2.058094024658203,0.0,0.0,0.22040557861328125,0.22040557861328125,1.0,0.22040557861328125,0.0,1736,6.8077392578125,0.22040557861328125,0,0.0,False,0,0,0,False,False,32,31,stagekv_sync_r0,sync,0,2,4096,2,False,6,32,True,True
ok,"[220, 16, 15, 15, 4, 220, 16, 15, 15, 4, 220, 16, 15, 15, 4, 220, 16, 15, 15, 4, 220, 16, 15, 15, 4, 220, 16, 15, 15, 4, 220, 16]","[220, 16, 15, 15, 4, 220, 16, 15, 15, 4, 220, 16, 15, 15, 4, 220, 16, 15, 15, 4, 220, 16, 15, 15, 4, 220, 16, 15, 15, 4, 220, 16]",3896.136852912605,3829.034912109375,3896.136852912605,3829.034912109375,1069.7212467419256,"[3201.8555281683803, 2316.5107858367264, 2784.8987029865384, 1998.0086288414896, 1898.1867688708007, 2216.7805801145732, 1983.0650077201426, 2403.0214939266443, 1895.0460823252797, 1820.8584948442876, 1783.5974427871406, 1713.657925836742, 2403.236189391464, 2077.88726920262, 1803.191461134702, 2196.706360206008, 2119.7439078241587, 2682.106558699161, 2602.708655875176, 2298.0898190289736, 1799.4863148778677, 2399.8737880028784, 2299.4164056144655, 1805.1125123165548, 2396.529915742576, 2297.3287370987236, 2219.198700040579, 1983.5016536526382, 2098.172227386385, 1818.3362209238112, 155.2530420012772]","[3201.86767578125, 2316.51611328125, 2784.91015625, 1998.013671875, 1898.1917724609375, 2205.94677734375, 1983.071044921875, 2403.028076171875, 1802.039306640625, 1820.864501953125, 1783.6011962890625, 1703.194580078125, 2403.2451171875, 1986.03466796875, 1803.198486328125, 2120.80126953125, 2119.753662109375, 2682.1162109375, 2602.715087890625, 2298.0966796875, 1799.4906005859375, 2399.88232421875, 2299.423828125, 1805.1175537109375, 2396.533935546875, 2297.3369140625, 2219.20654296875, 1983.5074462890625, 2098.1787109375, 1818.3414306640625, 155.24864196777344]","[0.0, 0.0, 0.0, 0.0, 0.0, 0.0, 0.0, 0.0, 0.0, 0.0, 0.0, 0.0, 0.0, 0.0, 0.0, 0.0, 0.0, 0.0, 0.0, 0.0, 0.0, 0.0, 0.0, 0.0, 0.0, 0.0, 0.0, 0.0, 0.0, 0.0, 0.0]",3201.8555281683803,3201.86767578125,2075.6503884370127,2066.2535435994464,2108.9661865234375,2646.3857055664057,0.4839677120446623,14.862176418304443,15.03515625,14.34725046157837,15.03515625,2.058094024658203,2.058094024658203,0.0,0.05510139465332031,0.16530418395996094,0.22040557861328125,1.0,0.22040557861328125,0.0,1736,5.105804443359375,0.16530418395996094,0,0.0,False,0,0,0,False,False,32,31,stagekv_sync_r1,sync,1,2,4096,2,False,7,32,True,True
ok,"[220, 16, 15, 15, 4, 220, 16, 15, 15, 4, 220, 16, 15, 15, 4, 220, 16, 15, 15, 4, 220, 16, 15, 15, 4, 220, 16, 15, 15, 4, 220, 16]","[220, 16, 15, 15, 4, 220, 16, 15, 15, 4, 220, 16, 15, 15, 4, 220, 16, 15, 15, 4, 220, 16, 15, 15, 4, 220, 16, 15, 15, 4, 220, 16]",3050.696921069175,3050.699462890625,3050.696921069175,3050.699462890625,1342.6429085606887,"[2286.356103140861, 2002.2928821854293, 2379.216088913381, 1917.327331379056, 2381.889265961945, 1997.0636400394142, 1618.2692479342222, 1783.728123176843, 2099.826351739466, 2321.0477270185947, 2576.5241072513163, 3002.9179211705923, 3517.7067830227315, 1800.4947360605001, 1981.512871105224, 2518.322882708162, 1985.82101194188, 2294.735617004335, 1800.6855081766844, 1703.9810130372643, 1795.711090322584, 1800.0401891767979, 2903.2518807798624, 1896.2708869948983, 2599.886478856206, 2699.7469342313707, 1904.3402709066868, 1595.1107554137707, 1599.5768797583878, 1600.7824400439858, 59.80783607810736]","[2286.36474609375, 2002.298828125, 2379.224853515625, 1917.33251953125, 2381.896728515625, 1922.3890380859375, 1603.17138671875, 1783.7342529296875, 2099.832763671875, 2321.0556640625, 2500.838623046875, 3002.930908203125, 3517.720458984375, 1800.4991455078125, 1981.4962158203125, 2518.32958984375, 1985.82763671875, 2294.742919921875, 1800.68994140625, 1703.985107421875, 1795.7158203125, 1800.0445556640625, 2903.26318359375, 1896.2767333984375, 2599.883544921875, 2699.756591796875, 1904.3458251953125, 1595.115234375, 1599.5811767578125, 1600.786376953125, 59.80364990234375]","[0.0, 0.0, 0.0, 0.0, 0.0, 0.0, 0.0, 0.0, 0.0, 0.0, 0.0, 0.0, 0.0, 0.0, 0.0, 0.0, 0.0, 0.0, 0.0, 0.0, 0.0, 0.0, 0.0, 0.0, 0.0, 0.0, 0.0, 0.0, 0.0, 0.0, 0.0]",2286.356103140861,2286.36474609375,2071.26295841299,2065.7523091634116,1951.942626953125,2958.080432128906,0.4840851420395991,14.895556449890137,15.19140625,14.380156993865967,15.19140625,2.058094024658203,2.058094024658203,0.0,0.11020278930664062,0.11020278930664062,0.22040557861328125,1.0,0.22040557861328125,0.0,868,3.40386962890625,0.11020278930664062,0,0.0,False,0,0,0,False,False,32,31,stagekv_sync_r2,sync,2,2,4096,2,False,8,32,True,True
ok,"[220, 16, 15, 15, 4, 220, 16, 15, 15, 4, 220, 16, 15, 15, 4, 220, 16, 15, 15, 4, 220, 16, 15, 15, 4, 220, 16, 15, 15, 4, 220, 16]","[220, 16, 15, 15, 4, 220, 16, 15, 15, 4, 220, 16, 15, 15, 4, 220, 16, 15, 15, 4, 220, 16, 15, 15, 4, 220, 16, 15, 15, 4, 220, 16]",424.0798051469028,424.0290832519531,424.0798051469028,424.0290832519531,9659.71477377698,"[26.934121269732714, 24.615610018372536, 24.46965593844652, 24.557781405746937, 25.26737004518509, 24.583299178630114, 24.57350119948387, 24.547632317990065, 24.667336139827967, 24.665152188390493, 24.526552762836218, 24.600160773843527, 24.96258867904544, 24.593377951532602, 24.68819497153163, 24.51666397973895, 24.47669906541705, 24.6026748791337, 24.90179566666484, 24.9693407677114, 24.928074795752764, 24.852293077856302, 24.975663051009178, 24.945016019046307, 24.911493994295597, 24.903429206460714, 24.92899587377906, 24.965976364910603, 24.890944827347994, 24.888961110264063, 24.834468960762024]","[26.93017578125, 24.610815048217773, 24.465152740478516, 24.5534725189209, 25.2620792388916, 24.57923126220703, 24.568832397460938, 24.54297637939453, 24.663103103637695, 24.660991668701172, 24.52262306213379, 24.59552001953125, 24.95795249938965, 24.58915138244629, 24.684255599975586, 24.51251220703125, 24.472576141357422, 24.5982723236084, 24.89740753173828, 24.965120315551758, 24.89753532409668, 24.847583770751953, 24.971263885498047, 24.94051170349121, 24.895488739013672, 24.898527145385742, 24.923967361450195, 24.961023330688477, 24.87500762939453, 24.884096145629883, 24.829792022705078]","[0.0, 0.0, 0.0, 0.0, 0.0, 0.0, 0.0, 0.0, 0.0, 0.0, 0.0, 0.0, 0.0, 0.0, 0.0, 0.0, 0.0, 0.0, 0.0, 0.0, 0.0, 0.0, 0.0, 0.0, 0.0, 0.0, 0.0, 0.0, 0.0, 0.0, 0.0]",26.934121269732714,26.93017578125,24.76035684036712,24.75422808329264,24.757023811340332,24.968499279022218,40.39713929415272,15.000550746917725,15.3671875,14.483302593231201,15.3671875,2.058094024658203,2.058094024658203,0.0,0.22040557861328125,0.0,0.22040557861328125,1.0,0.22040557861328125,0.0,0,0.0,0.0,0,0.0,False,0,0,0,False,False,32,31,stagekv_sync_r4,sync,4,2,4096,2,False,9,32,True,True
ok,"[220, 16, 15, 15, 4, 220, 16, 15, 15, 4, 220, 16, 15, 15, 4, 220, 16, 15, 15, 4, 220, 16, 15, 15, 4, 220, 16, 15, 15, 4, 220, 16]","[220, 16, 15, 15, 4, 220, 16, 15, 15, 4, 220, 16, 15, 15, 4, 220, 16, 15, 15, 4, 220, 16, 15, 15, 4, 220, 16, 15, 15, 4, 220, 16]",3476.3142308220267,3476.324462890625,3476.3142308220267,3476.324462890625,1178.2559550250105,"[3290.9051747992635, 2996.29933713004, 3307.1155538782477, 3494.6438390761614, 4393.686837051064, 4581.658264622092, 3817.843487020582, 4500.419389922172, 4176.695998292416, 4017.545730806887, 3799.1017340682447, 5420.98073521629, 5119.664479978383, 3879.27876599133, 3698.354534804821, 3312.4702610075474, 3381.7264051176608, 3401.289834175259, 3196.289191953838, 3498.241525143385, 3483.2426155917346, 3387.013582047075, 3182.0369539782405, 2696.155729237944, 3799.266875255853, 3684.2422182671726, 3080.6365590542555, 2695.364107377827, 2698.7512321211398, 2398.6105169169605, 52.53754137083888]","[3290.91796875, 2996.306884765625, 3301.885986328125, 3494.657958984375, 4393.70458984375, 4581.67822265625, 3817.85986328125, 4500.439453125, 4176.7138671875, 4017.562744140625, 3799.11865234375, 5421.005859375, 5119.6884765625, 3879.294921875, 3698.36962890625, 3312.47509765625, 3381.739501953125, 3401.302978515625, 3196.30224609375, 3487.150146484375, 3483.2568359375, 3387.0263671875, 3182.050048828125, 2696.165283203125, 3799.28271484375, 3684.258544921875, 3080.649658203125, 2695.37255859375, 2698.76123046875, 2398.61865234375, 52.534271240234375]","[2967.9208773374557, 2655.021391391754, 2982.7775588035583, 3072.4591150283813, 3948.2356041669846, 4114.605752468109, 3554.4155201911926, 4144.643135547638, 3767.9447388648987, 3759.1366443634033, 3703.6942497491837, 5246.806318998337, 5009.5401866436005, 3394.3594266176224, 3351.3236387968063, 3261.569902896881, 3327.314952969551, 3063.268010854721, 3071.4040323495865, 3177.3040022850037, 3348.985547065735, 3252.1905969381332, 3017.0031875371933, 2184.0505669116974, 3297.5688688755035, 3458.3352217674255, 2850.4011546373367, 2344.5120648145676, 2090.3696054816246, 2131.6063096523285, 29.73052790760994]",3290.9051747992635,3290.91796875,3505.038794549182,3504.5077748616536,3485.2034912109375,4877.583862304686,0.2853467774199693,14.780145168304443,15.0078125,14.27266263961792,15.02734375,2.058094024658203,2.058094024658203,0.0,0.0,0.22040557861328125,0.22040557861328125,1.0,0.22040557861328125,0.007871627807617188,1736,6.8077392578125,0.22040557861328125,1736,99578.49871191382,True,0,0,0,True,False,32,31,stagekv_async_r0,async,0,2,4096,2,False,10,32,True,True
ok,"[220, 16, 15, 15, 4, 220, 16, 15, 15, 4, 220, 16, 15, 15, 4, 220, 16, 15, 15, 4, 220, 16, 15, 15, 4, 220, 16, 15, 15, 4, 220, 16]","[220, 16, 15, 15, 4, 220, 16, 15, 15, 4, 220, 16, 15, 15, 4, 220, 16, 15, 15, 4, 220, 16, 15, 15, 4, 220, 16, 15, 15, 4, 220, 16]",3814.8847790434957,3814.90283203125,3814.8847790434957,3814.90283203125,1073.6839653184768,"[2285.8045659959316, 1702.069717925042, 1895.1757848262787, 1799.5030381716788, 1798.8740117289126, 1996.7063297517598, 3401.6451160423458, 2796.8909521587193, 2478.7541213445365, 2319.8900730349123, 2575.7602863013744, 3022.811644244939, 2720.6357470713556, 2598.223454784602, 2898.7327944487333, 2520.87686304003, 2701.1445541866124, 3197.435833979398, 2597.3272467963398, 2595.901869237423, 1898.718281649053, 2381.401475984603, 2314.111819025129, 2080.651495140046, 2699.7054354287684, 1783.614490646869, 2584.511652123183, 1789.007100276649, 1501.5239561907947, 1584.771381225437, 107.99602419137955]","[2285.8125, 1702.0743408203125, 1895.1810302734375, 1799.5086669921875, 1798.877197265625, 1981.490234375, 3401.658447265625, 2796.875732421875, 2405.46826171875, 2319.896484375, 2501.024658203125, 3022.82373046875, 2720.64794921875, 2598.232177734375, 2898.744140625, 2520.88623046875, 2701.154296875, 3197.44921875, 2597.336181640625, 2595.91162109375, 1898.7230224609375, 2381.408203125, 2303.755126953125, 2080.658203125, 2699.714599609375, 1783.6192626953125, 2584.520751953125, 1789.0128173828125, 1501.528076171875, 1584.77587890625, 107.99209594726562]","[2057.1088057756424, 1477.7812803983688, 1814.7087404727936, 1450.6333461999893, 1543.0041576623917, 1721.688076376915, 3191.86666983366, 2569.7536811828613, 2118.4141357839108, 2236.6437374949455, 2295.8390597105026, 2808.2108464837074, 2653.282766163349, 2281.598559051752, 2656.277582347393, 2332.5871037840843, 2494.066379070282, 3059.0039727687836, 2370.7638316452503, 2208.539621949196, 1622.8292824029922, 2057.4064342975616, 2266.8462530970573, 1852.914486169815, 2392.102683544159, 1637.8861718773842, 2429.4212187826633, 1549.9667652249336, 1365.8431391119957, 1356.6791363358498, 55.83875226974487]",2285.8045659959316,2285.8125,2278.1457516985633,2272.3649546305337,2393.438232421875,3118.8677490234368,0.4400701559677904,14.862176418304443,15.0078125,14.35469388961792,15.02734375,2.058094024658203,2.058094024658203,0.0,0.05510139465332031,0.16530418395996094,0.22040557861328125,1.0,0.22040557861328125,0.007871627807617188,1736,5.105804443359375,0.16530418395996094,1736,63929.506677269936,True,0,0,0,True,False,32,31,stagekv_async_r1,async,1,2,4096,2,False,11,32,True,True
ok,"[220, 16, 15, 15, 4, 220, 16, 15, 15, 4, 220, 16, 15, 15, 4, 220, 16, 15, 15, 4, 220, 16, 15, 15, 4, 220, 16, 15, 15, 4, 220, 16]","[220, 16, 15, 15, 4, 220, 16, 15, 15, 4, 220, 16, 15, 15, 4, 220, 16, 15, 15, 4, 220, 16, 15, 15, 4, 220, 16, 15, 15, 4, 220, 16]",3170.6901830621064,3170.703369140625,3170.6901830621064,3170.703369140625,1291.8269302215313,"[1888.9883481897414, 1499.5543300174177, 2300.119280349463, 1601.633371785283, 1899.5582121424377, 2095.466868020594, 1802.3865590803325, 1498.7798491492867, 1576.9069138914347, 1519.5197202265263, 1701.3579159975052, 1600.8405182510614, 1794.3673147819936, 2298.84335026145, 1604.7913692891598, 1821.2180798873305, 2098.6037151888013, 2473.434372805059, 1716.6377641260624, 1798.7892548553646, 2473.429247736931, 1713.585076853633, 2281.504654325545, 2495.544738136232, 2394.324040040374, 2605.4371227510273, 2107.20982728526, 2393.2093642652035, 1900.1616979949176, 2302.307023201138, 105.66199338063598]","[1888.9871826171875, 1499.556884765625, 2300.114990234375, 1601.6373291015625, 1899.5631103515625, 2095.472412109375, 1802.3916015625, 1498.78271484375, 1576.910888671875, 1519.5218505859375, 1701.3626708984375, 1600.844482421875, 1794.3714599609375, 2298.851318359375, 1604.79541015625, 1821.2247314453125, 2098.609130859375, 2473.4453125, 1716.642578125, 1798.7939453125, 2473.43896484375, 1713.5841064453125, 2281.510986328125, 2419.24072265625, 2394.332275390625, 2605.44677734375, 2107.2158203125, 2393.218017578125, 1900.1680908203125, 2302.316650390625, 105.65837097167969]","[1843.7536256313324, 1309.2067427635193, 2087.252589941025, 1408.2701559066772, 1649.2235673666, 1923.0103013515472, 1571.023845911026, 1414.5244121551514, 1416.8533272743225, 1363.642428636551, 1563.5492541790009, 1520.9332494735718, 1623.5728642940521, 2167.14892578125, 1334.5242593288422, 1521.4924485683441, 1827.302409172058, 2236.191644191742, 1419.8570845127106, 1556.9043545722961, 2158.2431507110596, 1460.647572517395, 1719.9043333530426, 2100.678772687912, 2190.0274324417114, 2297.338401079178, 2068.6340498924255, 2120.119893312454, 1731.3063292503357, 2261.1763944625854, 34.54972815513611]",1888.9883481897414,1888.9871826171875,1915.8394515359153,1913.3007868448892,1860.3939208984375,2473.4424560546877,0.522656974206884,14.895556449890137,15.19140625,14.38617992401123,15.2109375,2.058094024658203,2.058094024658203,0.0,0.11020278930664062,0.11020278930664062,0.22040557861328125,1.0,0.22040557861328125,0.007871627807617188,868,3.40386962890625,0.11020278930664062,868,52900.863548874855,True,0,0,0,True,False,32,31,stagekv_async_r2,async,2,2,4096,2,False,12,32,True,True
ok,"[220, 16, 15, 15, 4, 220, 16, 15, 15, 4, 220, 16, 15, 15, 4, 220, 16, 15, 15, 4, 220, 16, 15, 15, 4, 220, 16, 15, 15, 4, 220, 16]","[220, 16, 15, 15, 4, 220, 16, 15, 15, 4, 220, 16, 15, 15, 4, 220, 16, 15, 15, 4, 220, 16, 15, 15, 4, 220, 16, 15, 15, 4, 220, 16]",3773.8774409517646,3773.890625,3773.8774409517646,3773.890625,1085.3520695237426,"[1894.847669173032, 2493.8802630640566, 2798.7880930304527, 1904.400359839201, 1897.8126919828355, 2296.330892946571, 2184.0993990190327, 2418.7718420289457, 2204.138106200844, 1903.7743867374957, 2300.0946631655097, 2021.5175468474627, 2081.4607981592417, 2018.4515346772969, 2600.0551218166947, 2781.304383650422, 2700.250326655805, 2100.884725805372, 2013.2918851450086, 1884.872892871499, 1898.4076902270317, 2101.559011731297, 1899.7091087512672, 2017.3237267881632, 1700.7370949722826, 1781.5056671388447, 1800.0890710391104, 2205.226361285895, 2495.237954892218, 2497.8128080256283, 2619.5085900835693]","[1894.8515625, 2493.887451171875, 2798.795654296875, 1904.405517578125, 1897.8160400390625, 2296.337158203125, 2184.105712890625, 2418.778076171875, 2204.1435546875, 1896.54736328125, 2230.06005859375, 2021.524169921875, 2081.46630859375, 2018.4564208984375, 2600.061767578125, 2781.31298828125, 2700.259033203125, 2100.890625, 2001.33837890625, 1884.8785400390625, 1898.4119873046875, 2101.562255859375, 1899.7132568359375, 2017.3289794921875, 1700.740234375, 1781.5101318359375, 1800.091796875, 2205.223876953125, 2495.2412109375, 2497.819580078125, 2619.517822265625]","[0.0, 0.0, 0.0, 0.0, 0.0, 0.0, 0.0, 0.0, 0.0, 0.0, 0.0, 0.0, 0.0, 0.0, 0.0, 0.0, 0.0, 0.0, 0.0, 0.0, 0.0, 0.0, 0.0, 0.0, 0.0, 0.0, 0.0, 0.0, 0.0, 0.0, 0.0]",1894.847669173032,1894.8515625,2187.3765666193017,2184.4075317382812,2101.2264404296875,2744.8387084960937,0.4577900348128868,14.862176418304443,15.02734375,14.35701608657837,15.046875,2.058094024658203,2.058094024658203,0.0,0.05510139465332031,0.16530418395996094,0.22040557861328125,1.0,0.22040557861328125,0.007871627807617188,1736,5.104562759399414,0.16530418395996094,1736,0.0,False,896,1792,0,True,True,32,31,stagekv_bidirectional_r1,bidirectional,1,2,4096,3,False,0,32,True,True
ok,"[220, 16, 15, 15, 4, 220, 16, 15, 15, 4, 220, 16, 15, 15, 4, 220, 16, 15, 15, 4, 220, 16, 15, 15, 4, 220, 16, 15, 15, 4, 220, 16]","[220, 16, 15, 15, 4, 220, 16, 15, 15, 4, 220, 16, 15, 15, 4, 220, 16, 15, 15, 4, 220, 16, 15, 15, 4, 220, 16, 15, 15, 4, 220, 16]",3485.394059214741,3485.403076171875,3485.394059214741,3485.403076171875,1175.1868895745517,"[2381.9225588813424, 1996.4083610102534, 1407.602947205305, 1800.517635885626, 1598.1263490393758, 3199.3143907748163, 2300.922323949635, 1694.346349220723, 1800.2719357609749, 1801.5184421092272, 1680.7866250164807, 1919.1468856297433, 1777.9822740703821, 2519.727593753487, 2401.8217800185084, 1999.8127678409219, 2101.363953668624, 3076.414770912379, 2903.105705976486, 3916.446863207966, 1999.8835218138993, 2386.233097873628, 2311.9033742696047, 1984.8223961889744, 1899.925631005317, 2002.9488042928278, 2096.7676993459463, 2000.0101500190794, 2706.754771992564, 1891.732620075345, 2319.287265650928]","[2381.930419921875, 1979.977783203125, 1407.6068115234375, 1800.5224609375, 1598.128173828125, 3199.326416015625, 2300.929931640625, 1694.350341796875, 1800.2769775390625, 1801.524169921875, 1680.7913818359375, 1919.15185546875, 1777.8944091796875, 2519.736083984375, 2401.82861328125, 1999.8177490234375, 2101.369873046875, 3000.530029296875, 2903.11669921875, 3916.453125, 1999.8873291015625, 2386.239501953125, 2300.90966796875, 1984.827392578125, 1899.928466796875, 2002.953369140625, 2096.772216796875, 2000.0142822265625, 2706.763671875, 1891.73583984375, 2319.29345703125]","[0.0, 0.0, 0.0, 0.0, 0.0, 0.0, 0.0, 0.0, 0.0, 0.0, 0.0, 0.0, 0.0, 0.0, 0.0, 0.0, 0.0, 0.0, 0.0, 0.0, 0.0, 0.0, 0.0, 0.0, 0.0, 0.0, 0.0, 0.0, 0.0, 0.0, 0.0]",2381.9225588813424,2381.930419921875,2183.1969095859677,2179.7552693684897,1999.9508056640625,3109.8680419921866,0.4587670983310508,14.895556449890137,15.16015625,14.388335704803467,15.1796875,2.058094024658203,2.058094024658203,0.0,0.11020278930664062,0.11020278930664062,0.22040557861328125,1.0,0.22040557861328125,0.007871627807617188,868,3.4030418395996094,0.11020278930664062,868,0.0,False,896,1792,0,True,True,32,31,stagekv_bidirectional_r2,bidirectional,2,2,4096,3,False,1,32,True,True
ok,"[220, 16, 15, 15, 4, 220, 16, 15, 15, 4, 220, 16, 15, 15, 4, 220, 16, 15, 15, 4, 220, 16, 15, 15, 4, 220, 16, 15, 15, 4, 220, 16]","[220, 16, 15, 15, 4, 220, 16, 15, 15, 4, 220, 16, 15, 15, 4, 220, 16, 15, 15, 4, 220, 16, 15, 15, 4, 220, 16, 15, 15, 4, 220, 16]",418.3940486982465,418.3900146484375,418.3940486982465,418.3900146484375,9789.908593879241,"[23.537231143563986, 23.240564856678247, 23.183779325336218, 23.260843008756638, 23.2691690325737, 23.07417383417487, 23.181144148111343, 23.357864003628492, 23.528675083070993, 23.12815422192216, 23.202354088425636, 23.41055404394865, 23.33272760733962, 23.18111388012767, 23.486896883696318, 23.509318009018898, 23.62685790285468, 23.521922063082457, 23.517342749983072, 23.466487880796194, 23.589168209582567, 23.448002990335226, 23.457751609385014, 23.475944995880127, 23.471947759389877, 23.652235977351665, 23.65748630836606, 23.518335074186325, 23.627670016139746, 23.499820847064257, 23.494670633226633]","[23.533567428588867, 23.235584259033203, 23.179359436035156, 23.25699234008789, 23.265247344970703, 23.070655822753906, 23.176191329956055, 23.353343963623047, 23.524351119995117, 23.123199462890625, 23.197696685791016, 23.406431198120117, 23.327743530273438, 23.177215576171875, 23.48236846923828, 23.50489616394043, 23.621631622314453, 23.517183303833008, 23.51308822631836, 23.4616641998291, 23.583744049072266, 23.443456649780273, 23.45369529724121, 23.47007942199707, 23.468032836914062, 23.648096084594727, 23.65328025817871, 23.51308822631836, 23.622655868530273, 23.49465560913086, 23.49056053161621]","[0.0, 0.0, 0.0, 0.0, 0.0, 0.0, 0.0, 0.0, 0.0, 0.0, 0.0, 0.0, 0.0, 0.0, 0.0, 0.0, 0.0, 0.0, 0.0, 0.0, 0.0, 0.0, 0.0, 0.0, 0.0, 0.0, 0.0, 0.0, 0.0, 0.0, 0.0]",23.537231143563986,23.533567428588867,23.41243256814778,23.40787296295166,23.464848518371582,23.636647987365723,42.720669305695985,15.000550746917725,15.3125,14.514666557312012,15.3125,2.058094024658203,2.058094024658203,0.0,0.22040557861328125,0.0,0.22040557861328125,1.0,0.22040557861328125,0.0,0,0.0,0.0,0,0.0,False,0,0,0,False,False,32,31,stagekv_bidirectional_r4,bidirectional,4,2,4096,3,False,2,32,True,True
ok,"[220, 16, 15, 15, 4, 220, 16, 15, 15, 4, 220, 16, 15, 15, 4, 220, 16, 15, 15, 4, 220, 16, 15, 15, 4, 220, 16, 15, 15, 4, 220, 16]","[220, 16, 15, 15, 4, 220, 16, 15, 15, 4, 220, 16, 15, 15, 4, 220, 16, 15, 15, 4, 220, 16, 15, 15, 4, 220, 16, 15, 15, 4, 220, 16]",409.40626710653305,409.4023742675781,409.40626710653305,409.4023742675781,10004.827176021521,"[22.77538413181901, 22.07158599048853, 22.03937480226159, 21.902347914874554, 21.859087981283665, 21.74950297921896, 21.84509113430977, 21.829983219504356, 21.919110789895058, 21.804966032505035, 21.926735062152147, 21.84302732348442, 21.80874301120639, 21.735806949436665, 21.816618274897337, 21.73402300104499, 21.84933889657259, 21.84088295325637, 21.84751583263278, 21.839700639247894, 21.770240738987923, 21.691252943128347, 21.90240891650319, 21.788936108350754, 21.802591159939766, 21.875477861613035, 22.174178157001734, 21.809575147926807, 21.767535712569952, 21.742128767073154, 21.79663022980094]","[22.770431518554688, 22.06617546081543, 22.03536033630371, 21.898048400878906, 21.85420799255371, 21.744640350341797, 21.840896606445312, 21.82534408569336, 21.914623260498047, 21.799936294555664, 21.921791076660156, 21.838815689086914, 21.803104400634766, 21.731327056884766, 21.812223434448242, 21.729248046875, 21.84499168395996, 21.83577537536621, 21.839008331298828, 21.83475112915039, 21.773311614990234, 21.68627166748047, 21.897216796875, 21.783552169799805, 21.797887802124023, 21.87059211730957, 22.169599533081055, 21.804960250854492, 21.76304054260254, 21.738496780395508, 21.791744232177734]","[0.0, 0.0, 0.0, 0.0, 0.0, 0.0, 0.0, 0.0, 0.0, 0.0, 0.0, 0.0, 0.0, 0.0, 0.0, 0.0, 0.0, 0.0, 0.0, 0.0, 0.0, 0.0, 0.0, 0.0, 0.0, 0.0, 0.0, 0.0, 0.0, 0.0, 0.0]",22.77538413181901,22.770431518554688,21.846146617705624,21.841564750671388,21.830047607421875,22.052308654785158,45.78426552379957,14.999261379241943,15.20703125,14.511165142059326,15.20703125,2.058094024658203,2.058094024658203,0.0,0.22040557861328125,0.0,0.22040557861328125,1.0,0.22040557861328125,0.0,0,0.0,0.0,0,0.0,False,0,0,0,False,False,32,31,standard,standard,,,4096,3,False,3,32,True,True
ok,"[220, 16, 15, 15, 4, 220, 16, 15, 15, 4, 220, 16, 15, 15, 4, 220, 16, 15, 15, 4, 220, 16, 15, 15, 4, 220, 16, 15, 15, 4, 220, 16]","[220, 16, 15, 15, 4, 220, 16, 15, 15, 4, 220, 16, 15, 15, 4, 220, 16, 15, 15, 4, 220, 16, 15, 15, 4, 220, 16, 15, 15, 4, 220, 16]",3677.388812415302,3617.02197265625,3677.388812415302,3617.02197265625,1132.4233114879312,"[3020.4671663232148, 2706.727365963161, 3005.2719810046256, 3291.837702039629, 4495.716730132699, 3805.9987341985106, 4303.767760284245, 3988.688980229199, 3577.8365931473672, 3898.0809887871146, 3718.2196150533855, 4783.220191951841, 4815.7879346981645, 3385.584447067231, 3496.5697899460793, 3218.7832817435265, 3198.9232995547354, 3081.056507304311, 3199.9913989566267, 5212.025308050215, 3290.2012658305466, 3197.370040230453, 3817.4976650625467, 3801.323762629181, 5187.208123039454, 3696.9906189478934, 5098.125260788947, 2998.7409128807485, 2415.1350599713624, 2785.3142926469445, 105.10798683390021]","[3020.4794921875, 2706.738037109375, 2998.0283203125, 3291.851806640625, 4495.73681640625, 3806.0146484375, 4296.29638671875, 3988.7080078125, 3577.851806640625, 3898.098388671875, 3718.235107421875, 4783.2421875, 4815.810546875, 3385.598876953125, 3496.584228515625, 3218.79443359375, 3198.93603515625, 3081.0693359375, 3200.0048828125, 5204.6826171875, 3290.2158203125, 3197.383544921875, 3817.513916015625, 3801.3408203125, 5187.2265625, 3697.003662109375, 5098.14990234375, 2998.752197265625, 2404.166748046875, 2785.328125, 105.10419464111328]","[0.0, 0.0, 0.0, 0.0, 0.0, 0.0, 0.0, 0.0, 0.0, 0.0, 0.0, 0.0, 0.0, 0.0, 0.0, 0.0, 0.0, 0.0, 0.0, 0.0, 0.0, 0.0, 0.0, 0.0, 0.0, 0.0, 0.0, 0.0, 0.0, 0.0, 0.0]",3020.4671663232148,3020.4794921875,3585.903453299155,3584.8155988057456,3537.218017578125,5147.142065429687,0.2789543764351903,14.780145168304443,15.03515625,14.26521921157837,15.03515625,2.058094024658203,2.058094024658203,0.0,0.0,0.22040557861328125,0.22040557861328125,1.0,0.22040557861328125,0.0,1736,6.8077392578125,0.22040557861328125,0,0.0,False,0,0,0,False,False,32,31,stagekv_sync_r0,sync,0,2,4096,3,False,4,32,True,True
ok,"[220, 16, 15, 15, 4, 220, 16, 15, 15, 4, 220, 16, 15, 15, 4, 220, 16, 15, 15, 4, 220, 16, 15, 15, 4, 220, 16, 15, 15, 4, 220, 16]","[220, 16, 15, 15, 4, 220, 16, 15, 15, 4, 220, 16, 15, 15, 4, 220, 16, 15, 15, 4, 220, 16, 15, 15, 4, 220, 16, 15, 15, 4, 220, 16]",3390.832365024835,3390.8427734375,3390.832365024835,3390.8427734375,1207.959281417121,"[1893.347084056586, 1795.2758860774338, 1398.868340998888, 1805.6859448552132, 2396.6014231555164, 2097.526954021305, 1808.86589596048, 1889.3644879572093, 1909.9496682174504, 1863.9259939081967, 2218.1485099717975, 2702.529648784548, 2296.3345423340797, 2200.7655720226467, 3003.549253102392, 1596.6205736622214, 2299.7373859398067, 2180.8605431579053, 2519.2577871493995, 2599.7486412525177, 2796.4396770112216, 3285.713674966246, 2298.6307963728905, 1702.0976953208447, 1798.0710538104177, 2099.9343059957027, 2201.3741838745773, 1599.6480039320886, 1701.958683785051, 1696.4988498948514, 80.78345190733671]","[1893.352294921875, 1795.273681640625, 1398.87109375, 1805.6878662109375, 2396.609619140625, 2097.53369140625, 1801.3570556640625, 1889.3721923828125, 1902.49755859375, 1863.93310546875, 2218.15478515625, 2702.538818359375, 2296.342529296875, 2200.772705078125, 3003.5517578125, 1596.623779296875, 2299.744140625, 2180.86767578125, 2519.266357421875, 2599.7587890625, 2796.444580078125, 3285.729248046875, 2298.63818359375, 1702.102294921875, 1798.0760498046875, 2099.940673828125, 2201.380859375, 1599.6519775390625, 1701.9627685546875, 1696.50341796875, 80.77926635742188]","[0.0, 0.0, 0.0, 0.0, 0.0, 0.0, 0.0, 0.0, 0.0, 0.0, 0.0, 0.0, 0.0, 0.0, 0.0, 0.0, 0.0, 0.0, 0.0, 0.0, 0.0, 0.0, 0.0, 0.0, 0.0, 0.0, 0.0, 0.0, 0.0, 0.0, 0.0]",1893.347084056586,1893.352294921875,2061.4922476466745,2060.9988840738934,2098.7371826171875,2910.3535278320305,0.4852016212756701,14.862176418304443,15.03515625,14.34725046157837,15.03515625,2.058094024658203,2.058094024658203,0.0,0.05510139465332031,0.16530418395996094,0.22040557861328125,1.0,0.22040557861328125,0.0,1736,5.105804443359375,0.16530418395996094,0,0.0,False,0,0,0,False,False,32,31,stagekv_sync_r1,sync,1,2,4096,3,False,5,32,True,True
ok,"[220, 16, 15, 15, 4, 220, 16, 15, 15, 4, 220, 16, 15, 15, 4, 220, 16, 15, 15, 4, 220, 16, 15, 15, 4, 220, 16, 15, 15, 4, 220, 16]","[220, 16, 15, 15, 4, 220, 16, 15, 15, 4, 220, 16, 15, 15, 4, 220, 16, 15, 15, 4, 220, 16, 15, 15, 4, 220, 16, 15, 15, 4, 220, 16]",3490.36089098081,3490.377685546875,3490.36089098081,3490.377685546875,1173.511971773403,"[2891.6390016674995, 1800.927042029798, 2193.865765351802, 2199.8006789945066, 1406.183023005724, 1995.368495117873, 1402.8250849805772, 1994.65302657336, 2604.1580229066312, 2396.5578391216695, 2079.6933197416365, 1816.684054210782, 1906.214316841215, 1901.1430288664997, 2394.50865983963, 1999.540962278843, 1703.3859100192785, 2297.811546828598, 1704.2392869479954, 2099.8260071501136, 1599.5655748993158, 1774.1228570230305, 2207.0109858177602, 1913.4525558911264, 2400.6945872679353, 2380.8411457575858, 2199.026932939887, 2701.1822150088847, 2899.9375868588686, 2402.887898031622, 66.17869017645717]","[2891.6455078125, 1800.932373046875, 2193.872802734375, 2199.806884765625, 1406.185302734375, 1995.3746337890625, 1402.8277587890625, 1994.6585693359375, 2604.167236328125, 2396.56640625, 2079.699951171875, 1801.3717041015625, 1906.2220458984375, 1901.148193359375, 2394.517578125, 1999.54736328125, 1703.38916015625, 2297.820068359375, 1704.2442626953125, 2099.832763671875, 1599.56884765625, 1699.757080078125, 2201.385986328125, 1913.46044921875, 2400.702392578125, 2380.84912109375, 2199.03369140625, 2701.19140625, 2899.94873046875, 2402.890625, 66.1770248413086]","[0.0, 0.0, 0.0, 0.0, 0.0, 0.0, 0.0, 0.0, 0.0, 0.0, 0.0, 0.0, 0.0, 0.0, 0.0, 0.0, 0.0, 0.0, 0.0, 0.0, 0.0, 0.0, 0.0, 0.0, 0.0, 0.0, 0.0, 0.0, 0.0, 0.0, 0.0]",2891.6390016674995,2891.6455078125,2014.7429033493001,2011.5716804504395,2039.6236572265625,2657.530529785156,0.49712372157480156,14.895556449890137,15.19140625,14.380156993865967,15.19140625,2.058094024658203,2.058094024658203,0.0,0.11020278930664062,0.11020278930664062,0.22040557861328125,1.0,0.22040557861328125,0.0,868,3.40386962890625,0.11020278930664062,0,0.0,False,0,0,0,False,False,32,31,stagekv_sync_r2,sync,2,2,4096,3,False,6,32,True,True
ok,"[220, 16, 15, 15, 4, 220, 16, 15, 15, 4, 220, 16, 15, 15, 4, 220, 16, 15, 15, 4, 220, 16, 15, 15, 4, 220, 16, 15, 15, 4, 220, 16]","[220, 16, 15, 15, 4, 220, 16, 15, 15, 4, 220, 16, 15, 15, 4, 220, 16, 15, 15, 4, 220, 16, 15, 15, 4, 220, 16, 15, 15, 4, 220, 16]",421.62472382187843,421.6186828613281,421.62472382187843,421.6186828613281,9714.939509327172,"[25.46929894015193, 25.133960880339146, 25.135244242846966, 25.198813062161207, 25.152656249701977, 25.127679109573364, 25.12197894975543, 25.038592983037233, 25.120976846665144, 25.17648134380579, 25.102001149207354, 25.149270426481962, 25.15558199957013, 25.437550153583288, 25.18347417935729, 25.254056323319674, 25.538187939673662, 25.53773717954755, 25.503072887659073, 25.3349170088768, 25.50077810883522, 25.42524691671133, 25.375934783369303, 25.494517292827368, 25.419665966182947, 25.39904834702611, 25.44686710461974, 25.515004992485046, 25.606957264244556, 25.476411916315556, 25.42243106290698]","[25.46454429626465, 25.129823684692383, 25.13100814819336, 25.194496154785156, 25.147584915161133, 25.122848510742188, 25.11667251586914, 25.03446388244629, 25.11667251586914, 25.171968460083008, 25.09721565246582, 25.14463996887207, 25.151296615600586, 25.432064056396484, 25.179136276245117, 25.249727249145508, 25.53343963623047, 25.532512664794922, 25.498624801635742, 25.330656051635742, 25.49555206298828, 25.41961669921875, 25.370912551879883, 25.490432739257812, 25.41561508178711, 25.394176483154297, 25.443071365356445, 25.510719299316406, 25.602975845336914, 25.470975875854492, 25.417728424072266]","[0.0, 0.0, 0.0, 0.0, 0.0, 0.0, 0.0, 0.0, 0.0, 0.0, 0.0, 0.0, 0.0, 0.0, 0.0, 0.0, 0.0, 0.0, 0.0, 0.0, 0.0, 0.0, 0.0, 0.0, 0.0, 0.0, 0.0, 0.0, 0.0, 0.0, 0.0]",25.46929894015193,25.46454429626465,25.316169889022905,25.311554272969563,25.350784301757812,25.533022499084474,39.507648926478964,15.000550746917725,15.3671875,14.483302593231201,15.3671875,2.058094024658203,2.058094024658203,0.0,0.22040557861328125,0.0,0.22040557861328125,1.0,0.22040557861328125,0.0,0,0.0,0.0,0,0.0,False,0,0,0,False,False,32,31,stagekv_sync_r4,sync,4,2,4096,3,False,7,32,True,True
ok,"[220, 16, 15, 15, 4, 220, 16, 15, 15, 4, 220, 16, 15, 15, 4, 220, 16, 15, 15, 4, 220, 16, 15, 15, 4, 220, 16, 15, 15, 4, 220, 16]","[220, 16, 15, 15, 4, 220, 16, 15, 15, 4, 220, 16, 15, 15, 4, 220, 16, 15, 15, 4, 220, 16, 15, 15, 4, 220, 16, 15, 15, 4, 220, 16]",3905.826878733933,3905.84326171875,3905.826878733933,3905.84326171875,1048.6851943458612,"[3386.700721923262, 2791.942061856389, 3301.042351871729, 2997.970906086266, 3002.863680012524, 3199.3046370334923, 3499.9445509165525, 4095.6805017776787, 4277.724917978048, 3895.2216622419655, 5316.773351747543, 4497.893169056624, 4800.961553119123, 4494.000512175262, 3419.521499425173, 4223.500044085085, 3308.00363374874, 4795.800499618053, 3093.688845168799, 2880.7888799346983, 2610.5273230932653, 3279.561121016741, 2492.837023921311, 2398.6631873995066, 2502.4897600524127, 3089.880507439375, 2514.0957506373525, 2415.537927299738, 3295.8306120708585, 2691.151252016425, 94.39663589000702]","[3386.715087890625, 2791.9521484375, 3301.054443359375, 2997.98193359375, 3002.875732421875, 3199.317626953125, 3499.958251953125, 4095.676513671875, 4204.47021484375, 3895.23828125, 5316.79833984375, 4421.75830078125, 4800.41064453125, 4401.56494140625, 3419.135009765625, 4205.109375, 3307.62548828125, 4795.26806640625, 3093.34912109375, 2880.47314453125, 2610.24267578125, 3279.2060546875, 2399.816650390625, 2398.40478515625, 2502.221923828125, 3089.55126953125, 2504.094482421875, 2404.1513671875, 3284.194580078125, 2683.45361328125, 94.38310241699219]","[3260.948633313179, 2577.5445984601974, 3162.0792142152786, 2375.9085521698, 2785.367244720459, 2816.314223766327, 3137.8326729536057, 3693.7091193199158, 4021.7874369621277, 3449.845442533493, 4799.219473719597, 4140.240594863892, 4504.298814535141, 4106.210711479187, 3192.5687457323074, 3879.313150882721, 3268.880795240402, 4397.968737602234, 2962.1758671998978, 2651.182934522629, 2191.6068888902664, 2978.1551522016525, 1804.328717827797, 1874.1900411844254, 2179.4706055521965, 2759.978577375412, 1909.3996114730835, 2235.2117688059807, 2845.992497742176, 2467.3494547605515, 31.47055995464325]",3386.700721923262,3386.715087890625,3309.2532786230245,3295.991269429525,3239.2618408203125,4798.096484375,0.3033988619069011,14.780145168304443,15.0078125,14.27266263961792,15.02734375,2.058094024658203,2.058094024658203,0.0,0.0,0.22040557861328125,0.22040557861328125,1.0,0.22040557861328125,0.007871627807617188,1736,6.8077392578125,0.22040557861328125,1736,92460.55083996058,True,0,0,0,True,False,32,31,stagekv_async_r0,async,0,2,4096,3,False,8,32,True,True
ok,"[220, 16, 15, 15, 4, 220, 16, 15, 15, 4, 220, 16, 15, 15, 4, 220, 16, 15, 15, 4, 220, 16, 15, 15, 4, 220, 16, 15, 15, 4, 220, 16]","[220, 16, 15, 15, 4, 220, 16, 15, 15, 4, 220, 16, 15, 15, 4, 220, 16, 15, 15, 4, 220, 16, 15, 15, 4, 220, 16, 15, 15, 4, 220, 16]",3075.81430580467,3075.495849609375,3075.81430580467,3075.495849609375,1331.8177621732902,"[1889.506922569126, 1700.6761799566448, 1896.70749893412, 1795.6313458271325, 1880.3683733567595, 1907.3321581818163, 2094.427459873259, 2300.725242123008, 1897.007501218468, 2203.9106702432036, 2799.1904099471867, 2896.910030860454, 2516.872647218406, 2579.0927917696536, 2095.222586300224, 2416.3461509160697, 2776.071016676724, 2894.5510927587748, 2602.091790176928, 2197.132407221943, 1981.214047409594, 1685.4422790929675, 1882.5670881196856, 1897.2418317571282, 2398.8841800019145, 1893.8467409461737, 1919.861190021038, 3002.6386911049485, 2695.5902599729598, 1997.5183070637286, 83.05679401382804]","[1889.3104248046875, 1700.4981689453125, 1896.510498046875, 1779.094482421875, 1808.7000732421875, 1907.1375732421875, 2094.211669921875, 2300.49072265625, 1896.8125, 2203.68798828125, 2724.431884765625, 2821.932861328125, 2516.6171875, 2504.197265625, 2095.015869140625, 2416.108642578125, 2699.562744140625, 2894.271484375, 2601.840576171875, 2196.920166015625, 1981.02294921875, 1685.2786865234375, 1882.3809814453125, 1897.06103515625, 2398.656494140625, 1893.65966796875, 1919.681884765625, 3002.39453125, 2695.338623046875, 1997.331298828125, 83.04505920410156]","[1788.0230977535248, 1656.4802612364292, 1541.1169623732567, 1478.1571676135063, 1679.7822473049164, 1778.716858804226, 1760.8743959069252, 2261.531951248646, 1794.820698440075, 2121.472801208496, 2526.6261398792267, 2718.5470432043076, 2449.958695292473, 2242.2155163884163, 1878.2678656578064, 2097.482663691044, 2422.584942370653, 2279.1347313672304, 2562.719586253166, 2069.9067999720573, 1731.5136689543724, 1457.2076825201511, 1645.173854291439, 1669.0484201908112, 2264.103731036186, 1758.3605479002, 1678.794079720974, 2859.9673657417297, 2390.479362845421, 1403.2186214327812, 60.09862393140793]",1889.506922569126,1889.3104248046875,2162.9376254354916,2149.796452331543,2094.61376953125,2861.719104003906,0.46516031734793245,14.862176418304443,15.0078125,14.35469388961792,15.02734375,2.058094024658203,2.058094024658203,0.0,0.05510139465332031,0.16530418395996094,0.22040557861328125,1.0,0.22040557861328125,0.007871627807617188,1736,5.105804443359375,0.16530418395996094,1736,60026.386384531856,True,0,0,0,True,False,32,31,stagekv_async_r1,async,1,2,4096,3,False,9,32,True,True
ok,"[220, 16, 15, 15, 4, 220, 16, 15, 15, 4, 220, 16, 15, 15, 4, 220, 16, 15, 15, 4, 220, 16, 15, 15, 4, 220, 16, 15, 15, 4, 220, 16]","[220, 16, 15, 15, 4, 220, 16, 15, 15, 4, 220, 16, 15, 15, 4, 220, 16, 15, 15, 4, 220, 16, 15, 15, 4, 220, 16, 15, 15, 4, 220, 16]",3103.18855708465,3102.90234375,3103.18855708465,3102.90234375,1320.054434922949,"[3506.4587048254907, 2295.5878074280918, 1907.1251433342695, 1594.1030150279403, 1698.258554097265, 1503.3602537587285, 1495.4661950469017, 2097.612260840833, 2004.1618049144745, 1500.4042950458825, 1701.6278440132737, 1591.185498982668, 1995.8833940327168, 3302.0017193630338, 2096.333506051451, 2300.042153801769, 2301.687214989215, 1785.5359921231866, 1991.3456328213215, 2290.718983858824, 1701.9270490854979, 2396.793495863676, 1586.5650726482272, 1503.5991980694234, 1602.4173288606107, 1499.4388478808105, 1495.0539651326835, 1485.2934619411826, 2283.809643238783, 1601.9324930384755, 55.3089240565896]","[3506.13720703125, 2295.372802734375, 1906.947021484375, 1593.956298828125, 1698.10302734375, 1503.2236328125, 1495.329833984375, 2097.42236328125, 2003.98046875, 1500.2685546875, 1701.4742431640625, 1591.031982421875, 1902.5960693359375, 3301.7099609375, 2096.1484375, 2299.83837890625, 2301.48193359375, 1785.3795166015625, 1991.173828125, 2290.52392578125, 1701.7784423828125, 2396.587890625, 1586.42822265625, 1503.4696044921875, 1602.2803955078125, 1499.31005859375, 1494.9222412109375, 1485.1666259765625, 2283.6171875, 1601.7950439453125, 55.299774169921875]","[3261.501145362854, 1972.6919043064117, 1678.312706708908, 1465.7434611320496, 1569.278303861618, 1364.780570268631, 1456.7800271511078, 1775.0420899391174, 1739.134016752243, 1381.448070049286, 1583.2644109725952, 1475.986403465271, 1850.7276101112366, 3230.8287098407745, 1776.3928208351135, 2083.8389282226562, 2089.904993057251, 1638.7789680957794, 1864.4519426822662, 2232.2486715316772, 1557.132438659668, 2369.420339822769, 1378.0380189418793, 1477.6121871471405, 1402.254630804062, 1273.8573141098022, 1467.0573382377625, 1458.8996542692184, 2219.681322813034, 1575.5861492156982, 32.448415994644165]",3506.4587048254907,3506.13720703125,1822.1526916449268,1818.887258911133,1701.6263427734375,2353.7902099609373,0.5497866869432274,14.895556449890137,15.19140625,14.38617992401123,15.2109375,2.058094024658203,2.058094024658203,0.0,0.11020278930664062,0.11020278930664062,0.22040557861328125,1.0,0.22040557861328125,0.007871627807617188,868,3.40386962890625,0.11020278930664062,868,53703.123564362526,True,0,0,0,True,False,32,31,stagekv_async_r2,async,2,2,4096,3,False,10,32,True,True
ok,"[220, 16, 15, 15, 4, 220, 16, 15, 15, 4, 220, 16, 15, 15, 4, 220, 16, 15, 15, 4, 220, 16, 15, 15, 4, 220, 16, 15, 15, 4, 220, 16]","[220, 16, 15, 15, 4, 220, 16, 15, 15, 4, 220, 16, 15, 15, 4, 220, 16, 15, 15, 4, 220, 16, 15, 15, 4, 220, 16, 15, 15, 4, 220, 16]",424.15954917669296,424.1192932128906,424.15954917669296,424.1192932128906,9657.660157289696,"[25.50367172807455, 25.12289583683014, 25.15630191192031, 25.075754150748253, 25.120491161942482, 25.05165571346879, 25.024773087352514, 25.093939155340195, 24.984402116388083, 25.216045323759317, 24.930766317993402, 25.06666211411357, 25.01895884051919, 25.69888113066554, 24.998378939926624, 25.596230290830135, 24.861829821020365, 25.015151128172874, 25.246495380997658, 25.446176063269377, 25.436838157474995, 25.48343874514103, 25.511644780635834, 25.445594917982817, 25.430195033550262, 25.437469128519297, 25.406348053365946, 25.93309013172984, 25.50584264099598, 25.339697021991014, 25.15468467026949]","[25.4965763092041, 25.11667251586914, 25.149343490600586, 25.068544387817383, 25.113536834716797, 25.044992446899414, 25.018367767333984, 25.085952758789062, 24.977184295654297, 25.209632873535156, 24.92416000366211, 25.059328079223633, 25.012096405029297, 25.688064575195312, 24.99158477783203, 25.589439392089844, 24.855520248413086, 25.008127212524414, 25.239519119262695, 25.439231872558594, 25.430015563964844, 25.47609519958496, 25.505535125732422, 25.438207626342773, 25.422847747802734, 25.431039810180664, 25.399295806884766, 25.92563247680664, 25.498624801635742, 25.332735061645508, 25.148160934448242]","[0.0, 0.0, 0.0, 0.0, 0.0, 0.0, 0.0, 0.0, 0.0, 0.0, 0.0, 0.0, 0.0, 0.0, 0.0, 0.0, 0.0, 0.0, 0.0, 0.0, 0.0, 0.0, 0.0, 0.0, 0.0, 0.0, 0.0, 0.0, 0.0, 0.0, 0.0]",25.50367172807455,25.4965763092041,25.26035439223051,25.25331630706787,25.17948818206787,25.643683242797852,39.59875953876684,15.000550746917725,15.3671875,14.483302593231201,15.3671875,2.058094024658203,2.058094024658203,0.0,0.22040557861328125,0.0,0.22040557861328125,1.0,0.22040557861328125,0.0,0,0.0,0.0,0,0.0,True,0,0,0,False,False,32,31,stagekv_async_r4,async,4,2,4096,3,False,11,32,True,True
ok,"[220, 16, 15, 15, 4, 220, 16, 15, 15, 4, 220, 16, 15, 15, 4, 220, 16, 15, 15, 4, 220, 16, 15, 15, 4, 220, 16, 15, 15, 4, 220, 16]","[220, 16, 15, 15, 4, 220, 16, 15, 15, 4, 220, 16, 15, 15, 4, 220, 16, 15, 15, 4, 220, 16, 15, 15, 4, 220, 16, 15, 15, 4, 220, 16]",3317.2241328284144,3259.2138671875,3317.2241328284144,3259.2138671875,1256.7447755536812,"[4618.960494175553, 6002.40973290056, 5901.413043960929, 5697.51690980047, 5281.786237843335, 3518.250762950629, 2996.5138672851026, 3684.4845172017813, 3605.2958639338613, 3696.616925764829, 3505.4901130497456, 3510.448796674609, 3292.7354350686073, 3990.821950137615, 3803.5259200260043, 3493.989873211831, 3206.903576850891, 3904.136226978153, 3803.7080401554704, 3102.8824001550674, 2980.7978281751275, 2901.2038349173963, 5799.662800040096, 4701.70256216079, 2901.601958088577, 3192.793291993439, 2508.579130284488, 3192.4646561965346, 2801.6676530241966, 3200.1009988598526, 3914.977106731385]","[4618.57958984375, 6001.921875, 5900.93896484375, 5697.06396484375, 5281.3681640625, 3517.973388671875, 2985.22412109375, 3684.1953125, 3605.014892578125, 3696.33056640625, 3505.222412109375, 3510.1787109375, 3285.199951171875, 3990.522705078125, 3803.241455078125, 3493.730224609375, 3206.665283203125, 3896.589111328125, 3792.667724609375, 3102.654541015625, 2980.581298828125, 2900.994140625, 5799.2509765625, 4701.373046875, 2901.3955078125, 3192.576904296875, 2508.40380859375, 3192.240234375, 2801.4736328125, 3199.881103515625, 3903.951904296875]","[0.0, 0.0, 0.0, 0.0, 0.0, 0.0, 0.0, 0.0, 0.0, 0.0, 0.0, 0.0, 0.0, 0.0, 0.0, 0.0, 0.0, 0.0, 0.0, 0.0, 0.0, 0.0, 0.0, 0.0, 0.0, 0.0, 0.0, 0.0, 0.0, 0.0, 0.0]",4618.960494175553,4618.57958984375,3803.1494004807123,3801.294197591146,3514.0760498046875,5855.179370117187,0.2630682993791149,14.780145168304443,15.02734375,14.27498483657837,15.046875,2.058094024658203,2.058094024658203,0.0,0.0,0.22040557861328125,0.22040557861328125,1.0,0.22040557861328125,0.007871627807617188,1736,6.806083679199219,0.22040557861328125,1736,0.0,False,896,1792,0,True,True,32,31,stagekv_bidirectional_r0,bidirectional,0,2,4096,3,False,12,32,True,True
ok,"[220, 16, 15, 15, 4, 220, 16, 15, 15, 4, 220, 16, 15, 15, 4, 220, 16, 15, 15, 4, 220, 16, 15, 15, 4, 220, 16, 15, 15, 4, 220, 16]","[220, 16, 15, 15, 4, 220, 16, 15, 15, 4, 220, 16, 15, 15, 4, 220, 16, 15, 15, 4, 220, 16, 15, 15, 4, 220, 16, 15, 15, 4, 220, 16]",419.4152122363448,419.38055419921875,419.4152122363448,419.38055419921875,9766.785700927547,"[23.811663035303354, 23.35213916376233, 23.28397613018751, 23.201797157526016, 23.822554387152195, 23.239680100232363, 23.314536083489656, 23.586003575474024, 23.23884889483452, 23.138273041695356, 23.036134894937277, 23.04140478372574, 23.625140078365803, 22.638561204075813, 22.809764370322227, 22.74269424378872, 23.153243120759726, 22.895722184330225, 23.007839918136597, 22.94062916189432, 23.146206978708506, 22.93591806665063, 23.229509126394987, 22.878204938024282, 22.85236492753029, 22.805795073509216, 22.793882060796022, 23.18399026989937, 23.174291010946035, 22.973751183599234, 22.949923761188984]","[23.80575942993164, 23.346176147460938, 23.278400421142578, 23.19651222229004, 23.799423217773438, 23.234304428100586, 23.3090877532959, 23.58028793334961, 23.23334312438965, 23.132160186767578, 23.029760360717773, 23.035072326660156, 23.618560791015625, 22.632448196411133, 22.803455352783203, 22.736799240112305, 23.147520065307617, 22.889408111572266, 23.001087188720703, 22.934431076049805, 23.140127182006836, 22.939647674560547, 23.223295211791992, 22.8720645904541, 22.84636878967285, 22.799232482910156, 22.788095474243164, 23.17804718017578, 23.168832778930664, 22.967296600341797, 22.944480895996094]","[0.0, 0.0, 0.0, 0.0, 0.0, 0.0, 0.0, 0.0, 0.0, 0.0, 0.0, 0.0, 0.0, 0.0, 0.0, 0.0, 0.0, 0.0, 0.0, 0.0, 0.0, 0.0, 0.0, 0.0, 0.0, 0.0, 0.0, 0.0, 0.0, 0.0, 0.0]",23.811663035303354,23.80575942993164,23.099759329731267,23.093524233500162,23.083616256713867,23.60133800506592,43.302182459850364,15.000550746917725,15.3125,14.514666557312012,15.3125,2.058094024658203,2.058094024658203,0.0,0.22040557861328125,0.0,0.22040557861328125,1.0,0.22040557861328125,0.0,0,0.0,0.0,0,0.0,False,0,0,0,False,False,32,31,stagekv_bidirectional_r4,bidirectional,4,2,4096,4,False,0,32,True,True
ok,"[220, 16, 15, 15, 4, 220, 16, 15, 15, 4, 220, 16, 15, 15, 4, 220, 16, 15, 15, 4, 220, 16, 15, 15, 4, 220, 16, 15, 15, 4, 220, 16]","[220, 16, 15, 15, 4, 220, 16, 15, 15, 4, 220, 16, 15, 15, 4, 220, 16, 15, 15, 4, 220, 16, 15, 15, 4, 220, 16, 15, 15, 4, 220, 16]",409.1521999798715,409.1197509765625,409.1521999798715,409.1197509765625,10011.73859297409,"[22.32878701761365, 22.105813026428223, 22.051758132874966, 22.019957192242146, 22.006570361554623, 21.891076117753983, 22.000618744641542, 21.923326887190342, 21.893588360399008, 22.082155104726553, 22.39020401611924, 21.677418146282434, 21.710573229938745, 21.644534077495337, 21.59319492056966, 21.98235085234046, 21.298120729625225, 21.292760968208313, 21.326014306396246, 21.224937867373228, 21.303881891071796, 21.26700012013316, 21.310575306415558, 21.300224121659994, 21.273863036185503, 21.201301831752062, 21.39220293611288, 21.3191919028759, 21.347285714000463, 21.731683984398842, 21.38944761827588]","[22.323135375976562, 22.099775314331055, 22.0446720123291, 22.013856887817383, 22.00048065185547, 21.885120391845703, 21.993471145629883, 21.916671752929688, 21.88697624206543, 22.0762882232666, 22.384511947631836, 21.68012809753418, 21.70467185974121, 21.63916778564453, 21.587072372436523, 21.976064682006836, 21.29088020324707, 21.285888671875, 21.319679260253906, 21.218528747558594, 21.298175811767578, 21.26131248474121, 21.304319381713867, 21.29408073425293, 21.2674560546875, 21.194751739501953, 21.385215759277344, 21.313535690307617, 21.341087341308594, 21.725183486938477, 21.383167266845703]","[0.0, 0.0, 0.0, 0.0, 0.0, 0.0, 0.0, 0.0, 0.0, 0.0, 0.0, 0.0, 0.0, 0.0, 0.0, 0.0, 0.0, 0.0, 0.0, 0.0, 0.0, 0.0, 0.0, 0.0, 0.0, 0.0, 0.0, 0.0, 0.0, 0.0, 0.0]",22.32878701761365,22.323135375976562,21.63172105016808,21.625739733378094,21.613120079040527,22.08920612335205,46.24119277901774,14.999261379241943,15.20703125,14.511165142059326,15.20703125,2.058094024658203,2.058094024658203,0.0,0.22040557861328125,0.0,0.22040557861328125,1.0,0.22040557861328125,0.0,0,0.0,0.0,0,0.0,False,0,0,0,False,False,32,31,standard,standard,,,4096,4,False,1,32,True,True
ok,"[220, 16, 15, 15, 4, 220, 16, 15, 15, 4, 220, 16, 15, 15, 4, 220, 16, 15, 15, 4, 220, 16, 15, 15, 4, 220, 16, 15, 15, 4, 220, 16]","[220, 16, 15, 15, 4, 220, 16, 15, 15, 4, 220, 16, 15, 15, 4, 220, 16, 15, 15, 4, 220, 16, 15, 15, 4, 220, 16, 15, 15, 4, 220, 16]",3411.0267590731382,3348.36328125,3411.0267590731382,3348.36328125,1223.2842305184085,"[5402.960040140897, 3802.7732116170228, 3812.066216953099, 4384.577732067555, 4115.121983923018, 3684.600817039609, 3411.13292099908, 3192.024789750576, 2707.332596182823, 3290.1704772375524, 3809.5889650285244, 3090.0379549711943, 3196.2727699428797, 3203.6154186353087, 4494.109525345266, 3605.8741230517626, 3397.202185820788, 2593.415197916329, 2901.814864948392, 3102.651445195079, 3600.4707901738584, 3097.760934382677, 2901.830719318241, 3301.883725915104, 3606.9070119410753, 3190.0008493103087, 4298.685788642615, 3207.266157027334, 3300.6647122092545, 3797.2249379381537, 150.33573284745216]","[5402.6015625, 3802.521484375, 3801.268310546875, 4384.2919921875, 4103.6962890625, 3684.365234375, 3403.640869140625, 3191.8212890625, 2699.724365234375, 3289.96142578125, 3799.07470703125, 3089.84521484375, 3196.07373046875, 3203.4169921875, 4493.83447265625, 3605.654296875, 3396.991943359375, 2501.496826171875, 2901.64111328125, 3102.465087890625, 3600.255126953125, 3097.576416015625, 2901.654541015625, 3301.689453125, 3599.298583984375, 3189.81640625, 4298.4384765625, 3207.081787109375, 3300.465576171875, 3797.00634765625, 150.3231964111328]","[0.0, 0.0, 0.0, 0.0, 0.0, 0.0, 0.0, 0.0, 0.0, 0.0, 0.0, 0.0, 0.0, 0.0, 0.0, 0.0, 0.0, 0.0, 0.0, 0.0, 0.0, 0.0, 0.0, 0.0, 0.0, 0.0, 0.0, 0.0, 0.0, 0.0, 0.0]",5402.960040140897,5402.6015625,3341.5804852110646,3336.513051859538,3301.0775146484375,4345.65791015625,0.29971409805895116,14.780145168304443,15.03515625,14.26521921157837,15.03515625,2.058094024658203,2.058094024658203,0.0,0.0,0.22040557861328125,0.22040557861328125,1.0,0.22040557861328125,0.0,1736,6.8077392578125,0.22040557861328125,0,0.0,False,0,0,0,False,False,32,31,stagekv_sync_r0,sync,0,2,4096,4,False,2,32,True,True
ok,"[220, 16, 15, 15, 4, 220, 16, 15, 15, 4, 220, 16, 15, 15, 4, 220, 16, 15, 15, 4, 220, 16, 15, 15, 4, 220, 16, 15, 15, 4, 220, 16]","[220, 16, 15, 15, 4, 220, 16, 15, 15, 4, 220, 16, 15, 15, 4, 220, 16, 15, 15, 4, 220, 16, 15, 15, 4, 220, 16, 15, 15, 4, 220, 16]",3113.452823832631,3113.278076171875,3113.452823832631,3113.278076171875,1315.655042621985,"[2585.4672039858997, 2099.8135372065008, 1802.273595239967, 1995.332004968077, 1703.340504784137, 2002.759045921266, 1798.4737367369235, 1612.1648466214538, 1590.5204680748284, 1591.9348229654133, 1617.7608063444495, 1982.3340037837625, 1999.798365868628, 1718.2866353541613, 1496.8740390613675, 1886.0169015824795, 2201.3881830498576, 1914.1102083958685, 2184.2123572714627, 1904.1729080490768, 1794.0619341097772, 1799.6978862211108, 2500.012940261513, 1801.513495389372, 1700.01974189654, 1702.8604024089873, 2097.36288478598, 2197.8810178115964, 1804.2249833233654, 1697.0133669674397, 85.57014213874936]","[2585.3193359375, 2099.693359375, 1802.1702880859375, 1995.2178955078125, 1703.2427978515625, 2002.64501953125, 1798.372314453125, 1612.0728759765625, 1590.4287109375, 1591.8438720703125, 1617.6690673828125, 1982.22314453125, 1999.6876220703125, 1718.192138671875, 1485.8106689453125, 1885.914794921875, 2201.26513671875, 1914.0047607421875, 2184.094482421875, 1904.0693359375, 1793.9569091796875, 1799.5950927734375, 2499.87890625, 1801.41650390625, 1699.9281005859375, 1702.7684326171875, 2097.251220703125, 2197.76513671875, 1804.1282958984375, 1696.9224853515625, 85.56111907958984]","[0.0, 0.0, 0.0, 0.0, 0.0, 0.0, 0.0, 0.0, 0.0, 0.0, 0.0, 0.0, 0.0, 0.0, 0.0, 0.0, 0.0, 0.0, 0.0, 0.0, 0.0, 0.0, 0.0, 0.0, 0.0, 0.0, 0.0, 0.0, 0.0, 0.0, 0.0]",2585.4672039858997,2585.3193359375,1809.3928588864703,1808.9263496398926,1801.7933959960938,2199.69013671875,0.5528141044543203,14.862176418304443,15.03515625,14.34725046157837,15.03515625,2.058094024658203,2.058094024658203,0.0,0.05510139465332031,0.16530418395996094,0.22040557861328125,1.0,0.22040557861328125,0.0,1736,5.105804443359375,0.16530418395996094,0,0.0,False,0,0,0,False,False,32,31,stagekv_sync_r1,sync,1,2,4096,4,False,3,32,True,True
ok,"[220, 16, 15, 15, 4, 220, 16, 15, 15, 4, 220, 16, 15, 15, 4, 220, 16, 15, 15, 4, 220, 16, 15, 15, 4, 220, 16, 15, 15, 4, 220, 16]","[220, 16, 15, 15, 4, 220, 16, 15, 15, 4, 220, 16, 15, 15, 4, 220, 16, 15, 15, 4, 220, 16, 15, 15, 4, 220, 16, 15, 15, 4, 220, 16]",3017.175457905978,3017.021240234375,3017.175457905978,3017.021240234375,1357.6304818065535,"[1787.0231089182198, 1799.9966158531606, 1515.1085751131177, 1683.5147328674793, 1703.816690016538, 1598.6270760186017, 1615.785432048142, 1490.3434328734875, 1495.6036531366408, 1497.6330259814858, 1698.4950411133468, 1599.9644887633622, 1598.4145570546389, 1919.1576931625605, 1483.5239206440747, 1701.0745583102107, 1498.9866563118994, 1499.6526660397649, 1499.8405640944839, 1497.9333560913801, 2318.519366905093, 2099.039784166962, 1882.5571010820568, 1608.182049356401, 1791.5523811243474, 1601.5375121496618, 1598.1984180398285, 1301.4907180331647, 2300.2749239094555, 1697.9618850164115, 57.26966029033065]","[1786.9290771484375, 1799.9022216796875, 1503.7796630859375, 1683.4273681640625, 1703.727783203125, 1598.5438232421875, 1615.7010498046875, 1490.2652587890625, 1495.5242919921875, 1497.554931640625, 1698.4053955078125, 1599.8812255859375, 1598.3319091796875, 1919.0606689453125, 1483.4473876953125, 1700.9869384765625, 1498.9095458984375, 1499.5760498046875, 1499.7626953125, 1497.85791015625, 2318.4033203125, 2098.935546875, 1882.4591064453125, 1608.1007080078125, 1791.4632568359375, 1601.455078125, 1598.1165771484375, 1301.4251708984375, 2300.1630859375, 1697.8790283203125, 57.26310348510742]","[0.0, 0.0, 0.0, 0.0, 0.0, 0.0, 0.0, 0.0, 0.0, 0.0, 0.0, 0.0, 0.0, 0.0, 0.0, 0.0, 0.0, 0.0, 0.0, 0.0, 0.0, 0.0, 0.0, 0.0, 0.0, 0.0, 0.0, 0.0, 0.0, 0.0, 0.0]",1787.0231089182198,1786.9290771484375,1621.8018845189363,1621.343670018514,1600.6681518554688,2209.6106933593746,0.6167723836048782,14.895556449890137,15.19140625,14.380156993865967,15.19140625,2.058094024658203,2.058094024658203,0.0,0.11020278930664062,0.11020278930664062,0.22040557861328125,1.0,0.22040557861328125,0.0,868,3.40386962890625,0.11020278930664062,0,0.0,False,0,0,0,False,False,32,31,stagekv_sync_r2,sync,2,2,4096,4,False,4,32,True,True
ok,"[220, 16, 15, 15, 4, 220, 16, 15, 15, 4, 220, 16, 15, 15, 4, 220, 16, 15, 15, 4, 220, 16, 15, 15, 4, 220, 16, 15, 15, 4, 220, 16]","[220, 16, 15, 15, 4, 220, 16, 15, 15, 4, 220, 16, 15, 15, 4, 220, 16, 15, 15, 4, 220, 16, 15, 15, 4, 220, 16, 15, 15, 4, 220, 16]",424.96233619749546,424.9354248046875,424.96233619749546,424.9354248046875,9639.111641216166,"[24.91310006007552, 24.625255726277828, 24.588534608483315, 24.974296800792217, 24.582482874393463, 24.533257819712162, 24.432213976979256, 24.69868678599596, 24.66513216495514, 24.614455178380013, 24.48467491194606, 24.54056218266487, 24.59921594709158, 24.53473210334778, 24.52913112938404, 24.605597835034132, 24.514482356607914, 24.618824012577534, 24.986702017486095, 24.858204182237387, 24.94313707575202, 24.970259983092546, 24.879504926502705, 24.895827285945415, 24.93817824870348, 24.90637730807066, 24.956323206424713, 24.977073073387146, 24.894433096051216, 24.908279068768024, 24.949737824499607]","[24.90777587890625, 24.619007110595703, 24.582143783569336, 24.968191146850586, 24.57686424255371, 24.52787208557129, 24.427200317382812, 24.692960739135742, 24.65894317626953, 24.608768463134766, 24.47871971130371, 24.534879684448242, 24.593120574951172, 24.52889633178711, 24.523775100708008, 24.599552154541016, 24.50841522216797, 24.613536834716797, 24.980480194091797, 24.852479934692383, 24.936447143554688, 24.964096069335938, 24.87295913696289, 24.89027214050293, 24.932191848754883, 24.90060806274414, 24.94976043701172, 24.971040725708008, 24.888320922851562, 24.90265655517578, 24.94361686706543]","[0.0, 0.0, 0.0, 0.0, 0.0, 0.0, 0.0, 0.0, 0.0, 0.0, 0.0, 0.0, 0.0, 0.0, 0.0, 0.0, 0.0, 0.0, 0.0, 0.0, 0.0, 0.0, 0.0, 0.0, 0.0, 0.0, 0.0, 0.0, 0.0, 0.0, 0.0]",24.91310006007552,24.90777587890625,24.74018579038481,24.73425922393799,24.675951957702637,24.969758415222167,40.42975336136984,15.000550746917725,15.3671875,14.483302593231201,15.3671875,2.058094024658203,2.058094024658203,0.0,0.22040557861328125,0.0,0.22040557861328125,1.0,0.22040557861328125,0.0,0,0.0,0.0,0,0.0,False,0,0,0,False,False,32,31,stagekv_sync_r4,sync,4,2,4096,4,False,5,32,True,True
ok,"[220, 16, 15, 15, 4, 220, 16, 15, 15, 4, 220, 16, 15, 15, 4, 220, 16, 15, 15, 4, 220, 16, 15, 15, 4, 220, 16, 15, 15, 4, 220, 16]","[220, 16, 15, 15, 4, 220, 16, 15, 15, 4, 220, 16, 15, 15, 4, 220, 16, 15, 15, 4, 220, 16, 15, 15, 4, 220, 16, 15, 15, 4, 220, 16]",3392.7431530319154,3391.408935546875,3392.7431530319154,3391.408935546875,1207.75762458723,"[3480.7990049012005, 2898.8340059295297, 4306.133795063943, 2990.248230751604, 3080.4827511310577, 3607.582873199135, 3495.495222043246, 2994.7398002259433, 3093.7511939555407, 4579.2616051621735, 4222.394734155387, 4296.944031026214, 3306.0398288071156, 3792.8277030587196, 3511.4239510148764, 3918.977855704725, 4302.4963941425085, 3678.7879718467593, 3877.522150054574, 3887.253317050636, 3700.173156801611, 3700.711209792644, 3496.405771933496, 3293.5235863551497, 3298.95922774449, 3195.4556480050087, 3199.230785947293, 3195.0098648667336, 2890.9749761223793, 2495.9246567450464, 53.75522980466485]","[3480.63427734375, 2898.697021484375, 4305.93310546875, 2972.80615234375, 3007.63330078125, 3607.418701171875, 3495.33349609375, 2994.60205078125, 3093.609375, 4579.0546875, 4222.205078125, 4296.7529296875, 3305.8876953125, 3792.654296875, 3503.88330078125, 3918.80712890625, 4302.30859375, 3678.6279296875, 3877.3544921875, 3887.089599609375, 3700.014892578125, 3700.5546875, 3496.257568359375, 3200.8046875, 3298.820068359375, 3195.322265625, 3199.096923828125, 3194.8779296875, 2798.1650390625, 2495.82080078125, 53.749759674072266]","[3267.164383172989, 2405.6959598064423, 4260.230083227158, 2595.6803835630417, 2681.651662349701, 3190.3694484233856, 3161.9949445724487, 2707.083524942398, 2893.2340529561043, 4132.77445936203, 3923.508305311203, 3730.6584330797195, 2944.1166574954987, 3367.525447845459, 2984.589590072632, 3766.014506340027, 4162.332645654678, 3602.9144089221954, 3752.985407471657, 3817.259287595749, 3461.935389280319, 3639.9289634227753, 3329.342784881592, 3071.089916706085, 3222.310570716858, 3028.6216309070587, 3078.005664229393, 2959.587455511093, 2489.1904795765877, 2171.6756764650345, 30.91872003674507]",3480.7990049012005,3480.63427734375,3412.0440509480736,3402.471451950073,3495.7955322265625,4304.302075195313,0.29390400893058655,14.780145168304443,15.0078125,14.27266263961792,15.02734375,2.058094024658203,2.058094024658203,0.0,0.0,0.22040557861328125,0.22040557861328125,1.0,0.22040557861328125,0.007871627807617188,1736,6.8077392578125,0.22040557861328125,1736,97830.39084389806,True,0,0,0,True,False,32,31,stagekv_async_r0,async,0,2,4096,4,False,6,32,True,True
ok,"[220, 16, 15, 15, 4, 220, 16, 15, 15, 4, 220, 16, 15, 15, 4, 220, 16, 15, 15, 4, 220, 16, 15, 15, 4, 220, 16, 15, 15, 4, 220, 16]","[220, 16, 15, 15, 4, 220, 16, 15, 15, 4, 220, 16, 15, 15, 4, 220, 16, 15, 15, 4, 220, 16, 15, 15, 4, 220, 16, 15, 15, 4, 220, 16]",3213.4943632408977,3150.865478515625,3213.4943632408977,3150.865478515625,1299.9602896184665,"[2138.28868791461, 1781.8974112160504, 2999.209070112556, 1981.8443655967712, 1999.8194379732013, 2098.6556601710618, 2422.6701613515615, 2986.386375967413, 2896.3976711966097, 2583.0208407714963, 2298.361877910793, 3015.3506458736956, 2219.8164239525795, 2921.104982960969, 3304.6203488484025, 2884.0971114113927, 1978.4816028550267, 2299.951506778598, 2584.670568816364, 2184.7119089215994, 2082.155073992908, 2002.3824973031878, 2303.6869447678328, 2082.0651343092322, 3013.915145304054, 2104.0394068695605, 1980.9367679990828, 2397.880761884153, 2187.30494286865, 2586.444211192429, 85.7867132872343]","[2131.89013671875, 1781.8204345703125, 2999.07470703125, 1981.7625732421875, 1999.7364501953125, 2098.569091796875, 2422.572021484375, 2986.269775390625, 2880.935791015625, 2582.916015625, 2298.267578125, 3015.230224609375, 2219.728759765625, 2920.99365234375, 3304.490966796875, 2883.984375, 1978.40283203125, 2299.85888671875, 2584.572021484375, 2184.625244140625, 2082.071533203125, 2002.3038330078125, 2303.597412109375, 2081.975341796875, 3013.798828125, 2103.95849609375, 1980.8602294921875, 2397.7861328125, 2187.22705078125, 2586.346435546875, 85.77961730957031]","[1797.8637727499008, 1582.1642969548702, 2671.5140172839165, 1800.6179624199867, 1852.150244295597, 2042.5179992318153, 2054.888772368431, 2820.689876317978, 2684.468059837818, 2370.833141684532, 1956.4152860045433, 2693.478086769581, 1975.4746564030647, 2631.872454792261, 2751.9176035523415, 2779.7507249712944, 1750.69464969635, 2068.0543009638786, 2460.0785243064165, 1885.4508124887943, 2009.5014687776566, 1869.0384513139725, 2182.8509643673897, 1857.869890153408, 2799.2325062155724, 2061.7797806560993, 1894.0934933423996, 2216.1848507523537, 2144.80163449049, 2361.050298511982, 58.224064111709595]",2138.28868791461,2131.89013671875,2342.255519082149,2341.650543721517,2299.063232421875,3014.5860961914063,0.4270492036829412,14.862176418304443,15.0078125,14.35469388961792,15.02734375,2.058094024658203,2.058094024658203,0.0,0.05510139465332031,0.16530418395996094,0.22040557861328125,1.0,0.22040557861328125,0.007871627807617188,1736,5.105804443359375,0.16530418395996094,1736,66085.5226457864,True,0,0,0,True,False,32,31,stagekv_async_r1,async,1,2,4096,4,False,7,32,True,True
ok,"[220, 16, 15, 15, 4, 220, 16, 15, 15, 4, 220, 16, 15, 15, 4, 220, 16, 15, 15, 4, 220, 16, 15, 15, 4, 220, 16, 15, 15, 4, 220, 16]","[220, 16, 15, 15, 4, 220, 16, 15, 15, 4, 220, 16, 15, 15, 4, 220, 16, 15, 15, 4, 220, 16, 15, 15, 4, 220, 16, 15, 15, 4, 220, 16]",3091.9281323440373,3091.81640625,3091.9281323440373,3091.81640625,1324.7875882022224,"[2388.425183016807, 1499.4383249431849, 1398.5052802599967, 1799.650485161692, 1503.6956062540412, 1573.5999667085707, 1598.968102131039, 1412.1073656715453, 2281.285830773413, 2005.7592783123255, 2096.0658132098615, 2779.120017308742, 2200.129912700504, 2317.00636819005, 1896.3828510604799, 1679.7412089072168, 1798.278212081641, 2217.367858160287, 2699.917166028172, 2584.4368282705545, 2701.964067760855, 2702.1878850646317, 2495.0186568312347, 2201.388261280954, 1798.1549142859876, 1797.395152039826, 1698.0484388768673, 1600.0007279217243, 1785.6464232318103, 1588.0338363349438, 57.68145900219679]","[2388.33544921875, 1499.3804931640625, 1398.4501953125, 1799.5816650390625, 1503.6378173828125, 1502.6544189453125, 1527.846923828125, 1404.662841796875, 2281.19873046875, 2005.6617431640625, 2095.98876953125, 2779.020263671875, 2200.049560546875, 2316.922119140625, 1893.5889892578125, 1604.05712890625, 1721.72900390625, 2217.28076171875, 2699.821044921875, 2584.345703125, 2701.869140625, 2702.09521484375, 2420.16845703125, 2201.310302734375, 1798.090576171875, 1797.3319091796875, 1697.987548828125, 1599.9434814453125, 1785.585693359375, 1587.978271484375, 57.67567825317383]","[2055.6535336971283, 1455.4275770187378, 1192.964123725891, 1575.9440689086914, 1398.902589082718, 1170.1894352436066, 1376.063931941986, 1242.4020161628723, 1856.4827241897583, 1678.5617933273315, 1844.2091109752655, 2376.8996245861053, 1954.374617099762, 2024.9696164131165, 1695.1527969837189, 1426.0376093387604, 1548.031686782837, 2054.0219600200653, 2235.626259803772, 2424.748640537262, 2219.191987991333, 2546.4277062416077, 2303.4875514507294, 1768.851389169693, 1734.0173170566559, 1565.6696984767914, 1635.2232594490051, 1530.3912942409515, 1547.1921536922455, 1351.9172186851501, 31.76534402370453]",2388.425183016807,2388.33544921875,1925.5658766254783,1912.8638149261474,1798.8361206054688,2701.9934814453127,0.5227763692307643,14.895556449890137,15.19140625,14.38617992401123,15.2109375,2.058094024658203,2.058094024658203,0.0,0.11020278930664062,0.11020278930664062,0.22040557861328125,1.0,0.22040557861328125,0.007871627807617188,868,3.40386962890625,0.11020278930664062,868,52820.79863631725,True,0,0,0,True,False,32,31,stagekv_async_r2,async,2,2,4096,4,False,8,32,True,True
ok,"[220, 16, 15, 15, 4, 220, 16, 15, 15, 4, 220, 16, 15, 15, 4, 220, 16, 15, 15, 4, 220, 16, 15, 15, 4, 220, 16, 15, 15, 4, 220, 16]","[220, 16, 15, 15, 4, 220, 16, 15, 15, 4, 220, 16, 15, 15, 4, 220, 16, 15, 15, 4, 220, 16, 15, 15, 4, 220, 16, 15, 15, 4, 220, 16]",421.43837874755263,421.4159240722656,421.43837874755263,421.4159240722656,9719.613726076488,"[25.970424991101027, 25.60531673952937, 25.603674352169037, 25.59998631477356, 25.51681688055396, 25.508551858365536, 25.586842093616724, 25.461922865360975, 25.589916855096817, 25.474788155406713, 25.47256276011467, 25.51805879920721, 26.336743030697107, 25.242311879992485, 25.242343079298735, 25.22181300446391, 25.96127614378929, 25.883256923407316, 26.151058729737997, 25.54159425199032, 25.640031788498163, 25.55003995075822, 25.860954076051712, 25.80586913973093, 25.75256722047925, 25.85358079522848, 25.946548208594322, 25.874510873109102, 25.89958906173706, 25.832199025899172, 26.01518901064992]","[25.96544075012207, 25.600704193115234, 25.59872055053711, 25.593856811523438, 25.506816864013672, 25.50271987915039, 25.581567764282227, 25.456640243530273, 25.58451271057129, 25.46985626220703, 25.467552185058594, 25.512863159179688, 26.33113670349121, 25.237375259399414, 25.236799240112305, 25.21664047241211, 25.954303741455078, 25.87766456604004, 26.14476776123047, 25.535520553588867, 25.634559631347656, 25.54470443725586, 25.854848861694336, 25.799680709838867, 25.746431350708008, 25.847808837890625, 25.94099235534668, 25.869184494018555, 25.893760681152344, 25.826303482055664, 26.009599685668945]","[0.0, 0.0, 0.0, 0.0, 0.0, 0.0, 0.0, 0.0, 0.0, 0.0, 0.0, 0.0, 0.0, 0.0, 0.0, 0.0, 0.0, 0.0, 0.0, 0.0, 0.0, 0.0, 0.0, 0.0, 0.0, 0.0, 0.0, 0.0, 0.0, 0.0, 0.0]",25.970424991101027,25.96544075012207,25.684997128943603,25.6792631149292,25.599712371826172,26.083942127227782,38.94192740361885,15.000550746917725,15.3671875,14.483302593231201,15.3671875,2.058094024658203,2.058094024658203,0.0,0.22040557861328125,0.0,0.22040557861328125,1.0,0.22040557861328125,0.0,0,0.0,0.0,0,0.0,True,0,0,0,False,False,32,31,stagekv_async_r4,async,4,2,4096,4,False,9,32,True,True
ok,"[220, 16, 15, 15, 4, 220, 16, 15, 15, 4, 220, 16, 15, 15, 4, 220, 16, 15, 15, 4, 220, 16, 15, 15, 4, 220, 16, 15, 15, 4, 220, 16]","[220, 16, 15, 15, 4, 220, 16, 15, 15, 4, 220, 16, 15, 15, 4, 220, 16, 15, 15, 4, 220, 16, 15, 15, 4, 220, 16, 15, 15, 4, 220, 16]",3309.9464289844036,3309.833251953125,3309.9464289844036,3309.833251953125,1237.5245784913666,"[2688.905816990882, 3197.501288726926, 2606.7002257332206, 3100.307995919138, 3172.016805037856, 3022.1524760127068, 3498.9108741283417, 5504.067178349942, 5196.268272586167, 4279.252890963107, 3400.506599340588, 4619.891548994929, 3903.9784814231098, 4578.093052376062, 4913.840389344841, 3599.81930302456, 3288.3442491292953, 3014.9108031764627, 4296.170994173735, 3886.5998620167375, 3103.445722721517, 4009.6688992343843, 3884.5188599079847, 3600.0886620022357, 3099.972047843039, 2910.459659062326, 2904.0531148202717, 3090.313952881843, 3396.76767680794, 4299.544672016054, 3404.7737568616867]","[2688.81298828125, 3197.390625, 2606.6103515625, 3100.20166015625, 3097.85693359375, 3022.04638671875, 3498.7919921875, 5503.873046875, 5196.10009765625, 4279.10986328125, 3400.391845703125, 4619.740234375, 3903.845458984375, 4577.9443359375, 4913.67919921875, 3588.37255859375, 3288.239990234375, 3014.812744140625, 4284.93505859375, 3886.478271484375, 3103.345703125, 4007.078857421875, 3884.399658203125, 3599.9765625, 3099.872314453125, 2902.324951171875, 2893.260986328125, 3090.216796875, 3396.66162109375, 4299.4130859375, 3404.66748046875]","[0.0, 0.0, 0.0, 0.0, 0.0, 0.0, 0.0, 0.0, 0.0, 0.0, 0.0, 0.0, 0.0, 0.0, 0.0, 0.0, 0.0, 0.0, 0.0, 0.0, 0.0, 0.0, 0.0, 0.0, 0.0, 0.0, 0.0, 0.0, 0.0, 0.0, 0.0]",2688.905816990882,2688.81298828125,3692.7646771539003,3688.7212890625,3451.729736328125,5069.010693359374,0.27109665427017204,14.780145168304443,15.02734375,14.27498483657837,15.046875,2.058094024658203,2.062000274658203,0.00390625,0.0,0.22040557861328125,0.22040557861328125,1.0,0.22040557861328125,0.007871627807617188,1736,6.806083679199219,0.22040557861328125,1736,0.0,False,896,1792,0,True,True,32,31,stagekv_bidirectional_r0,bidirectional,0,2,4096,4,False,10,32,True,True
ok,"[220, 16, 15, 15, 4, 220, 16, 15, 15, 4, 220, 16, 15, 15, 4, 220, 16, 15, 15, 4, 220, 16, 15, 15, 4, 220, 16, 15, 15, 4, 220, 16]","[220, 16, 15, 15, 4, 220, 16, 15, 15, 4, 220, 16, 15, 15, 4, 220, 16, 15, 15, 4, 220, 16, 15, 15, 4, 220, 16, 15, 15, 4, 220, 16]",3181.4070004038513,3181.310791015625,3181.4070004038513,3181.310791015625,1287.5196009039919,"[2497.1876232884824, 3092.980691231787, 2098.7674752250314, 2599.049999844283, 2400.193673092872, 2599.9181321822107, 1804.5403226278722, 3072.8553226217628, 2622.0727441832423, 2499.075009021908, 2700.2980150282383, 2400.457765907049, 2582.4997881427407, 2016.5440710261464, 1898.9190189167857, 1784.1224852018058, 1702.811671886593, 2002.3444760590792, 2892.7840809337795, 2101.731749717146, 2714.2031779512763, 1900.8272578939795, 1982.7383807860315, 1905.9017631225288, 2493.7618197873235, 2002.6768674142659, 2499.1287500597537, 2897.928182967007, 1804.72889309749, 2695.195878390223, 2118.3808469213545]","[2489.960693359375, 3092.887451171875, 2098.704345703125, 2598.96923828125, 2400.11962890625, 2599.83984375, 1804.4854736328125, 2996.65625, 2621.98974609375, 2499.000244140625, 2700.219482421875, 2400.386962890625, 2582.425537109375, 2016.4852294921875, 1898.8603515625, 1784.06787109375, 1702.7603759765625, 2002.2845458984375, 2892.70166015625, 2101.6689453125, 2714.126220703125, 1900.769287109375, 1982.6810302734375, 1905.84716796875, 2493.69091796875, 2002.6195068359375, 2499.058837890625, 2897.847412109375, 1804.677978515625, 2695.1181640625, 2118.321044921875]","[0.0, 0.0, 0.0, 0.0, 0.0, 0.0, 0.0, 0.0, 0.0, 0.0, 0.0, 0.0, 0.0, 0.0, 0.0, 0.0, 0.0, 0.0, 0.0, 0.0, 0.0, 0.0, 0.0, 0.0, 0.0, 0.0, 0.0, 0.0, 0.0, 0.0, 0.0]",2497.1876232884824,2489.960693359375,2329.5812770413854,2326.975691731771,2400.2532958984375,2952.1922729492185,0.4297423490727506,14.862176418304443,15.02734375,14.35701608657837,15.046875,2.062000274658203,2.062000274658203,0.0,0.05510139465332031,0.16530418395996094,0.22040557861328125,1.0,0.22040557861328125,0.007871627807617188,1736,5.104562759399414,0.16530418395996094,1736,0.0,False,896,1792,0,True,True,32,31,stagekv_bidirectional_r1,bidirectional,1,2,4096,4,False,11,32,True,True
ok,"[220, 16, 15, 15, 4, 220, 16, 15, 15, 4, 220, 16, 15, 15, 4, 220, 16, 15, 15, 4, 220, 16, 15, 15, 4, 220, 16, 15, 15, 4, 220, 16]","[220, 16, 15, 15, 4, 220, 16, 15, 15, 4, 220, 16, 15, 15, 4, 220, 16, 15, 15, 4, 220, 16, 15, 15, 4, 220, 16, 15, 15, 4, 220, 16]",3219.217173755169,3215.66943359375,3219.217173755169,3215.66943359375,1273.7627684019794,"[1691.154764033854, 1895.432576071471, 2003.0047693289816, 1811.7199488915503, 1584.702623076737, 2197.6845478639007, 2599.73132237792, 2301.413305103779, 1898.146613035351, 1799.6983099728823, 1499.635074287653, 1601.867537945509, 1503.8845986127853, 1695.683917030692, 2016.1368092522025, 1681.8016530014575, 1502.0617661066353, 1499.7063339687884, 1600.3935327753425, 1602.040498983115, 1497.356927022338, 1500.1194798387587, 1502.1550259552896, 1796.055699698627, 2299.8408852145076, 2201.908763963729, 2000.587048009038, 2099.4672630913556, 2002.5095189921558, 2896.532068029046, 2099.78090506047]","[1691.1083984375, 1895.373046875, 2002.9481201171875, 1811.66796875, 1584.6572265625, 2197.624755859375, 2599.657470703125, 2301.347900390625, 1898.091552734375, 1799.646240234375, 1499.5906982421875, 1601.821533203125, 1503.84130859375, 1695.636474609375, 2016.079833984375, 1681.754150390625, 1502.0185546875, 1499.66357421875, 1600.34716796875, 1601.9957275390625, 1497.3143310546875, 1500.0770263671875, 1502.11181640625, 1796.0018310546875, 2299.773681640625, 2201.84765625, 2000.52294921875, 2099.40478515625, 2002.447509765625, 2896.452392578125, 2099.705810546875]","[0.0, 0.0, 0.0, 0.0, 0.0, 0.0, 0.0, 0.0, 0.0, 0.0, 0.0, 0.0, 0.0, 0.0, 0.0, 0.0, 0.0, 0.0, 0.0, 0.0, 0.0, 0.0, 0.0, 0.0, 0.0, 0.0, 0.0, 0.0, 0.0, 0.0, 0.0]",1691.154764033854,1691.1083984375,1873.0353107520689,1872.9807698567708,1805.6571044921875,2465.4181640624993,0.5339083113365181,14.895556449890137,15.16015625,14.388335704803467,15.1796875,2.062000274658203,2.062000274658203,0.0,0.11020278930664062,0.11020278930664062,0.22040557861328125,1.0,0.22040557861328125,0.007871627807617188,868,3.4030418395996094,0.11020278930664062,868,0.0,False,896,1792,0,True,True,32,31,stagekv_bidirectional_r2,bidirectional,2,2,4096,4,False,12,32,True,True
ok,"[220, 16, 15, 15, 4, 220, 16, 15, 15, 4, 220, 16, 15, 15, 4, 220, 16, 15, 15, 4, 220, 16, 15, 15, 4, 220, 16, 15, 15, 4, 220, 16]","[220, 16, 15, 15, 4, 220, 16, 15, 15, 4, 220, 16, 15, 15, 4, 220, 16, 15, 15, 4, 220, 16, 15, 15, 4, 220, 16, 15, 15, 4, 220, 16]",3086.5922970697284,3006.689208984375,3086.5922970697284,3006.689208984375,1362.2957729587163,"[3001.5068538486958, 2403.345271013677, 2599.8480622656643, 2297.9079778306186, 2902.319184038788, 3201.0515150614083, 3078.2090188004076, 3716.5711699053645, 3798.94119175151, 5602.593278046697, 3702.908283099532, 3496.16840807721, 3800.05108891055, 4082.952184136957, 5500.035913661122, 3400.8172433823347, 3715.41367797181, 2986.6845118813217, 3296.3990475982428, 3105.3418647497892, 4092.408925294876, 2905.871396884322, 3411.785318981856, 3792.6990878768265, 3489.7572710178792, 3197.4068889394403, 3019.8573512025177, 3091.5844249539077, 3184.3649791553617, 3806.0533381067216, 185.51655299961567]","[3001.426025390625, 2403.2841796875, 2599.781494140625, 2297.847900390625, 2902.247314453125, 3200.9697265625, 3078.1328125, 3716.47900390625, 3798.847412109375, 5602.45654296875, 3702.81884765625, 3496.084228515625, 3799.96044921875, 4082.85498046875, 5499.9072265625, 3400.71923828125, 3715.32568359375, 2986.61279296875, 3296.3212890625, 3105.268798828125, 4092.314208984375, 2905.802734375, 3411.70654296875, 3785.0283203125, 3489.679443359375, 3197.333251953125, 3019.787353515625, 3084.0634765625, 3184.29296875, 3805.967041015625, 185.5088653564453]","[0.0, 0.0, 0.0, 0.0, 0.0, 0.0, 0.0, 0.0, 0.0, 0.0, 0.0, 0.0, 0.0, 0.0, 0.0, 0.0, 0.0, 0.0, 0.0, 0.0, 0.0, 0.0, 0.0, 0.0, 0.0, 0.0, 0.0, 0.0, 0.0, 0.0, 0.0]",3001.5068538486958,3001.426025390625,3362.1621475865445,3361.5801376342774,3348.520263671875,4866.490368652339,0.2974791494049442,14.780145168304443,15.03515625,14.26521921157837,15.03515625,2.062000274658203,2.062000274658203,0.0,0.0,0.22040557861328125,0.22040557861328125,1.0,0.22040557861328125,0.0,1736,6.8077392578125,0.22040557861328125,0,0.0,False,0,0,0,False,False,32,31,stagekv_sync_r0,sync,0,2,4096,5,False,0,32,True,True
ok,"[220, 16, 15, 15, 4, 220, 16, 15, 15, 4, 220, 16, 15, 15, 4, 220, 16, 15, 15, 4, 220, 16, 15, 15, 4, 220, 16, 15, 15, 4, 220, 16]","[220, 16, 15, 15, 4, 220, 16, 15, 15, 4, 220, 16, 15, 15, 4, 220, 16, 15, 15, 4, 220, 16, 15, 15, 4, 220, 16, 15, 15, 4, 220, 16]",3158.3888670429587,3158.313720703125,3158.3888670429587,3158.313720703125,1296.8945969965648,"[2685.7668538577855, 2399.0220217965543, 3004.3876860290766, 2596.6657949611545, 2500.470340717584, 2497.3885980434716, 2501.334851142019, 2901.224536821246, 2491.130176000297, 2681.7212221212685, 3017.9402958601713, 2799.842114094645, 2882.078719791025, 2417.9022358730435, 2282.589945010841, 2499.390139244497, 1999.081689864397, 2202.4912047199905, 2099.6053679846227, 2498.653037007898, 2000.6434889510274, 1999.831974040717, 2597.239848226309, 3000.65380288288, 2299.8734833672643, 1904.2808250524104, 1997.1677870489657, 2496.5750430710614, 2003.7503568455577, 1916.0558222793043, 154.93596764281392]","[2685.695068359375, 2398.9658203125, 3004.291015625, 2596.60595703125, 2500.412353515625, 2497.330078125, 2501.276611328125, 2901.158935546875, 2491.076171875, 2681.660400390625, 3017.872314453125, 2799.77880859375, 2882.01513671875, 2417.847412109375, 2282.5380859375, 2499.3310546875, 1999.035400390625, 2202.441650390625, 2099.557373046875, 2498.597900390625, 2000.597900390625, 1999.7869873046875, 2597.182861328125, 3000.58837890625, 2299.8212890625, 1904.237548828125, 1997.122802734375, 2496.5205078125, 2003.705810546875, 1916.0125732421875, 154.92813110351562]","[0.0, 0.0, 0.0, 0.0, 0.0, 0.0, 0.0, 0.0, 0.0, 0.0, 0.0, 0.0, 0.0, 0.0, 0.0, 0.0, 0.0, 0.0, 0.0, 0.0, 0.0, 0.0, 0.0, 0.0, 0.0, 0.0, 0.0, 0.0, 0.0, 0.0, 0.0]",2685.7668538577855,2685.695068359375,2354.797612549737,2354.7432423909504,2493.79833984375,3002.6248291015627,0.4246747509442362,14.862176418304443,15.03515625,14.34725046157837,15.03515625,2.062000274658203,2.062000274658203,0.0,0.05510139465332031,0.16530418395996094,0.22040557861328125,1.0,0.22040557861328125,0.0,1736,5.105804443359375,0.16530418395996094,0,0.0,False,0,0,0,False,False,32,31,stagekv_sync_r1,sync,1,2,4096,5,False,1,32,True,True
ok,"[220, 16, 15, 15, 4, 220, 16, 15, 15, 4, 220, 16, 15, 15, 4, 220, 16, 15, 15, 4, 220, 16, 15, 15, 4, 220, 16, 15, 15, 4, 220, 16]","[220, 16, 15, 15, 4, 220, 16, 15, 15, 4, 220, 16, 15, 15, 4, 220, 16, 15, 15, 4, 220, 16, 15, 15, 4, 220, 16, 15, 15, 4, 220, 16]",3997.5554179400206,3997.473388671875,3997.5554179400206,3997.473388671875,1024.6472213191792,"[3087.4165832065046, 2999.861035030335, 2698.8370371982455, 2104.0389612317085, 2781.8768080323935, 2213.2380520924926, 2601.242336910218, 2382.6532349921763, 2317.107649985701, 2298.902442678809, 2199.972238857299, 2099.7503148391843, 2181.8741941824555, 2119.5215391926467, 2078.7076000124216, 2502.7083568274975, 2798.6893239431083, 2515.197614207864, 1986.2340078689158, 1913.432146422565, 2101.8379987217486, 2497.8367150761187, 2584.4870330765843, 1896.632342133671, 2402.4098366498947, 2219.12786597386, 1979.9425560049713, 1805.8948637917638, 2195.713829714805, 2198.5467690974474, 58.16871207207441]","[3087.350830078125, 2999.784423828125, 2698.7783203125, 2103.9921875, 2781.8291015625, 2213.188720703125, 2601.183349609375, 2382.60107421875, 2317.056884765625, 2298.851318359375, 2199.922607421875, 2099.70458984375, 2181.82666015625, 2119.47509765625, 2078.66259765625, 2502.655029296875, 2798.620849609375, 2504.386474609375, 1986.1923828125, 1902.403564453125, 2101.793701171875, 2487.510986328125, 2584.43359375, 1806.9339599609375, 2402.359375, 2219.081787109375, 1979.90087890625, 1805.8564453125, 2195.6669921875, 2198.499267578125, 58.16320037841797]","[0.0, 0.0, 0.0, 0.0, 0.0, 0.0, 0.0, 0.0, 0.0, 0.0, 0.0, 0.0, 0.0, 0.0, 0.0, 0.0, 0.0, 0.0, 0.0, 0.0, 0.0, 0.0, 0.0, 0.0, 0.0, 0.0, 0.0, 0.0, 0.0, 0.0, 0.0]",3087.4165832065046,3087.350830078125,2224.481447227299,2220.37718073527,2206.5556640625,2791.064562988281,0.45037393136460424,14.895556449890137,15.19140625,14.380156993865967,15.19140625,2.062000274658203,2.062000274658203,0.0,0.11020278930664062,0.11020278930664062,0.22040557861328125,1.0,0.22040557861328125,0.0,868,3.40386962890625,0.11020278930664062,0,0.0,False,0,0,0,False,False,32,31,stagekv_sync_r2,sync,2,2,4096,5,False,2,32,True,True
ok,"[220, 16, 15, 15, 4, 220, 16, 15, 15, 4, 220, 16, 15, 15, 4, 220, 16, 15, 15, 4, 220, 16, 15, 15, 4, 220, 16, 15, 15, 4, 220, 16]","[220, 16, 15, 15, 4, 220, 16, 15, 15, 4, 220, 16, 15, 15, 4, 220, 16, 15, 15, 4, 220, 16, 15, 15, 4, 220, 16, 15, 15, 4, 220, 16]",424.94942992925644,424.9208068847656,424.94942992925644,424.9208068847656,9639.443241269179,"[25.56098811328411, 25.057160761207342, 25.029439944773912, 25.05321428179741, 25.03923699259758, 25.21419944241643, 25.03082063049078, 25.116733741015196, 25.17817122861743, 25.137092918157578, 25.089311879128218, 25.244075804948807, 24.968221783638, 25.139988865703344, 25.274654384702444, 25.296584703028202, 25.14521824195981, 25.139135774224997, 25.250939186662436, 25.199842173606157, 25.242792908102274, 25.183541234582663, 25.239326991140842, 25.533764623105526, 25.174332782626152, 25.143424980342388, 25.012366008013487, 25.79196495935321, 24.988731369376183, 25.051510892808437, 25.054987985640764]","[25.555967330932617, 25.052160263061523, 25.024511337280273, 25.048063278198242, 25.03446388244629, 25.209535598754883, 25.02579116821289, 25.11155128479004, 25.172992706298828, 25.132831573486328, 25.08415985107422, 25.238527297973633, 24.96291160583496, 25.13497543334961, 25.26924705505371, 25.290752410888672, 25.14022445678711, 25.133056640625, 25.245695114135742, 25.194496154785156, 25.237375259399414, 25.178943634033203, 25.233407974243164, 25.5284481048584, 25.167871475219727, 25.13817596435547, 25.006080627441406, 25.78643226623535, 24.983552932739258, 25.046016693115234, 25.049087524414062]","[0.0, 0.0, 0.0, 0.0, 0.0, 0.0, 0.0, 0.0, 0.0, 0.0, 0.0, 0.0, 0.0, 0.0, 0.0, 0.0, 0.0, 0.0, 0.0, 0.0, 0.0, 0.0, 0.0, 0.0, 0.0, 0.0, 0.0, 0.0, 0.0, 0.0, 0.0]",25.56098811328411,25.555967330932617,25.167359582458932,25.16204465230306,25.13657569885254,25.421485042572023,39.74239827558969,15.000550746917725,15.3671875,14.483302593231201,15.3671875,2.062000274658203,2.062000274658203,0.0,0.22040557861328125,0.0,0.22040557861328125,1.0,0.22040557861328125,0.0,0,0.0,0.0,0,0.0,False,0,0,0,False,False,32,31,stagekv_sync_r4,sync,4,2,4096,5,False,3,32,True,True
ok,"[220, 16, 15, 15, 4, 220, 16, 15, 15, 4, 220, 16, 15, 15, 4, 220, 16, 15, 15, 4, 220, 16, 15, 15, 4, 220, 16, 15, 15, 4, 220, 16]","[220, 16, 15, 15, 4, 220, 16, 15, 15, 4, 220, 16, 15, 15, 4, 220, 16, 15, 15, 4, 220, 16, 15, 15, 4, 220, 16, 15, 15, 4, 220, 16]",3614.354534074664,3614.2900390625,3614.354534074664,3614.2900390625,1133.2792763533857,"[3387.4991959892213, 2502.278116066009, 2499.542857054621, 2496.553897857666, 3301.0311210528016, 3698.9131923764944, 3898.0278549715877, 4076.51686668396, 4798.5264882445335, 4615.700947120786, 5299.67715125531, 5821.154122240841, 4200.614867731929, 3704.183354973793, 4911.7630226537585, 4213.425477966666, 4675.371544901282, 4699.676847085357, 3710.478395689279, 3588.6670160107315, 3506.3786772079766, 4102.268140763044, 2489.4447759725153, 2402.0912148989737, 1986.170087940991, 4402.038753032684, 4210.77323006466, 4603.969193994999, 5500.383719801903, 4299.146872013807, 50.81739975139499]","[3387.431640625, 2502.2265625, 2499.490966796875, 2496.502685546875, 3300.96435546875, 3698.840576171875, 3897.9501953125, 4076.4375, 4798.43310546875, 4615.61328125, 5299.57568359375, 5821.04541015625, 4200.5361328125, 3704.113037109375, 4911.67138671875, 4205.96728515625, 4675.28515625, 4699.59033203125, 3700.925537109375, 3588.600830078125, 3506.314208984375, 4102.19091796875, 2489.397216796875, 2402.044677734375, 1986.1329345703125, 4401.958984375, 4199.8046875, 4603.87939453125, 5500.28076171875, 4299.06884765625, 50.81292724609375]","[3021.318791270256, 2178.0004438757896, 2337.3324435949326, 2081.6708377599716, 3036.0118193626404, 3486.000973701477, 3545.101001381874, 3926.2871236801147, 4563.487789154053, 4424.764204978943, 5077.4604687690735, 5777.963680267334, 4078.9509785175323, 3449.6435527801514, 4684.4200130701065, 3992.596566438675, 4521.546954154968, 4548.356144666672, 3619.3398852348328, 3179.7677323818207, 3213.958565592766, 3923.2697694301605, 1988.6747478246689, 2072.708587884903, 1566.6659188270569, 4242.837679743767, 4059.333752155304, 4290.721772313118, 5464.845342159271, 4165.955361843109, 27.897055953741074]",3387.4991959892213,3387.431640625,3808.852840246012,3807.855185953776,4089.314208984375,5409.9634765625,0.262615028977139,14.780145168304443,15.0078125,14.27266263961792,15.02734375,2.062000274658203,2.062000274658203,0.0,0.0,0.22040557861328125,0.22040557861328125,1.0,0.22040557861328125,0.007871627807617188,1736,6.8077392578125,0.22040557861328125,1736,110546.88995876908,True,0,0,0,True,False,32,31,stagekv_async_r0,async,0,2,4096,5,False,4,32,True,True
ok,"[220, 16, 15, 15, 4, 220, 16, 15, 15, 4, 220, 16, 15, 15, 4, 220, 16, 15, 15, 4, 220, 16, 15, 15, 4, 220, 16, 15, 15, 4, 220, 16]","[220, 16, 15, 15, 4, 220, 16, 15, 15, 4, 220, 16, 15, 15, 4, 220, 16, 15, 15, 4, 220, 16, 15, 15, 4, 220, 16, 15, 15, 4, 220, 16]",3649.941516108811,3649.876953125,3649.941516108811,3649.876953125,1122.2296128347648,"[2489.179268013686, 1899.4813710451126, 1798.0188690125942, 2199.713887181133, 1998.2152529992163, 2081.6233339719474, 2018.5792241245508, 2101.4730758033693, 1795.2045421116054, 2591.821348760277, 2021.3915170170367, 2179.690525867045, 2517.6233467645943, 1900.1365946605802, 2692.902136128396, 2477.8649690560997, 2119.26684435457, 2402.5337868370116, 2215.9206019714475, 2403.0539160594344, 3197.392778005451, 2385.3860390372574, 1984.481097664684, 1975.9043669328094, 1898.358479142189, 2095.777320675552, 2097.6879028603435, 1999.7879569418728, 1806.0191702097654, 1803.4322718158364, 77.37863715738058]","[2489.120849609375, 1899.4442138671875, 1797.9842529296875, 2199.671875, 1998.17626953125, 2081.584228515625, 2018.54052734375, 2101.433349609375, 1795.170166015625, 2591.773681640625, 2021.353515625, 2179.6484375, 2517.57666015625, 1900.1005859375, 2692.852783203125, 2402.185302734375, 2119.227294921875, 2402.489501953125, 2215.879638671875, 2403.01025390625, 3197.33544921875, 2385.34228515625, 1984.443359375, 1975.867431640625, 1898.32275390625, 2095.73779296875, 2097.647705078125, 1999.7501220703125, 1805.985595703125, 1803.399169921875, 77.37324523925781]","[2285.0415639281273, 1765.838337302208, 1565.0104815363884, 2006.230761706829, 1936.3594588041306, 1945.3464605212212, 1816.3443095684052, 1879.5357269644737, 1600.3343563377857, 2392.978400886059, 1976.6758489012718, 2004.9265592098236, 2365.924434006214, 1838.5360126495361, 2352.41814827919, 2255.5269829034805, 1994.8089331388474, 2164.167282164097, 2048.0432034134865, 2125.0462630987167, 3136.9653685092926, 2300.5882744789124, 1932.0257199406624, 1666.8241624236107, 1858.9669214487076, 1926.9907468557358, 1981.458092480898, 1950.218501508236, 1742.5505694150925, 1750.680154800415, 54.31654381752014]",2489.179268013686,2489.120849609375,2091.204038805639,2088.643581644694,2088.6610107421875,2647.3671874999995,0.47877962941506463,14.862176418304443,15.0078125,14.35469388961792,15.02734375,2.062000274658203,2.062000274658203,0.0,0.05510139465332031,0.16530418395996094,0.22040557861328125,1.0,0.22040557861328125,0.007871627807617188,1736,5.105804443359375,0.16530418395996094,1736,60620.678580999374,True,0,0,0,True,False,32,31,stagekv_async_r1,async,1,2,4096,5,False,5,32,True,True
ok,"[220, 16, 15, 15, 4, 220, 16, 15, 15, 4, 220, 16, 15, 15, 4, 220, 16, 15, 15, 4, 220, 16, 15, 15, 4, 220, 16, 15, 15, 4, 220, 16]","[220, 16, 15, 15, 4, 220, 16, 15, 15, 4, 220, 16, 15, 15, 4, 220, 16, 15, 15, 4, 220, 16, 15, 15, 4, 220, 16, 15, 15, 4, 220, 16]",2727.7394239790738,2664.2158203125,2727.7394239790738,2664.2158203125,1537.412986129464,"[2402.6182321831584, 1918.4915130026639, 2699.772692285478, 2199.685549829155, 1899.3568788282573, 2680.985261220485, 2219.3513670936227, 1997.304336167872, 2599.2371663451195, 2481.595397926867, 2517.386986874044, 2480.786988977343, 2017.1586847864091, 1799.3988669477403, 3395.5200677737594, 2187.2397903352976, 1895.6959680654109, 2197.6217348128557, 1896.7861258424819, 2101.2101732194424, 1897.2461759112775, 2800.872170832008, 3398.954425007105, 2381.8911318667233, 2300.4049099981785, 1893.8371827825904, 2711.8284106254578, 1781.614491250366, 1913.5082610882819, 1883.5916141979396, 58.63839341327548]","[2402.575439453125, 1918.454833984375, 2699.724609375, 2199.645263671875, 1899.3203125, 2680.9375, 2219.309326171875, 1997.2669677734375, 2599.189697265625, 2481.55126953125, 2517.342529296875, 2480.744384765625, 2017.1214599609375, 1799.3656005859375, 3384.279052734375, 2187.200439453125, 1895.6513671875, 2197.583740234375, 1896.751220703125, 2101.171875, 1897.211669921875, 2800.823974609375, 3387.77587890625, 2381.8486328125, 2300.364013671875, 1893.802734375, 2711.781494140625, 1781.5819091796875, 1913.4747314453125, 1883.5587158203125, 58.63315200805664]","[2320.127282142639, 1872.354153394699, 2636.539566755295, 2137.747666954994, 1689.6022118330002, 1964.7203550338745, 2024.0931842327118, 1968.1812829971313, 2538.2020139694214, 2333.980702519417, 2386.229558944702, 2346.6809258461, 1885.1102595329285, 1666.665369272232, 3171.2910693883896, 2018.9291253089905, 1644.8668410778046, 2133.737669944763, 1763.0306510925293, 1966.6886429786682, 1538.4839305877686, 2674.607748031616, 3320.6907436847687, 2149.686986923218, 2181.239193201065, 1732.3087978363037, 2483.3421971797943, 1665.022381067276, 1664.2442150115967, 1641.1898114681244, 35.50550401210785]",2402.6182321831584,2402.575439453125,2206.899090576917,2206.115611902873,2192.39208984375,3121.7242675781235,0.45328540109348825,14.895556449890137,15.19140625,14.38617992401123,15.2109375,2.062000274658203,2.062000274658203,0.0,0.11020278930664062,0.11020278930664062,0.22040557861328125,1.0,0.22040557861328125,0.007871627807617188,868,3.40386962890625,0.11020278930664062,868,63555.10004222393,True,0,0,0,True,False,32,31,stagekv_async_r2,async,2,2,4096,5,False,6,32,True,True
ok,"[220, 16, 15, 15, 4, 220, 16, 15, 15, 4, 220, 16, 15, 15, 4, 220, 16, 15, 15, 4, 220, 16, 15, 15, 4, 220, 16, 15, 15, 4, 220, 16]","[220, 16, 15, 15, 4, 220, 16, 15, 15, 4, 220, 16, 15, 15, 4, 220, 16, 15, 15, 4, 220, 16, 15, 15, 4, 220, 16, 15, 15, 4, 220, 16]",423.4722349792719,423.446533203125,423.4722349792719,423.446533203125,9673.00397765961,"[24.673554114997387, 24.32051580399275, 24.35487974435091, 24.625041987746954, 24.216558784246445, 24.434279650449753, 24.350702296942472, 24.515835102647543, 24.30217107757926, 24.27928801625967, 24.252365808933973, 24.34089407324791, 24.560509249567986, 24.338209070265293, 24.36629217118025, 25.378700345754623, 24.386098608374596, 24.755238089710474, 24.963221978396177, 24.516836740076542, 24.505605921149254, 24.48510704562068, 24.997327011078596, 25.313715916126966, 25.288078002631664, 25.157990865409374, 25.272828992456198, 25.235457811504602, 25.152561254799366, 25.183750316500664, 25.002697948366404]","[24.6691837310791, 24.31590461730957, 24.349695205688477, 24.62006378173828, 24.211679458618164, 24.429279327392578, 24.345600128173828, 24.51046371459961, 24.29747200012207, 24.274944305419922, 24.246944427490234, 24.335712432861328, 24.55449676513672, 24.332992553710938, 24.360960006713867, 25.373695373535156, 24.380416870117188, 24.750080108642578, 24.95795249938965, 24.51148796081543, 24.500959396362305, 24.48076820373535, 24.992544174194336, 25.30816078186035, 25.282560348510742, 25.163776397705078, 25.267200469970703, 25.230335235595703, 25.147232055664062, 25.178112030029297, 24.996864318847656]","[0.0, 0.0, 0.0, 0.0, 0.0, 0.0, 0.0, 0.0, 0.0, 0.0, 0.0, 0.0, 0.0, 0.0, 0.0, 0.0, 0.0, 0.0, 0.0, 0.0, 0.0, 0.0, 0.0, 0.0, 0.0, 0.0, 0.0, 0.0, 0.0, 0.0, 0.0]",24.673554114997387,24.6691837310791,24.695091989512246,24.690278498331704,24.51097583770752,25.29664058685303,40.50177077053096,15.000550746917725,15.3671875,14.483302593231201,15.3671875,2.062000274658203,2.062000274658203,0.0,0.22040557861328125,0.0,0.22040557861328125,1.0,0.22040557861328125,0.0,0,0.0,0.0,0,0.0,True,0,0,0,False,False,32,31,stagekv_async_r4,async,4,2,4096,5,False,7,32,True,True
ok,"[220, 16, 15, 15, 4, 220, 16, 15, 15, 4, 220, 16, 15, 15, 4, 220, 16, 15, 15, 4, 220, 16, 15, 15, 4, 220, 16, 15, 15, 4, 220, 16]","[220, 16, 15, 15, 4, 220, 16, 15, 15, 4, 220, 16, 15, 15, 4, 220, 16, 15, 15, 4, 220, 16, 15, 15, 4, 220, 16, 15, 15, 4, 220, 16]",3610.969914123416,3543.635009765625,3610.969914123416,3543.635009765625,1155.8752492037572,"[6317.468649707735, 3887.5819542445242, 4000.2030306495726, 4196.8838148750365, 3616.8383941985667, 3585.019221995026, 3196.9324722886086, 4217.435966711491, 3199.373137205839, 2800.8998301811516, 3582.1794257499278, 4399.908899795264, 3818.2743210345507, 3684.4694246537983, 4597.136890981346, 3603.8050637580454, 3497.065031901002, 3395.114286337048, 3418.291376903653, 3700.9595022536814, 3883.719168137759, 4017.8727810271084, 3681.5875149331987, 2818.016059231013, 2489.253949839622, 2896.148375235498, 3292.7036732435226, 3705.084758810699, 3613.0447457544506, 4086.9784862734377, 3515.065322164446]","[6305.70166015625, 3887.5146484375, 4000.13720703125, 4196.81494140625, 3616.775146484375, 3584.9521484375, 3196.87890625, 4217.36669921875, 3199.314697265625, 2800.849853515625, 3582.116943359375, 4399.8330078125, 3818.208251953125, 3684.402099609375, 4597.05712890625, 3603.741455078125, 3497.008056640625, 3302.71875, 3407.48583984375, 3700.894775390625, 3883.652099609375, 4017.805419921875, 3681.526611328125, 2817.968017578125, 2489.2109375, 2896.09716796875, 3200.343017578125, 3705.0205078125, 3602.252685546875, 4086.91162109375, 3515.005859375]","[0.0, 0.0, 0.0, 0.0, 0.0, 0.0, 0.0, 0.0, 0.0, 0.0, 0.0, 0.0, 0.0, 0.0, 0.0, 0.0, 0.0, 0.0, 0.0, 0.0, 0.0, 0.0, 0.0, 0.0, 0.0, 0.0, 0.0, 0.0, 0.0, 0.0, 0.0]",6317.468649707735,6305.70166015625,3613.261562678963,3606.328816731771,3610.25830078125,4317.723168945312,0.2772903001413632,14.780145168304443,15.02734375,14.27498483657837,15.046875,2.062000274658203,2.062000274658203,0.0,0.0,0.22040557861328125,0.22040557861328125,1.0,0.22040557861328125,0.007871627807617188,1736,6.806083679199219,0.22040557861328125,1736,0.0,False,896,1792,0,True,True,32,31,stagekv_bidirectional_r0,bidirectional,0,2,4096,5,False,8,32,True,True
ok,"[220, 16, 15, 15, 4, 220, 16, 15, 15, 4, 220, 16, 15, 15, 4, 220, 16, 15, 15, 4, 220, 16, 15, 15, 4, 220, 16, 15, 15, 4, 220, 16]","[220, 16, 15, 15, 4, 220, 16, 15, 15, 4, 220, 16, 15, 15, 4, 220, 16, 15, 15, 4, 220, 16, 15, 15, 4, 220, 16, 15, 15, 4, 220, 16]",2966.6709206067026,2962.534423828125,2966.6709206067026,2962.534423828125,1382.5999681405337,"[2119.6973989717662, 2902.635403908789, 2106.6600792109966, 2790.3843433596194, 2979.721150826663, 2821.963593363762, 2281.1211929656565, 2918.308014050126, 2000.065297819674, 2200.3650567494333, 2782.7552668750286, 2816.2549319677055, 2683.704312890768, 2097.568390890956, 2299.240405205637, 2400.743344798684, 2300.6898160092533, 2798.995701596141, 1917.709578294307, 2084.176804870367, 1903.7044737488031, 2011.1681851558387, 2182.7526642009616, 1917.529788799584, 1884.002935141325, 1998.6014501191676, 2506.668675225228, 1893.6598901636899, 1915.3851447626948, 2179.9648157320917, 1803.201163187623]","[2119.68310546875, 2902.5791015625, 2100.974609375, 2790.335205078125, 2908.475341796875, 2821.919677734375, 2281.082763671875, 2918.254638671875, 2000.0286865234375, 2200.326171875, 2782.70263671875, 2816.2099609375, 2683.6611328125, 2097.5341796875, 2299.20263671875, 2400.704833984375, 2300.652587890625, 2798.950439453125, 1917.6776123046875, 2084.142333984375, 1903.67333984375, 2011.135986328125, 2182.717529296875, 1917.498291015625, 1883.97265625, 1998.5693359375, 2506.628173828125, 1893.6279296875, 1915.35400390625, 2179.921142578125, 1803.1708984375]","[0.0, 0.0, 0.0, 0.0, 0.0, 0.0, 0.0, 0.0, 0.0, 0.0, 0.0, 0.0, 0.0, 0.0, 0.0, 0.0, 0.0, 0.0, 0.0, 0.0, 0.0, 0.0, 0.0, 0.0, 0.0, 0.0, 0.0, 0.0, 0.0, 0.0, 0.0]",2119.6973989717662,2119.68310546875,2312.656729063019,2310.0561279296876,2191.5218505859375,2905.8220336914064,0.43288991462567505,14.862176418304443,15.02734375,14.35701608657837,15.046875,2.062000274658203,2.062000274658203,0.0,0.05510139465332031,0.16530418395996094,0.22040557861328125,1.0,0.22040557861328125,0.007871627807617188,1736,5.104562759399414,0.16530418395996094,1736,0.0,False,896,1792,0,True,True,32,31,stagekv_bidirectional_r1,bidirectional,1,2,4096,5,False,9,32,True,True
ok,"[220, 16, 15, 15, 4, 220, 16, 15, 15, 4, 220, 16, 15, 15, 4, 220, 16, 15, 15, 4, 220, 16, 15, 15, 4, 220, 16, 15, 15, 4, 220, 16]","[220, 16, 15, 15, 4, 220, 16, 15, 15, 4, 220, 16, 15, 15, 4, 220, 16, 15, 15, 4, 220, 16, 15, 15, 4, 220, 16, 15, 15, 4, 220, 16]",3511.7719247937202,3444.876220703125,3511.7719247937202,3444.876220703125,1189.0122424090976,"[2521.3243342004716, 3183.584582991898, 2716.292125172913, 1999.7705980204046, 2381.395780015737, 2000.0870120711625, 1817.6559801213443, 1688.9986130408943, 1597.14361326769, 1897.5714440457523, 1699.4633488357067, 1904.275856912136, 1894.088139757514, 1703.0279282480478, 1697.935314849019, 1600.6798632442951, 1814.553297124803, 1588.8046962209046, 1692.9752631112933, 1600.7672064006329, 1502.2097611799836, 1597.85612905398, 1801.873211748898, 1896.252719219774, 1616.4637538604438, 1889.2681957222521, 1497.1072380430996, 1799.807844683528, 2498.350088018924, 1699.7785940766335, 2100.0100867822766]","[2521.282470703125, 3183.5341796875, 2716.248046875, 1999.73681640625, 2381.35009765625, 2000.0501708984375, 1817.6224365234375, 1688.9671630859375, 1597.1163330078125, 1897.539794921875, 1699.4332275390625, 1904.24365234375, 1893.861328125, 1702.9989013671875, 1697.90673828125, 1600.6533203125, 1814.52099609375, 1588.7772216796875, 1692.947509765625, 1600.7401123046875, 1502.1834716796875, 1597.8270263671875, 1801.8426513671875, 1896.2216796875, 1605.55810546875, 1889.2369384765625, 1497.0819091796875, 1799.7772216796875, 2498.311279296875, 1699.7498779296875, 2099.976806640625]","[0.0, 0.0, 0.0, 0.0, 0.0, 0.0, 0.0, 0.0, 0.0, 0.0, 0.0, 0.0, 0.0, 0.0, 0.0, 0.0, 0.0, 0.0, 0.0, 0.0, 0.0, 0.0, 0.0, 0.0, 0.0, 0.0, 0.0, 0.0, 0.0, 0.0, 0.0]",2521.3243342004716,2521.282470703125,1879.2682761947315,1878.867167154948,1800.8099365234375,2618.176501464843,0.5322356031769069,14.895556449890137,15.16015625,14.388335704803467,15.1796875,2.062000274658203,2.062000274658203,0.0,0.11020278930664062,0.11020278930664062,0.22040557861328125,1.0,0.22040557861328125,0.007871627807617188,868,3.4030418395996094,0.11020278930664062,868,0.0,False,896,1792,0,True,True,32,31,stagekv_bidirectional_r2,bidirectional,2,2,4096,5,False,10,32,True,True
ok,"[220, 16, 15, 15, 4, 220, 16, 15, 15, 4, 220, 16, 15, 15, 4, 220, 16, 15, 15, 4, 220, 16, 15, 15, 4, 220, 16, 15, 15, 4, 220, 16]","[220, 16, 15, 15, 4, 220, 16, 15, 15, 4, 220, 16, 15, 15, 4, 220, 16, 15, 15, 4, 220, 16, 15, 15, 4, 220, 16, 15, 15, 4, 220, 16]",416.52726707980037,416.51611328125,416.52726707980037,416.51611328125,9833.95328390141,"[23.73457234352827, 23.186373990029097, 22.740169893950224, 22.826572880148888, 22.983619943261147, 22.768914233893156, 22.815502248704433, 22.80167629942298, 22.777489852160215, 23.009309079498053, 23.39526917785406, 23.33176927641034, 23.574728053063154, 23.61124660819769, 23.682712577283382, 23.72834924608469, 23.64445012062788, 23.646283894777298, 23.700166027992964, 23.600226268172264, 23.700908292084932, 23.67111062631011, 23.626847192645073, 23.598934058099985, 23.605416994541883, 23.644660133868456, 23.68289278820157, 23.671762086451054, 23.66458810865879, 23.58403615653515, 23.67222309112549]","[23.730144500732422, 23.181312561035156, 22.735872268676758, 22.821792602539062, 22.978559494018555, 22.764543533325195, 22.810623168945312, 22.796287536621094, 22.772735595703125, 23.004159927368164, 23.390207290649414, 23.326719284057617, 23.569408416748047, 23.606143951416016, 23.67692756652832, 23.723007202148438, 23.639039993286133, 23.641088485717773, 23.694528579711914, 23.595008850097656, 23.69536018371582, 23.665664672851562, 23.621631622314453, 23.593856811523438, 23.600128173828125, 23.639039993286133, 23.677791595458984, 23.666688919067383, 23.65951919555664, 23.578624725341797, 23.667680740356445]","[0.0, 0.0, 0.0, 0.0, 0.0, 0.0, 0.0, 0.0, 0.0, 0.0, 0.0, 0.0, 0.0, 0.0, 0.0, 0.0, 0.0, 0.0, 0.0, 0.0, 0.0, 0.0, 0.0, 0.0, 0.0, 0.0, 0.0, 0.0, 0.0, 0.0, 0.0]",23.73457234352827,23.730144500732422,23.398273640001815,23.39313176472982,23.59756851196289,23.694985961914064,42.74758976511709,15.000550746917725,15.3125,14.514666557312012,15.3125,2.062000274658203,2.062000274658203,0.0,0.22040557861328125,0.0,0.22040557861328125,1.0,0.22040557861328125,0.0,0,0.0,0.0,0,0.0,False,0,0,0,False,False,32,31,stagekv_bidirectional_r4,bidirectional,4,2,4096,5,False,11,32,True,True
ok,"[220, 16, 15, 15, 4, 220, 16, 15, 15, 4, 220, 16, 15, 15, 4, 220, 16, 15, 15, 4, 220, 16, 15, 15, 4, 220, 16, 15, 15, 4, 220, 16]","[220, 16, 15, 15, 4, 220, 16, 15, 15, 4, 220, 16, 15, 15, 4, 220, 16, 15, 15, 4, 220, 16, 15, 15, 4, 220, 16, 15, 15, 4, 220, 16]",408.74347602948546,408.732666015625,408.74347602948546,408.732666015625,10021.220079932193,"[22.419572807848454, 22.150684613734484, 22.13732898235321, 22.03764021396637, 22.06319896504283, 21.891352720558643, 21.993156988173723, 21.982856560498476, 21.959672681987286, 22.026379127055407, 21.986253559589386, 21.964712999761105, 22.83453894779086, 21.01432392373681, 21.07829600572586, 21.078105084598064, 21.111007779836655, 21.75434399396181, 22.01161114498973, 21.97794709354639, 21.910259034484625, 21.868310868740082, 21.978307981044054, 21.933793555945158, 22.226769011467695, 21.928024012595415, 22.001050878316164, 21.96426084265113, 22.06376986578107, 21.862519439309835, 22.063169162720442]","[22.414335250854492, 22.145023345947266, 22.131711959838867, 22.032384872436523, 22.0579833984375, 21.88684844970703, 21.987327575683594, 21.977088928222656, 21.954559326171875, 22.021120071411133, 21.981184005737305, 21.959680557250977, 22.830080032348633, 21.009536743164062, 21.07391929626465, 21.07302474975586, 21.106367111206055, 21.74947166442871, 22.006784439086914, 21.97225570678711, 21.90540885925293, 21.86342430114746, 21.97382354736328, 21.9289608001709, 22.22185516357422, 21.922815322875977, 21.995519638061523, 21.958656311035156, 22.05891227722168, 21.857280731201172, 22.05695915222168]","[0.0, 0.0, 0.0, 0.0, 0.0, 0.0, 0.0, 0.0, 0.0, 0.0, 0.0, 0.0, 0.0, 0.0, 0.0, 0.0, 0.0, 0.0, 0.0, 0.0, 0.0, 0.0, 0.0, 0.0, 0.0, 0.0, 0.0, 0.0, 0.0, 0.0, 0.0]",22.419572807848454,22.414335250854492,21.895121534665424,21.889998944600425,21.973039627075195,22.18728084564209,45.682962458372735,14.999261379241943,15.20703125,14.511165142059326,15.20703125,2.062000274658203,2.062000274658203,0.0,0.22040557861328125,0.0,0.22040557861328125,1.0,0.22040557861328125,0.0,0,0.0,0.0,0,0.0,False,0,0,0,False,False,32,31,standard,standard,,,4096,5,False,12,32,True,True
