method,family,resident_kv_heads_r,sequence_length,trial,generated_token_position,phase,token_id,wall_ms,cuda_ms,h2d_event_ms
stagekv_async_r1,async,1,4096,1,1,prefill_ttft,220,2963.6284029111266,2963.642578125,0.0
stagekv_async_r1,async,1,4096,1,2,decode_first,16,2187.083155848086,2187.090576171875,2002.0035814642906
stagekv_async_r1,async,1,4096,1,3,decode_steady,15,2596.654369030148,2581.579833984375,2174.399605989456
stagekv_async_r1,async,1,4096,1,4,decode_steady,15,2503.125039394945,2503.136474609375,2202.212651312351
stagekv_async_r1,async,1,4096,1,5,decode_steady,4,2011.934180278331,2004.389892578125,1796.052921950817
stagekv_async_r1,async,1,4096,1,6,decode_steady,220,2020.9051198326051,2020.912109375,1934.8925795704126
stagekv_async_r1,async,1,4096,1,7,decode_steady,16,2599.1226178593934,2599.13330078125,2409.4553956985474
stagekv_async_r1,async,1,4096,1,8,decode_steady,15,1895.548903848976,1883.409423828125,1658.8715909719467
stagekv_async_r1,async,1,4096,1,9,decode_steady,15,3300.9790163487196,3300.995849609375,3070.714231789112
stagekv_async_r1,async,1,4096,1,10,decode_steady,4,2599.1824897937477,2599.19384765625,2385.2964488863945
stagekv_async_r1,async,1,4096,1,11,decode_steady,220,2602.104111108929,2602.114990234375,2493.511797785759
stagekv_async_r1,async,1,4096,1,12,decode_steady,16,1907.1353860199451,1907.1446533203125,1851.4670640826225
stagekv_async_r1,async,1,4096,1,13,decode_steady,15,2199.26845934242,2199.276611328125,1938.4730585217476
stagekv_async_r1,async,1,4096,1,14,decode_steady,15,1717.5730466842651,1708.020751953125,1431.3357440829277
stagekv_async_r1,async,1,4096,1,15,decode_steady,4,2483.0460413359106,2483.053466796875,2229.4775379002094
stagekv_async_r1,async,1,4096,1,16,decode_steady,220,3416.6107908822596,3416.61376953125,2858.588295340538
stagekv_async_r1,async,1,4096,1,17,decode_steady,16,3118.8509319908917,3118.848388671875,2660.2159690260887
stagekv_async_r1,async,1,4096,1,18,decode_steady,15,2874.9627713114023,2797.2197265625,2572.414631664753
stagekv_async_r1,async,1,4096,1,19,decode_steady,15,2701.9843640737236,2701.98876953125,2670.4278275966644
stagekv_async_r1,async,1,4096,1,20,decode_steady,4,2083.6740899831057,2083.681396484375,1697.0506612956524
stagekv_async_r1,async,1,4096,1,21,decode_steady,220,1984.698054380715,1984.7056884765625,1850.6597409844398
stagekv_async_r1,async,1,4096,1,22,decode_steady,16,2077.9478922486305,2077.955810546875,1956.338462293148
stagekv_async_r1,async,1,4096,1,23,decode_steady,15,2096.982922870666,2096.985107421875,1844.33616361022
stagekv_async_r1,async,1,4096,1,24,decode_steady,15,1983.8154800236225,1983.82080078125,1827.6618416309357
stagekv_async_r1,async,1,4096,1,25,decode_steady,4,2695.9979101084173,2696.009765625,2291.280799508095
stagekv_async_r1,async,1,4096,1,26,decode_steady,220,2396.229934412986,2396.239990234375,2185.421669125557
stagekv_async_r1,async,1,4096,1,27,decode_steady,16,2802.1791400387883,2802.19140625,2576.5197758972645
stagekv_async_r1,async,1,4096,1,28,decode_steady,15,1801.0657606646419,1801.0726318359375,1454.1350825726986
stagekv_async_r1,async,1,4096,1,29,decode_steady,15,1908.4558612667024,1908.463623046875,1855.8007616996765
stagekv_async_r1,async,1,4096,1,30,decode_steady,4,2177.729858085513,2177.73876953125,2013.608273267746
stagekv_async_r1,async,1,4096,1,31,decode_steady,220,2213.996210601181,2214.004638671875,1983.3808516263962
stagekv_async_r1,async,1,4096,1,32,decode_steady,16,84.78611893951893,84.7831039428711,61.53001606464386
stagekv_async_r2,async,2,4096,1,1,prefill_ttft,220,3496.2803926318884,3429.951171875,0.0
stagekv_async_r2,async,2,4096,1,2,decode_first,16,2819.637801963836,2819.643310546875,2734.194281101227
stagekv_async_r2,async,2,4096,1,3,decode_steady,15,2482.7806749381125,2482.791259765625,2248.794350862503
stagekv_async_r2,async,2,4096,1,4,decode_steady,15,2499.390759970993,2499.399658203125,2374.8319363594055
stagekv_async_r2,async,2,4096,1,5,decode_steady,4,1901.5877917408943,1901.5936279296875,1846.4597144126892
stagekv_async_r2,async,2,4096,1,6,decode_steady,220,2797.6890089921653,2797.701171875,2625.1323528289795
stagekv_async_r2,async,2,4096,1,7,decode_steady,16,1900.8851698599756,1900.8909912109375,1727.8124799728394
stagekv_async_r2,async,2,4096,1,8,decode_steady,15,2297.839759849012,2297.848876953125,2058.0208084583282
stagekv_async_r2,async,2,4096,1,9,decode_steady,15,2101.1009300127625,2101.108642578125,1769.4018330574036
stagekv_async_r2,async,2,4096,1,10,decode_steady,4,2899.1634980775416,2899.176513671875,2736.0416090488434
stagekv_async_r2,async,2,4096,1,11,decode_steady,220,1798.9851501770318,1798.9898681640625,1648.335834980011
stagekv_async_r2,async,2,4096,1,12,decode_steady,16,1699.2080244235694,1699.2132568359375,1532.1949110031128
stagekv_async_r2,async,2,4096,1,13,decode_steady,15,2097.5899030454457,2097.597412109375,2058.7349281311035
stagekv_async_r2,async,2,4096,1,14,decode_steady,15,1600.6007650867105,1600.6051025390625,1362.9374026060104
stagekv_async_r2,async,2,4096,1,15,decode_steady,4,2090.322536882013,2090.332275390625,1840.2846620082855
stagekv_async_r2,async,2,4096,1,16,decode_steady,220,1917.3742742277682,1917.380615234375,1690.8978893756866
stagekv_async_r2,async,2,4096,1,17,decode_steady,16,1880.2398471161723,1880.2464599609375,1471.0393583774567
stagekv_async_r2,async,2,4096,1,18,decode_steady,15,1899.0099621005356,1899.0162353515625,1848.1614682674408
stagekv_async_r2,async,2,4096,1,19,decode_steady,15,2003.1450749374926,2003.1529541015625,1870.0417619943619
stagekv_async_r2,async,2,4096,1,20,decode_steady,4,1696.1084161885083,1696.113525390625,1550.5599691867828
stagekv_async_r2,async,2,4096,1,21,decode_steady,220,2090.6546390615404,2090.660888671875,1621.0260789394379
stagekv_async_r2,async,2,4096,1,22,decode_steady,16,2394.697607960552,2302.84619140625,2181.8984389305115
stagekv_async_r2,async,2,4096,1,23,decode_steady,15,1608.355239033699,1608.3609619140625,1462.1882215738297
stagekv_async_r2,async,2,4096,1,24,decode_steady,15,1994.4735560566187,1994.4805908203125,1854.1954808235168
stagekv_async_r2,async,2,4096,1,25,decode_steady,4,1897.5227321498096,1897.529541015625,1849.2065343856812
stagekv_async_r2,async,2,4096,1,26,decode_steady,220,1784.9981701001525,1785.0040283203125,1720.0483202934265
stagekv_async_r2,async,2,4096,1,27,decode_steady,16,1899.4931308552623,1899.50048828125,1753.4856882095337
stagekv_async_r2,async,2,4096,1,28,decode_steady,15,2085.7043070718646,2085.717041015625,1782.2516815662384
stagekv_async_r2,async,2,4096,1,29,decode_steady,15,1804.6891978010535,1804.69580078125,1671.7136900424957
stagekv_async_r2,async,2,4096,1,30,decode_steady,4,1605.7098028250039,1605.7149658203125,1393.225382566452
stagekv_async_r2,async,2,4096,1,31,decode_steady,220,2810.8209460042417,2810.832763671875,2564.366693496704
stagekv_async_r2,async,2,4096,1,32,decode_steady,16,128.63807613030076,128.6347198486328,35.56172811985016
stagekv_async_r4,async,4,4096,1,1,prefill_ttft,220,424.4867046363652,424.4776916503906,0.0
stagekv_async_r4,async,4,4096,1,2,decode_first,16,24.699883069843054,24.69478416442871,0.0
stagekv_async_r4,async,4,4096,1,3,decode_steady,15,24.569910019636154,24.565759658813477,0.0
stagekv_async_r4,async,4,4096,1,4,decode_steady,15,24.578125216066837,24.573951721191406,0.0
stagekv_async_r4,async,4,4096,1,5,decode_steady,4,24.54386092722416,24.53913688659668,0.0
stagekv_async_r4,async,4,4096,1,6,decode_steady,220,24.446449242532253,24.441856384277344,0.0
stagekv_async_r4,async,4,4096,1,7,decode_steady,16,24.567204993218184,24.562368392944336,0.0
stagekv_async_r4,async,4,4096,1,8,decode_steady,15,24.543941020965576,24.540128707885742,0.0
stagekv_async_r4,async,4,4096,1,9,decode_steady,15,24.5432797819376,24.538976669311523,0.0
stagekv_async_r4,async,4,4096,1,10,decode_steady,4,24.547548033297062,24.54319953918457,0.0
stagekv_async_r4,async,4,4096,1,11,decode_steady,220,24.569899775087833,24.565696716308594,0.0
stagekv_async_r4,async,4,4096,1,12,decode_steady,16,24.45432310923934,24.449695587158203,0.0
stagekv_async_r4,async,4,4096,1,13,decode_steady,15,24.53389298170805,24.52889633178711,0.0
stagekv_async_r4,async,4,4096,1,14,decode_steady,15,24.47316888719797,24.468416213989258,0.0
stagekv_async_r4,async,4,4096,1,15,decode_steady,4,24.516930803656578,24.51251220703125,0.0
stagekv_async_r4,async,4,4096,1,16,decode_steady,220,24.729428347200155,24.72537612915039,0.0
stagekv_async_r4,async,4,4096,1,17,decode_steady,16,24.747782852500677,24.74380874633789,0.0
stagekv_async_r4,async,4,4096,1,18,decode_steady,15,24.730781093239784,24.726367950439453,0.0
stagekv_async_r4,async,4,4096,1,19,decode_steady,15,24.885190185159445,24.880128860473633,0.0
stagekv_async_r4,async,4,4096,1,20,decode_steady,4,24.780713953077793,24.775680541992188,0.0
stagekv_async_r4,async,4,4096,1,21,decode_steady,220,24.746770970523357,24.74185562133789,0.0
stagekv_async_r4,async,4,4096,1,22,decode_steady,16,24.78415099903941,24.779775619506836,0.0
stagekv_async_r4,async,4,4096,1,23,decode_steady,15,24.824636057019234,24.819711685180664,0.0
stagekv_async_r4,async,4,4096,1,24,decode_steady,15,24.869991932064295,24.864831924438477,0.0
stagekv_async_r4,async,4,4096,1,25,decode_steady,4,24.85691662877798,24.851455688476562,0.0
stagekv_async_r4,async,4,4096,1,26,decode_steady,220,24.860844016075134,24.85638427734375,0.0
stagekv_async_r4,async,4,4096,1,27,decode_steady,16,24.752631317824125,24.74799919128418,0.0
stagekv_async_r4,async,4,4096,1,28,decode_steady,15,24.84500501304865,24.840192794799805,0.0
stagekv_async_r4,async,4,4096,1,29,decode_steady,15,24.80129338800907,24.796159744262695,0.0
stagekv_async_r4,async,4,4096,1,30,decode_steady,4,24.758162908256054,24.75315284729004,0.0
stagekv_async_r4,async,4,4096,1,31,decode_steady,220,24.875632021576166,24.870912551879883,0.0
stagekv_async_r4,async,4,4096,1,32,decode_steady,16,24.736592080444098,24.731647491455078,0.0
stagekv_bidirectional_r0,bidirectional,0,4096,1,1,prefill_ttft,220,3667.0640050433576,3606.341552734375,0.0
stagekv_bidirectional_r0,bidirectional,0,4096,1,2,decode_first,16,3724.5727106928825,3724.5869140625,0.0
stagekv_bidirectional_r0,bidirectional,0,4096,1,3,decode_steady,15,5105.976754799485,5097.96826171875,0.0
stagekv_bidirectional_r0,bidirectional,0,4096,1,4,decode_steady,15,5991.149858571589,5991.15966796875,0.0
stagekv_bidirectional_r0,bidirectional,0,4096,1,5,decode_steady,4,6481.16809874773,6481.19580078125,0.0
stagekv_bidirectional_r0,bidirectional,0,4096,1,6,decode_steady,220,6598.990788683295,6599.0185546875,0.0
stagekv_bidirectional_r0,bidirectional,0,4096,1,7,decode_steady,16,5800.1475390046835,5800.17333984375,0.0
stagekv_bidirectional_r0,bidirectional,0,4096,1,8,decode_steady,15,4201.056252699345,4201.0693359375,0.0
stagekv_bidirectional_r0,bidirectional,0,4096,1,9,decode_steady,15,6801.520765759051,6801.537109375,0.0
stagekv_bidirectional_r0,bidirectional,0,4096,1,10,decode_steady,4,6092.929885722697,6016.4609375,0.0
stagekv_bidirectional_r0,bidirectional,0,4096,1,11,decode_steady,220,6806.028662715107,6806.04443359375,0.0
stagekv_bidirectional_r0,bidirectional,0,4096,1,12,decode_steady,16,5893.337269313633,5817.37158203125,0.0
stagekv_bidirectional_r0,bidirectional,0,4096,1,13,decode_steady,15,6005.103524774313,6005.1181640625,0.0
stagekv_bidirectional_r0,bidirectional,0,4096,1,14,decode_steady,15,5698.29707685858,5698.29150390625,0.0
stagekv_bidirectional_r0,bidirectional,0,4096,1,15,decode_steady,4,4201.68543420732,4201.70263671875,0.0
stagekv_bidirectional_r0,bidirectional,0,4096,1,16,decode_steady,220,4993.9176379702985,4905.2880859375,0.0
stagekv_bidirectional_r0,bidirectional,0,4096,1,17,decode_steady,16,4305.427389219403,4305.44287109375,0.0
stagekv_bidirectional_r0,bidirectional,0,4096,1,18,decode_steady,15,5197.832388337702,5197.85107421875,0.0
stagekv_bidirectional_r0,bidirectional,0,4096,1,19,decode_steady,15,5517.117797862738,5517.1357421875,0.0
stagekv_bidirectional_r0,bidirectional,0,4096,1,20,decode_steady,4,7287.025215104222,7287.02978515625,0.0
stagekv_bidirectional_r0,bidirectional,0,4096,1,21,decode_steady,220,7696.196050383151,7696.23095703125,0.0
stagekv_bidirectional_r0,bidirectional,0,4096,1,22,decode_steady,16,6803.618079982698,6803.623046875,0.0
stagekv_bidirectional_r0,bidirectional,0,4096,1,23,decode_steady,15,4412.559119984508,4412.57763671875,0.0
stagekv_bidirectional_r0,bidirectional,0,4096,1,24,decode_steady,15,3182.9772773198783,3182.990966796875,0.0
stagekv_bidirectional_r0,bidirectional,0,4096,1,25,decode_steady,4,3095.355949830264,3007.711181640625,0.0
stagekv_bidirectional_r0,bidirectional,0,4096,1,26,decode_steady,220,4603.017782326788,4603.03662109375,0.0
stagekv_bidirectional_r0,bidirectional,0,4096,1,27,decode_steady,16,5202.408873010427,5202.43017578125,0.0
stagekv_bidirectional_r0,bidirectional,0,4096,1,28,decode_steady,15,3597.5257703103125,3597.529052734375,0.0
stagekv_bidirectional_r0,bidirectional,0,4096,1,29,decode_steady,15,4401.671544183046,4401.689453125,0.0
stagekv_bidirectional_r0,bidirectional,0,4096,1,30,decode_steady,4,5095.882683061063,5095.89990234375,0.0
stagekv_bidirectional_r0,bidirectional,0,4096,1,31,decode_steady,220,3918.7976219691336,3918.8173828125,0.0
stagekv_bidirectional_r0,bidirectional,0,4096,1,32,decode_steady,16,2481.523970607668,2481.532958984375,0.0
stagekv_bidirectional_r1,bidirectional,1,4096,1,1,prefill_ttft,220,3329.037242103368,3325.149169921875,0.0
stagekv_bidirectional_r1,bidirectional,1,4096,1,2,decode_first,16,3186.4735670387745,3186.483154296875,0.0
stagekv_bidirectional_r1,bidirectional,1,4096,1,3,decode_steady,15,2799.8012080788612,2799.80810546875,0.0
stagekv_bidirectional_r1,bidirectional,1,4096,1,4,decode_steady,15,2197.9316230863333,2197.93603515625,0.0
stagekv_bidirectional_r1,bidirectional,1,4096,1,5,decode_steady,4,2900.4103490151465,2900.416748046875,0.0
stagekv_bidirectional_r1,bidirectional,1,4096,1,6,decode_steady,220,2303.67251066491,2303.678466796875,0.0
stagekv_bidirectional_r1,bidirectional,1,4096,1,7,decode_steady,16,2095.56624898687,2095.568603515625,0.0
stagekv_bidirectional_r1,bidirectional,1,4096,1,8,decode_steady,15,2003.1866021454334,2003.1907958984375,0.0
stagekv_bidirectional_r1,bidirectional,1,4096,1,9,decode_steady,15,2298.219964373857,2298.2236328125,0.0
stagekv_bidirectional_r1,bidirectional,1,4096,1,10,decode_steady,4,2198.2534611597657,2198.260498046875,0.0
stagekv_bidirectional_r1,bidirectional,1,4096,1,11,decode_steady,220,2506.122710183263,2506.13037109375,0.0
stagekv_bidirectional_r1,bidirectional,1,4096,1,12,decode_steady,16,2197.7903018705547,2197.794677734375,0.0
stagekv_bidirectional_r1,bidirectional,1,4096,1,13,decode_steady,15,1995.7893309183419,1995.7913818359375,0.0
stagekv_bidirectional_r1,bidirectional,1,4096,1,14,decode_steady,15,1899.7943419963121,1899.79736328125,0.0
stagekv_bidirectional_r1,bidirectional,1,4096,1,15,decode_steady,4,1701.6325048170984,1701.633056640625,0.0
stagekv_bidirectional_r1,bidirectional,1,4096,1,16,decode_steady,220,1898.1666509062052,1898.170166015625,0.0
stagekv_bidirectional_r1,bidirectional,1,4096,1,17,decode_steady,16,1901.2816357426345,1901.286376953125,0.0
stagekv_bidirectional_r1,bidirectional,1,4096,1,18,decode_steady,15,1898.5670655965805,1898.568359375,0.0
stagekv_bidirectional_r1,bidirectional,1,4096,1,19,decode_steady,15,1901.3414927758276,1901.3448486328125,0.0
stagekv_bidirectional_r1,bidirectional,1,4096,1,20,decode_steady,4,2398.419220931828,2398.42333984375,0.0
stagekv_bidirectional_r1,bidirectional,1,4096,1,21,decode_steady,220,2099.6731892228127,2099.676025390625,0.0
stagekv_bidirectional_r1,bidirectional,1,4096,1,22,decode_steady,16,1899.9509811401367,1899.9520263671875,0.0
stagekv_bidirectional_r1,bidirectional,1,4096,1,23,decode_steady,15,1917.5521889701486,1917.5535888671875,0.0
stagekv_bidirectional_r1,bidirectional,1,4096,1,24,decode_steady,15,2299.738695845008,2299.7421875,0.0
stagekv_bidirectional_r1,bidirectional,1,4096,1,25,decode_steady,4,2181.8329510279,2181.83984375,0.0
stagekv_bidirectional_r1,bidirectional,1,4096,1,26,decode_steady,220,2406.8710021674633,2406.87646484375,0.0
stagekv_bidirectional_r1,bidirectional,1,4096,1,27,decode_steady,16,2206.1155969277024,2206.123046875,0.0
stagekv_bidirectional_r1,bidirectional,1,4096,1,28,decode_steady,15,1884.6745737828314,1884.6788330078125,0.0
stagekv_bidirectional_r1,bidirectional,1,4096,1,29,decode_steady,15,1820.264045149088,1820.2655029296875,0.0
stagekv_bidirectional_r1,bidirectional,1,4096,1,30,decode_steady,4,1983.9194789528847,1983.9232177734375,0.0
stagekv_bidirectional_r1,bidirectional,1,4096,1,31,decode_steady,220,1899.7892239131033,1899.7947998046875,0.0
stagekv_bidirectional_r1,bidirectional,1,4096,1,32,decode_steady,16,1799.6007930487394,1799.5926513671875,0.0
stagekv_bidirectional_r2,bidirectional,2,4096,1,1,prefill_ttft,220,3115.872999187559,3115.886474609375,0.0
stagekv_bidirectional_r2,bidirectional,2,4096,1,2,decode_first,16,1597.6942609995604,1597.6949462890625,0.0
stagekv_bidirectional_r2,bidirectional,2,4096,1,3,decode_steady,15,1792.8037932142615,1792.8089599609375,0.0
stagekv_bidirectional_r2,bidirectional,2,4096,1,4,decode_steady,15,1698.2421725988388,1698.24462890625,0.0
stagekv_bidirectional_r2,bidirectional,2,4096,1,5,decode_steady,4,1701.1892651207745,1701.1937255859375,0.0
stagekv_bidirectional_r2,bidirectional,2,4096,1,6,decode_steady,220,1799.9940332956612,1799.9952392578125,0.0
stagekv_bidirectional_r2,bidirectional,2,4096,1,7,decode_steady,16,1798.5920011997223,1798.594482421875,0.0
stagekv_bidirectional_r2,bidirectional,2,4096,1,8,decode_steady,15,2098.805736284703,2098.810546875,0.0
stagekv_bidirectional_r2,bidirectional,2,4096,1,9,decode_steady,15,2902.01423689723,2902.022216796875,0.0
stagekv_bidirectional_r2,bidirectional,2,4096,1,10,decode_steady,4,2097.810278646648,2097.8125,0.0
stagekv_bidirectional_r2,bidirectional,2,4096,1,11,decode_steady,220,2404.621202033013,2404.626220703125,0.0
stagekv_bidirectional_r2,bidirectional,2,4096,1,12,decode_steady,16,1977.1487759426236,1977.1524658203125,0.0
stagekv_bidirectional_r2,bidirectional,2,4096,1,13,decode_steady,15,2417.9037399590015,2417.90869140625,0.0
stagekv_bidirectional_r2,bidirectional,2,4096,1,14,decode_steady,15,2200.915765017271,2200.921142578125,0.0
stagekv_bidirectional_r2,bidirectional,2,4096,1,15,decode_steady,4,2280.365316197276,2280.3701171875,0.0
stagekv_bidirectional_r2,bidirectional,2,4096,1,16,decode_steady,220,2419.1664177924395,2419.17236328125,0.0
stagekv_bidirectional_r2,bidirectional,2,4096,1,17,decode_steady,16,2206.402931828052,2206.40966796875,0.0
stagekv_bidirectional_r2,bidirectional,2,4096,1,18,decode_steady,15,3192.522675730288,3192.532958984375,0.0
stagekv_bidirectional_r2,bidirectional,2,4096,1,19,decode_steady,15,2700.5956480279565,2700.6044921875,0.0
stagekv_bidirectional_r2,bidirectional,2,4096,1,20,decode_steady,4,2899.7156377881765,2899.724365234375,0.0
stagekv_bidirectional_r2,bidirectional,2,4096,1,21,decode_steady,220,2700.1277529634535,2700.134521484375,0.0
stagekv_bidirectional_r2,bidirectional,2,4096,1,22,decode_steady,16,2498.318796046078,2498.32421875,0.0
stagekv_bidirectional_r2,bidirectional,2,4096,1,23,decode_steady,15,2201.3942492194474,2201.39794921875,0.0
stagekv_bidirectional_r2,bidirectional,2,4096,1,24,decode_steady,15,2883.1232907250524,2883.13232421875,0.0
stagekv_bidirectional_r2,bidirectional,2,4096,1,25,decode_steady,4,2001.3977866619825,2001.401611328125,0.0
stagekv_bidirectional_r2,bidirectional,2,4096,1,26,decode_steady,220,1598.4131093136966,1598.4158935546875,0.0
stagekv_bidirectional_r2,bidirectional,2,4096,1,27,decode_steady,16,1998.051998205483,1998.054443359375,0.0
stagekv_bidirectional_r2,bidirectional,2,4096,1,28,decode_steady,15,1901.5838140621781,1901.5885009765625,0.0
stagekv_bidirectional_r2,bidirectional,2,4096,1,29,decode_steady,15,1898.2415897771716,1898.24609375,0.0
stagekv_bidirectional_r2,bidirectional,2,4096,1,30,decode_steady,4,2101.451818831265,2101.455810546875,0.0
stagekv_bidirectional_r2,bidirectional,2,4096,1,31,decode_steady,220,1797.7676992304623,1797.77197265625,0.0
stagekv_bidirectional_r2,bidirectional,2,4096,1,32,decode_steady,16,2017.0021718367934,2017.0042724609375,0.0
stagekv_bidirectional_r4,bidirectional,4,4096,1,1,prefill_ttft,220,415.5910979025066,415.58734130859375,0.0
stagekv_bidirectional_r4,bidirectional,4,4096,1,2,decode_first,16,23.039010353386402,23.034879684448242,0.0
stagekv_bidirectional_r4,bidirectional,4,4096,1,3,decode_steady,15,22.563830949366093,22.559423446655273,0.0
stagekv_bidirectional_r4,bidirectional,4,4096,1,4,decode_steady,15,22.657915949821472,22.65292739868164,0.0
stagekv_bidirectional_r4,bidirectional,4,4096,1,5,decode_steady,4,22.567206993699074,22.562816619873047,0.0
stagekv_bidirectional_r4,bidirectional,4,4096,1,6,decode_steady,220,22.59841514751315,22.594560623168945,0.0
stagekv_bidirectional_r4,bidirectional,4,4096,1,7,decode_steady,16,22.507003974169493,22.503231048583984,0.0
stagekv_bidirectional_r4,bidirectional,4,4096,1,8,decode_steady,15,24.021189659833908,24.024063110351562,0.0
stagekv_bidirectional_r4,bidirectional,4,4096,1,9,decode_steady,15,22.652957122772932,22.648448944091797,0.0
stagekv_bidirectional_r4,bidirectional,4,4096,1,10,decode_steady,4,22.429419215768576,22.425600051879883,0.0
stagekv_bidirectional_r4,bidirectional,4,4096,1,11,decode_steady,220,22.35511038452387,22.350847244262695,0.0
stagekv_bidirectional_r4,bidirectional,4,4096,1,12,decode_steady,16,22.373192943632603,22.369279861450195,0.0
stagekv_bidirectional_r4,bidirectional,4,4096,1,13,decode_steady,15,22.846139036118984,22.84227180480957,0.0
stagekv_bidirectional_r4,bidirectional,4,4096,1,14,decode_steady,15,22.400144021958113,22.395904541015625,0.0
stagekv_bidirectional_r4,bidirectional,4,4096,1,15,decode_steady,4,22.330262698233128,22.326271057128906,0.0
stagekv_bidirectional_r4,bidirectional,4,4096,1,16,decode_steady,220,22.49831799417734,22.49420738220215,0.0
stagekv_bidirectional_r4,bidirectional,4,4096,1,17,decode_steady,16,22.904929239302874,22.90073585510254,0.0
stagekv_bidirectional_r4,bidirectional,4,4096,1,18,decode_steady,15,22.92132005095482,22.916095733642578,0.0
stagekv_bidirectional_r4,bidirectional,4,4096,1,19,decode_steady,15,22.888027597218752,22.88332748413086,0.0
stagekv_bidirectional_r4,bidirectional,4,4096,1,20,decode_steady,4,23.113629780709743,23.10860824584961,0.0
stagekv_bidirectional_r4,bidirectional,4,4096,1,21,decode_steady,220,22.80393010005355,22.800128936767578,0.0
stagekv_bidirectional_r4,bidirectional,4,4096,1,22,decode_steady,16,22.817364893853664,22.811647415161133,0.0
stagekv_bidirectional_r4,bidirectional,4,4096,1,23,decode_steady,15,22.774625103920698,22.769664764404297,0.0
stagekv_bidirectional_r4,bidirectional,4,4096,1,24,decode_steady,15,22.82368717715144,22.819551467895508,0.0
stagekv_bidirectional_r4,bidirectional,4,4096,1,25,decode_steady,4,22.77909405529499,22.773759841918945,0.0
stagekv_bidirectional_r4,bidirectional,4,4096,1,26,decode_steady,220,22.894599940627813,22.88947105407715,0.0
stagekv_bidirectional_r4,bidirectional,4,4096,1,27,decode_steady,16,22.89666375145316,22.89254379272461,0.0
stagekv_bidirectional_r4,bidirectional,4,4096,1,28,decode_steady,15,22.82704319804907,22.821887969970703,0.0
stagekv_bidirectional_r4,bidirectional,4,4096,1,29,decode_steady,15,22.80051400884986,22.795263290405273,0.0
stagekv_bidirectional_r4,bidirectional,4,4096,1,30,decode_steady,4,22.831671871244907,22.827007293701172,0.0
stagekv_bidirectional_r4,bidirectional,4,4096,1,31,decode_steady,220,22.833466064184904,22.829055786132812,0.0
stagekv_bidirectional_r4,bidirectional,4,4096,1,32,decode_steady,16,22.9175528511405,22.91302490234375,0.0
standard,standard,,4096,1,1,prefill_ttft,220,409.89392111077905,409.8898010253906,0.0
standard,standard,,4096,1,2,decode_first,16,21.62463217973709,21.620512008666992,0.0
standard,standard,,4096,1,3,decode_steady,15,21.414839196950197,21.409791946411133,0.0
standard,standard,,4096,1,4,decode_steady,15,21.343865897506475,21.339136123657227,0.0
standard,standard,,4096,1,5,decode_steady,4,21.273975260555744,21.26848030090332,0.0
standard,standard,,4096,1,6,decode_steady,220,21.40219509601593,21.397504806518555,0.0
standard,standard,,4096,1,7,decode_steady,16,21.47429995238781,21.46918487548828,0.0
standard,standard,,4096,1,8,decode_steady,15,21.175872068852186,21.171903610229492,0.0
standard,standard,,4096,1,9,decode_steady,15,21.113265305757523,21.107711791992188,0.0
standard,standard,,4096,1,10,decode_steady,4,21.098296158015728,21.094079971313477,0.0
standard,standard,,4096,1,11,decode_steady,220,21.26612002030015,21.26131248474121,0.0
standard,standard,,4096,1,12,decode_steady,16,21.395612973719835,21.391359329223633,0.0
standard,standard,,4096,1,13,decode_steady,15,21.314270794391632,21.30944061279297,0.0
standard,standard,,4096,1,14,decode_steady,15,21.21191890910268,21.20800018310547,0.0
standard,standard,,4096,1,15,decode_steady,4,21.14787884056568,21.143552780151367,0.0
standard,standard,,4096,1,16,decode_steady,220,21.264046896249056,21.260095596313477,0.0
standard,standard,,4096,1,17,decode_steady,16,21.136037074029446,21.132064819335938,0.0
standard,standard,,4096,1,18,decode_steady,15,21.399350836873055,21.395456314086914,0.0
standard,standard,,4096,1,19,decode_steady,15,21.691877860575914,21.68729591369629,0.0
standard,standard,,4096,1,20,decode_steady,4,21.158779971301556,21.153791427612305,0.0
standard,standard,,4096,1,21,decode_steady,220,21.06770919635892,21.06265640258789,0.0
standard,standard,,4096,1,22,decode_steady,16,21.111209876835346,21.100543975830078,0.0
standard,standard,,4096,1,23,decode_steady,15,21.03846473619342,21.03379249572754,0.0
standard,standard,,4096,1,24,decode_steady,15,21.355508361011744,21.35139274597168,0.0
standard,standard,,4096,1,25,decode_steady,4,21.2637260556221,21.25904083251953,0.0
standard,standard,,4096,1,26,decode_steady,220,21.267512813210487,21.26335906982422,0.0
standard,standard,,4096,1,27,decode_steady,16,21.323448047041893,21.319520950317383,0.0
standard,standard,,4096,1,28,decode_steady,15,21.29442384466529,21.289920806884766,0.0
standard,standard,,4096,1,29,decode_steady,15,21.28171967342496,21.2774715423584,0.0
standard,standard,,4096,1,30,decode_steady,4,21.456256974488497,21.4517765045166,0.0
standard,standard,,4096,1,31,decode_steady,220,21.480181720107794,21.476192474365234,0.0
standard,standard,,4096,1,32,decode_steady,16,21.07828902080655,21.07391929626465,0.0
stagekv_sync_r0,sync,0,4096,1,1,prefill_ttft,220,3047.613749280572,2986.049560546875,0.0
stagekv_sync_r0,sync,0,4096,1,2,decode_first,16,3802.6515832170844,3802.666015625,0.0
stagekv_sync_r0,sync,0,4096,1,3,decode_steady,15,4722.194552887231,4722.20703125,0.0
stagekv_sync_r0,sync,0,4096,1,4,decode_steady,15,3899.894703645259,3899.912841796875,0.0
stagekv_sync_r0,sync,0,4096,1,5,decode_steady,4,3898.316953331232,3898.334228515625,0.0
stagekv_sync_r0,sync,0,4096,1,6,decode_steady,220,3977.119415998459,3977.13720703125,0.0
stagekv_sync_r0,sync,0,4096,1,7,decode_steady,16,4118.1525299325585,4118.16748046875,0.0
stagekv_sync_r0,sync,0,4096,1,8,decode_steady,15,4498.594982083887,4498.60400390625,0.0
stagekv_sync_r0,sync,0,4096,1,9,decode_steady,15,5485.559666994959,5485.58544921875,0.0
stagekv_sync_r0,sync,0,4096,1,10,decode_steady,4,4897.749972995371,4897.771484375,0.0
stagekv_sync_r0,sync,0,4096,1,11,decode_steady,220,4003.5495632328093,4003.5693359375,0.0
stagekv_sync_r0,sync,0,4096,1,12,decode_steady,16,4097.219823859632,4097.23974609375,0.0
stagekv_sync_r0,sync,0,4096,1,13,decode_steady,15,3005.197389051318,3005.209716796875,0.0
stagekv_sync_r0,sync,0,4096,1,14,decode_steady,15,3294.385655783117,3294.3994140625,0.0
stagekv_sync_r0,sync,0,4096,1,15,decode_steady,4,3805.5653469637036,3805.582275390625,0.0
stagekv_sync_r0,sync,0,4096,1,16,decode_steady,220,3193.4993569739163,3193.511962890625,0.0
stagekv_sync_r0,sync,0,4096,1,17,decode_steady,16,3003.4166486002505,3003.422607421875,0.0
stagekv_sync_r0,sync,0,4096,1,18,decode_steady,15,2993.8060883432627,2900.97265625,0.0
stagekv_sync_r0,sync,0,4096,1,19,decode_steady,15,2808.7486480362713,2808.762451171875,0.0
stagekv_sync_r0,sync,0,4096,1,20,decode_steady,4,3390.938241034746,3390.94384765625,0.0
stagekv_sync_r0,sync,0,4096,1,21,decode_steady,220,4621.180549263954,4621.20458984375,0.0
stagekv_sync_r0,sync,0,4096,1,22,decode_steady,16,3883.5616023279727,3883.580322265625,0.0
stagekv_sync_r0,sync,0,4096,1,23,decode_steady,15,3199.6169378980994,3199.631103515625,0.0
stagekv_sync_r0,sync,0,4096,1,24,decode_steady,15,3097.1590778790414,3097.171875,0.0
stagekv_sync_r0,sync,0,4096,1,25,decode_steady,4,4800.140480045229,4800.16357421875,0.0
stagekv_sync_r0,sync,0,4096,1,26,decode_steady,220,3818.3256476186216,3818.34130859375,0.0
stagekv_sync_r0,sync,0,4096,1,27,decode_steady,16,3382.089083082974,3382.102783203125,0.0
stagekv_sync_r0,sync,0,4096,1,28,decode_steady,15,2502.583611290902,2502.593505859375,0.0
stagekv_sync_r0,sync,0,4096,1,29,decode_steady,15,3101.9417429342866,3101.9560546875,0.0
stagekv_sync_r0,sync,0,4096,1,30,decode_steady,4,2211.5605929866433,2211.56884765625,0.0
stagekv_sync_r0,sync,0,4096,1,31,decode_steady,220,2288.1877827458084,2288.1962890625,0.0
stagekv_sync_r0,sync,0,4096,1,32,decode_steady,16,178.43156214803457,178.4279022216797,0.0
stagekv_sync_r1,sync,1,4096,1,1,prefill_ttft,220,3277.2890543565154,3277.304931640625,0.0
stagekv_sync_r1,sync,1,4096,1,2,decode_first,16,2404.280720744282,2404.290283203125,0.0
stagekv_sync_r1,sync,1,4096,1,3,decode_steady,15,1595.5978990532458,1595.6019287109375,0.0
stagekv_sync_r1,sync,1,4096,1,4,decode_steady,15,1901.598334312439,1901.604248046875,0.0
stagekv_sync_r1,sync,1,4096,1,5,decode_steady,4,1698.0545981787145,1698.058349609375,0.0
stagekv_sync_r1,sync,1,4096,1,6,decode_steady,220,1702.4646271020174,1702.4696044921875,0.0
stagekv_sync_r1,sync,1,4096,1,7,decode_steady,16,2295.2010449953377,2295.2080078125,0.0
stagekv_sync_r1,sync,1,4096,1,8,decode_steady,15,1897.313117980957,1886.95654296875,0.0
stagekv_sync_r1,sync,1,4096,1,9,decode_steady,15,2001.2629218399525,2001.270751953125,0.0
stagekv_sync_r1,sync,1,4096,1,10,decode_steady,4,1801.1380271054804,1801.1441650390625,0.0
stagekv_sync_r1,sync,1,4096,1,11,decode_steady,220,3297.466062940657,3297.470703125,0.0
stagekv_sync_r1,sync,1,4096,1,12,decode_steady,16,1903.063063044101,1903.0692138671875,0.0
stagekv_sync_r1,sync,1,4096,1,13,decode_steady,15,2077.8276338241994,2001.976318359375,0.0
stagekv_sync_r1,sync,1,4096,1,14,decode_steady,15,2821.0938037373126,2821.1064453125,0.0
stagekv_sync_r1,sync,1,4096,1,15,decode_steady,4,2381.3472520560026,2381.35498046875,0.0
stagekv_sync_r1,sync,1,4096,1,16,decode_steady,220,2497.0807428471744,2422.3857421875,0.0
stagekv_sync_r1,sync,1,4096,1,17,decode_steady,16,2599.659855943173,2523.288330078125,0.0
stagekv_sync_r1,sync,1,4096,1,18,decode_steady,15,2802.16869013384,2802.18115234375,0.0
stagekv_sync_r1,sync,1,4096,1,19,decode_steady,15,2719.0173156559467,2719.027099609375,0.0
stagekv_sync_r1,sync,1,4096,1,20,decode_steady,4,2682.8928841277957,2682.9033203125,0.0
stagekv_sync_r1,sync,1,4096,1,21,decode_steady,220,1700.0950402580202,1700.10009765625,0.0
stagekv_sync_r1,sync,1,4096,1,22,decode_steady,16,2305.20456796512,2305.21240234375,0.0
stagekv_sync_r1,sync,1,4096,1,23,decode_steady,15,1608.1400299444795,1597.1461181640625,0.0
stagekv_sync_r1,sync,1,4096,1,24,decode_steady,15,1785.458597354591,1785.4639892578125,0.0
stagekv_sync_r1,sync,1,4096,1,25,decode_steady,4,2506.085740868002,2506.094482421875,0.0
stagekv_sync_r1,sync,1,4096,1,26,decode_steady,220,1694.4489278830588,1694.4537353515625,0.0
stagekv_sync_r1,sync,1,4096,1,27,decode_steady,16,1700.3269949927926,1700.321533203125,0.0
stagekv_sync_r1,sync,1,4096,1,28,decode_steady,15,1802.578471135348,1802.583251953125,0.0
stagekv_sync_r1,sync,1,4096,1,29,decode_steady,15,3095.132871065289,3095.1455078125,0.0
stagekv_sync_r1,sync,1,4096,1,30,decode_steady,4,1606.0045319609344,1606.0078125,0.0
stagekv_sync_r1,sync,1,4096,1,31,decode_steady,220,1498.2065418735147,1498.2100830078125,0.0
stagekv_sync_r1,sync,1,4096,1,32,decode_steady,16,148.89490883797407,148.890625,0.0
stagekv_sync_r2,sync,2,4096,1,1,prefill_ttft,220,2718.670261092484,2656.123046875,0.0
stagekv_sync_r2,sync,2,4096,1,2,decode_first,16,2021.3575530797243,2021.36572265625,0.0
stagekv_sync_r2,sync,2,4096,1,3,decode_steady,15,1780.308360233903,1780.3150634765625,0.0
stagekv_sync_r2,sync,2,4096,1,4,decode_steady,15,1899.4712340645492,1899.4747314453125,0.0
stagekv_sync_r2,sync,2,4096,1,5,decode_steady,4,2616.3666201755404,2616.369140625,0.0
stagekv_sync_r2,sync,2,4096,1,6,decode_steady,220,2602.8598388656974,2602.86669921875,0.0
stagekv_sync_r2,sync,2,4096,1,7,decode_steady,16,2609.0946570038795,2601.521240234375,0.0
stagekv_sync_r2,sync,2,4096,1,8,decode_steady,15,1971.3508440181613,1971.35791015625,0.0
stagekv_sync_r2,sync,2,4096,1,9,decode_steady,15,1719.2387129180133,1719.2437744140625,0.0
stagekv_sync_r2,sync,2,4096,1,10,decode_steady,4,2280.104890000075,2280.1123046875,0.0
stagekv_sync_r2,sync,2,4096,1,11,decode_steady,220,2402.7986289002,2402.807861328125,0.0
stagekv_sync_r2,sync,2,4096,1,12,decode_steady,16,2418.73238934204,2418.740966796875,0.0
stagekv_sync_r2,sync,2,4096,1,13,decode_steady,15,2479.2099623009562,2479.21875,0.0
stagekv_sync_r2,sync,2,4096,1,14,decode_steady,15,1801.894900854677,1801.9000244140625,0.0
stagekv_sync_r2,sync,2,4096,1,15,decode_steady,4,2100.5680398084223,2100.572998046875,0.0
stagekv_sync_r2,sync,2,4096,1,16,decode_steady,220,1592.5508071668446,1592.5565185546875,0.0
stagekv_sync_r2,sync,2,4096,1,17,decode_steady,16,1707.2887471877038,1696.0870361328125,0.0
stagekv_sync_r2,sync,2,4096,1,18,decode_steady,15,1990.5233341269195,1990.530029296875,0.0
stagekv_sync_r2,sync,2,4096,1,19,decode_steady,15,1693.5280612669885,1693.5322265625,0.0
stagekv_sync_r2,sync,2,4096,1,20,decode_steady,4,1616.7181986384094,1616.7220458984375,0.0
stagekv_sync_r2,sync,2,4096,1,21,decode_steady,220,1587.3397556133568,1587.3433837890625,0.0
stagekv_sync_r2,sync,2,4096,1,22,decode_steady,16,1611.2248240970075,1600.1873779296875,0.0
stagekv_sync_r2,sync,2,4096,1,23,decode_steady,15,1786.1783038824797,1786.1839599609375,0.0
stagekv_sync_r2,sync,2,4096,1,24,decode_steady,15,1605.0317399203777,1605.0361328125,0.0
stagekv_sync_r2,sync,2,4096,1,25,decode_steady,4,1596.7539669945836,1596.7579345703125,0.0
stagekv_sync_r2,sync,2,4096,1,26,decode_steady,220,1811.5090718492866,1800.447998046875,0.0
stagekv_sync_r2,sync,2,4096,1,27,decode_steady,16,2484.556060284376,2484.567138671875,0.0
stagekv_sync_r2,sync,2,4096,1,28,decode_steady,15,1718.1972567923367,1718.2012939453125,0.0
stagekv_sync_r2,sync,2,4096,1,29,decode_steady,15,2000.315546989441,2000.321533203125,0.0
stagekv_sync_r2,sync,2,4096,1,30,decode_steady,4,2999.647242948413,2999.658447265625,0.0
stagekv_sync_r2,sync,2,4096,1,31,decode_steady,220,1981.8081157281995,1981.8145751953125,0.0
stagekv_sync_r2,sync,2,4096,1,32,decode_steady,16,60.34306017681956,60.33919906616211,0.0
stagekv_sync_r4,sync,4,4096,1,1,prefill_ttft,220,425.18253391608596,425.169921875,0.0
stagekv_sync_r4,sync,4,4096,1,2,decode_first,16,24.521480314433575,24.51763153076172,0.0
stagekv_sync_r4,sync,4,4096,1,3,decode_steady,15,24.234401993453503,24.225791931152344,0.0
stagekv_sync_r4,sync,4,4096,1,4,decode_steady,15,24.255751632153988,24.252416610717773,0.0
stagekv_sync_r4,sync,4,4096,1,5,decode_steady,4,24.672432336956263,24.668031692504883,0.0
stagekv_sync_r4,sync,4,4096,1,6,decode_steady,220,24.25126312300563,24.247007369995117,0.0
stagekv_sync_r4,sync,4,4096,1,7,decode_steady,16,24.394391104578972,24.389888763427734,0.0
stagekv_sync_r4,sync,4,4096,1,8,decode_steady,15,24.36567796394229,24.36172866821289,0.0
stagekv_sync_r4,sync,4,4096,1,9,decode_steady,15,24.245962966233492,24.241151809692383,0.0
stagekv_sync_r4,sync,4,4096,1,10,decode_steady,4,24.35383480042219,24.348384857177734,0.0
stagekv_sync_r4,sync,4,4096,1,11,decode_steady,220,24.218801874667406,24.213504791259766,0.0
stagekv_sync_r4,sync,4,4096,1,12,decode_steady,16,24.263847153633833,24.259584426879883,0.0
stagekv_sync_r4,sync,4,4096,1,13,decode_steady,15,24.316624738276005,24.31180763244629,0.0
stagekv_sync_r4,sync,4,4096,1,14,decode_steady,15,24.26364691928029,24.258560180664062,0.0
stagekv_sync_r4,sync,4,4096,1,15,decode_steady,4,24.201019667088985,24.196096420288086,0.0
stagekv_sync_r4,sync,4,4096,1,16,decode_steady,220,24.253396783024073,24.249343872070312,0.0
stagekv_sync_r4,sync,4,4096,1,17,decode_steady,16,24.222619831562042,24.218624114990234,0.0
stagekv_sync_r4,sync,4,4096,1,18,decode_steady,15,24.379343260079622,24.37433624267578,0.0
stagekv_sync_r4,sync,4,4096,1,19,decode_steady,15,24.56128317862749,24.557376861572266,0.0
stagekv_sync_r4,sync,4,4096,1,20,decode_steady,4,24.62459309026599,24.620031356811523,0.0
stagekv_sync_r4,sync,4,4096,1,21,decode_steady,220,24.567826185375452,24.56268882751465,0.0
stagekv_sync_r4,sync,4,4096,1,22,decode_steady,16,24.55549268051982,24.55036735534668,0.0
stagekv_sync_r4,sync,4,4096,1,23,decode_steady,15,24.698400869965553,24.69375991821289,0.0
stagekv_sync_r4,sync,4,4096,1,24,decode_steady,15,24.57024110481143,24.564735412597656,0.0
stagekv_sync_r4,sync,4,4096,1,25,decode_steady,4,24.5879041031003,24.583168029785156,0.0
stagekv_sync_r4,sync,4,4096,1,26,decode_steady,220,24.492003954946995,24.48691177368164,0.0
stagekv_sync_r4,sync,4,4096,1,27,decode_steady,16,24.52567731961608,24.52070426940918,0.0
stagekv_sync_r4,sync,4,4096,1,28,decode_steady,15,24.761678650975227,24.757247924804688,0.0
stagekv_sync_r4,sync,4,4096,1,29,decode_steady,15,24.657384026795626,24.652799606323242,0.0
stagekv_sync_r4,sync,4,4096,1,30,decode_steady,4,24.633127730339766,24.628223419189453,0.0
stagekv_sync_r4,sync,4,4096,1,31,decode_steady,220,24.603833444416523,24.599552154541016,0.0
stagekv_sync_r4,sync,4,4096,1,32,decode_steady,16,24.64517066255212,24.640512466430664,0.0
stagekv_async_r0,async,0,4096,1,1,prefill_ttft,220,3351.8914012238383,3351.872314453125,0.0
stagekv_async_r0,async,0,4096,1,2,decode_first,16,5186.619973741472,5186.64306640625,4968.631531000137
stagekv_async_r0,async,0,4096,1,3,decode_steady,15,4096.930691972375,4086.767578125,3933.792788863182
stagekv_async_r0,async,0,4096,1,4,decode_steady,15,3612.1896598488092,3604.989501953125,3285.18981218338
stagekv_async_r0,async,0,4096,1,5,decode_steady,4,4099.446974229068,4092.004150390625,3655.1110138893127
stagekv_async_r0,async,0,4096,1,6,decode_steady,220,4202.34698522836,4202.3681640625,3911.1712465286255
stagekv_async_r0,async,0,4096,1,7,decode_steady,16,4220.586047042161,4220.60546875,3926.654525279999
stagekv_async_r0,async,0,4096,1,8,decode_steady,15,4796.438904013485,4796.4619140625,4325.156971216202
stagekv_async_r0,async,0,4096,1,9,decode_steady,15,5395.525089930743,5385.0654296875,5198.965239524841
stagekv_async_r0,async,0,4096,1,10,decode_steady,4,3882.897992618382,3882.915771484375,3639.773909330368
stagekv_async_r0,async,0,4096,1,11,decode_steady,220,3115.7021829858422,3115.715576171875,2945.650574564934
stagekv_async_r0,async,0,4096,1,12,decode_steady,16,3796.3922689668834,3784.953857421875,3573.4079518318176
stagekv_async_r0,async,0,4096,1,13,decode_steady,15,3982.538070064038,3982.55615234375,3813.8695249557495
stagekv_async_r0,async,0,4096,1,14,decode_steady,15,3594.688350800425,3594.69775390625,3326.389003276825
stagekv_async_r0,async,0,4096,1,15,decode_steady,4,2999.6082969009876,2999.62158203125,2862.8670669794083
stagekv_async_r0,async,0,4096,1,16,decode_steady,220,3216.6250636801124,3216.636962890625,2804.619593858719
stagekv_async_r0,async,0,4096,1,17,decode_steady,16,3194.3401279859245,3183.100830078125,3000.0189714431763
stagekv_async_r0,async,0,4096,1,18,decode_steady,15,3184.279842302203,3184.292724609375,2936.468381881714
stagekv_async_r0,async,0,4096,1,19,decode_steady,15,3876.838688738644,3876.855712890625,3829.788708090782
stagekv_async_r0,async,0,4096,1,20,decode_steady,4,2501.0593980550766,2501.06787109375,2168.7416402101517
stagekv_async_r0,async,0,4096,1,21,decode_steady,220,3682.715645991266,3682.73095703125,3551.4836955070496
stagekv_async_r0,async,0,4096,1,22,decode_steady,16,3696.3310870341957,3696.347900390625,3499.5229201316833
stagekv_async_r0,async,0,4096,1,23,decode_steady,15,3300.7271918468177,3300.7412109375,3241.259864807129
stagekv_async_r0,async,0,4096,1,24,decode_steady,15,2997.988173738122,2998.000244140625,2971.8461371660233
stagekv_async_r0,async,0,4096,1,25,decode_steady,4,2897.6445072330534,2805.049560546875,2672.509376883507
stagekv_async_r0,async,0,4096,1,26,decode_steady,220,3004.048149101436,3004.060546875,2977.4436659812927
stagekv_async_r0,async,0,4096,1,27,decode_steady,16,3800.5565777420998,3800.573974609375,3640.5580763816833
stagekv_async_r0,async,0,4096,1,28,decode_steady,15,2802.800345700234,2802.81201171875,2683.4707124233246
stagekv_async_r0,async,0,4096,1,29,decode_steady,15,5801.073205191642,5801.1025390625,5735.415526151657
stagekv_async_r0,async,0,4096,1,30,decode_steady,4,5096.036893781275,5096.06005859375,4875.816603183746
stagekv_async_r0,async,0,4096,1,31,decode_steady,220,4101.208826992661,4101.2275390625,3856.7473442554474
stagekv_async_r0,async,0,4096,1,32,decode_steady,16,52.03547514975071,52.03238296508789,29.39932817220688
stagekv_async_r4,async,4,4096,2,1,prefill_ttft,220,423.0843433178961,423.0830078125,0.0
stagekv_async_r4,async,4,4096,2,2,decode_first,16,24.910038337111473,24.90675163269043,0.0
stagekv_async_r4,async,4,4096,2,3,decode_steady,15,24.64063372462988,24.636320114135742,0.0
stagekv_async_r4,async,4,4096,2,4,decode_steady,15,24.626065976917744,24.622079849243164,0.0
stagekv_async_r4,async,4,4096,2,5,decode_steady,4,24.657816160470247,24.653791427612305,0.0
stagekv_async_r4,async,4,4096,2,6,decode_steady,220,24.711265694350004,24.70604705810547,0.0
stagekv_async_r4,async,4,4096,2,7,decode_steady,16,24.763733614236116,24.759296417236328,0.0
stagekv_async_r4,async,4,4096,2,8,decode_steady,15,24.713288992643356,24.70899200439453,0.0
stagekv_async_r4,async,4,4096,2,9,decode_steady,15,25.006378069519997,25.002656936645508,0.0
stagekv_async_r4,async,4,4096,2,10,decode_steady,4,24.706366937607527,24.701887130737305,0.0
stagekv_async_r4,async,4,4096,2,11,decode_steady,220,24.670669808983803,24.666240692138672,0.0
stagekv_async_r4,async,4,4096,2,12,decode_steady,16,24.68079887330532,24.67638397216797,0.0
stagekv_async_r4,async,4,4096,2,13,decode_steady,15,24.695576168596745,24.69068717956543,0.0
stagekv_async_r4,async,4,4096,2,14,decode_steady,15,24.744407273828983,24.7390079498291,0.0
stagekv_async_r4,async,4,4096,2,15,decode_steady,4,24.640532676130533,24.6363525390625,0.0
stagekv_async_r4,async,4,4096,2,16,decode_steady,220,24.65844713151455,24.653823852539062,0.0
stagekv_async_r4,async,4,4096,2,17,decode_steady,16,24.65278608724475,24.648576736450195,0.0
stagekv_async_r4,async,4,4096,2,18,decode_steady,15,24.658326990902424,24.653728485107422,0.0
stagekv_async_r4,async,4,4096,2,19,decode_steady,15,24.792036972939968,24.787967681884766,0.0
stagekv_async_r4,async,4,4096,2,20,decode_steady,4,25.042916648089886,25.037824630737305,0.0
stagekv_async_r4,async,4,4096,2,21,decode_steady,220,24.964439682662487,24.960832595825195,0.0
stagekv_async_r4,async,4,4096,2,22,decode_steady,16,25.03299806267023,25.02851104736328,0.0
stagekv_async_r4,async,4,4096,2,23,decode_steady,15,24.98704195022583,24.982528686523438,0.0
stagekv_async_r4,async,4,4096,2,24,decode_steady,15,24.927860591560602,24.923168182373047,0.0
stagekv_async_r4,async,4,4096,2,25,decode_steady,4,25.039630010724068,25.034751892089844,0.0
stagekv_async_r4,async,4,4096,2,26,decode_steady,220,25.017470121383667,25.012224197387695,0.0
stagekv_async_r4,async,4,4096,2,27,decode_steady,16,25.0212661921978,25.017087936401367,0.0
stagekv_async_r4,async,4,4096,2,28,decode_steady,15,24.99732095748186,24.991743087768555,0.0
stagekv_async_r4,async,4,4096,2,29,decode_steady,15,24.974067695438862,24.969215393066406,0.0
stagekv_async_r4,async,4,4096,2,30,decode_steady,4,24.956163950264454,24.95078468322754,0.0
stagekv_async_r4,async,4,4096,2,31,decode_steady,220,24.992192164063454,24.987648010253906,0.0
stagekv_async_r4,async,4,4096,2,32,decode_steady,16,24.93145875632763,24.92620849609375,0.0
stagekv_bidirectional_r0,bidirectional,0,4096,2,1,prefill_ttft,220,4041.959617752582,3995.3193359375,0.0
stagekv_bidirectional_r0,bidirectional,0,4096,2,2,decode_first,16,3725.4614499397576,3725.476806640625,0.0
stagekv_bidirectional_r0,bidirectional,0,4096,2,3,decode_steady,15,2699.0682762116194,2699.07666015625,0.0
stagekv_bidirectional_r0,bidirectional,0,4096,2,4,decode_steady,15,3692.6721767522395,3675.47705078125,0.0
stagekv_bidirectional_r0,bidirectional,0,4096,2,5,decode_steady,4,3907.5169740244746,3907.53369140625,0.0
stagekv_bidirectional_r0,bidirectional,0,4096,2,6,decode_steady,220,4179.989199154079,4176.05322265625,0.0
stagekv_bidirectional_r0,bidirectional,0,4096,2,7,decode_steady,16,4111.91730806604,4095.73046875,0.0
stagekv_bidirectional_r0,bidirectional,0,4096,2,8,decode_steady,15,4703.978297300637,4704.0,0.0
stagekv_bidirectional_r0,bidirectional,0,4096,2,9,decode_steady,15,4879.318110179156,4879.33837890625,0.0
stagekv_bidirectional_r0,bidirectional,0,4096,2,10,decode_steady,4,4219.862109981477,4219.87841796875,0.0
stagekv_bidirectional_r0,bidirectional,0,4096,2,11,decode_steady,220,4896.453981753439,4885.87939453125,0.0
stagekv_bidirectional_r0,bidirectional,0,4096,2,12,decode_steady,16,4192.672403994948,4192.69140625,0.0
stagekv_bidirectional_r0,bidirectional,0,4096,2,13,decode_steady,15,3694.602674804628,3694.61767578125,0.0
stagekv_bidirectional_r0,bidirectional,0,4096,2,14,decode_steady,15,4207.0072260685265,4199.84912109375,0.0
stagekv_bidirectional_r0,bidirectional,0,4096,2,15,decode_steady,4,3494.6442767977715,3494.655029296875,0.0
stagekv_bidirectional_r0,bidirectional,0,4096,2,16,decode_steady,220,4394.869572948664,4394.88525390625,0.0
stagekv_bidirectional_r0,bidirectional,0,4096,2,17,decode_steady,16,3499.9685352668166,3499.979736328125,0.0
stagekv_bidirectional_r0,bidirectional,0,4096,2,18,decode_steady,15,4500.1335218548775,4500.1484375,0.0
stagekv_bidirectional_r0,bidirectional,0,4096,2,19,decode_steady,15,4614.742869976908,4614.75732421875,0.0
stagekv_bidirectional_r0,bidirectional,0,4096,2,20,decode_steady,4,3884.8859150893986,3884.89892578125,0.0
stagekv_bidirectional_r0,bidirectional,0,4096,2,21,decode_steady,220,3596.1755868047476,3515.9931640625,0.0
stagekv_bidirectional_r0,bidirectional,0,4096,2,22,decode_steady,16,4299.8511251062155,4207.5146484375,0.0
stagekv_bidirectional_r0,bidirectional,0,4096,2,23,decode_steady,15,3718.3306398801506,3707.041748046875,0.0
stagekv_bidirectional_r0,bidirectional,0,4096,2,24,decode_steady,15,3990.713606122881,3990.728759765625,0.0
stagekv_bidirectional_r0,bidirectional,0,4096,2,25,decode_steady,4,3299.291418865323,3299.30029296875,0.0
stagekv_bidirectional_r0,bidirectional,0,4096,2,26,decode_steady,220,3593.7461559660733,3593.7578125,0.0
stagekv_bidirectional_r0,bidirectional,0,4096,2,27,decode_steady,16,3006.1588692478836,3006.16796875,0.0
stagekv_bidirectional_r0,bidirectional,0,4096,2,28,decode_steady,15,2999.9439250677824,2999.7587890625,0.0
stagekv_bidirectional_r0,bidirectional,0,4096,2,29,decode_steady,15,3311.9843336753547,3311.99365234375,0.0
stagekv_bidirectional_r0,bidirectional,0,4096,2,30,decode_steady,4,3381.2764189206064,3381.28662109375,0.0
stagekv_bidirectional_r0,bidirectional,0,4096,2,31,decode_steady,220,3401.167080271989,3401.177001953125,0.0
stagekv_bidirectional_r0,bidirectional,0,4096,2,32,decode_steady,16,3798.8032358698547,3798.813720703125,0.0
stagekv_bidirectional_r1,bidirectional,1,4096,2,1,prefill_ttft,220,2545.7621817477047,2482.826171875,0.0
stagekv_bidirectional_r1,bidirectional,1,4096,2,2,decode_first,16,2226.7963867634535,2226.802734375,0.0
stagekv_bidirectional_r1,bidirectional,1,4096,2,3,decode_steady,15,1894.8955084197223,1894.8966064453125,0.0
stagekv_bidirectional_r1,bidirectional,1,4096,2,4,decode_steady,15,2200.352779123932,2200.354736328125,0.0
stagekv_bidirectional_r1,bidirectional,1,4096,2,5,decode_steady,4,1800.6715360097587,1800.6761474609375,0.0
stagekv_bidirectional_r1,bidirectional,1,4096,2,6,decode_steady,220,2195.7077221013606,2195.7119140625,0.0
stagekv_bidirectional_r1,bidirectional,1,4096,2,7,decode_steady,16,1901.2995841912925,1901.3016357421875,0.0
stagekv_bidirectional_r1,bidirectional,1,4096,2,8,decode_steady,15,2105.522562749684,2105.51904296875,0.0
stagekv_bidirectional_r1,bidirectional,1,4096,2,9,decode_steady,15,1995.582199189812,1995.5816650390625,0.0
stagekv_bidirectional_r1,bidirectional,1,4096,2,10,decode_steady,4,2299.2936722002923,2299.29638671875,0.0
stagekv_bidirectional_r1,bidirectional,1,4096,2,11,decode_steady,220,3309.2632861807942,3301.99951171875,0.0
stagekv_bidirectional_r1,bidirectional,1,4096,2,12,decode_steady,16,3273.0212179012597,3273.0244140625,0.0
stagekv_bidirectional_r1,bidirectional,1,4096,2,13,decode_steady,15,2317.6528280600905,2317.66015625,0.0
stagekv_bidirectional_r1,bidirectional,1,4096,2,14,decode_steady,15,2299.8177190311253,2299.822998046875,0.0
stagekv_bidirectional_r1,bidirectional,1,4096,2,15,decode_steady,4,2297.153210733086,2297.160400390625,0.0
stagekv_bidirectional_r1,bidirectional,1,4096,2,16,decode_steady,220,2285.376949235797,2285.3828125,0.0
stagekv_bidirectional_r1,bidirectional,1,4096,2,17,decode_steady,16,2796.7887548729777,2796.799072265625,0.0
stagekv_bidirectional_r1,bidirectional,1,4096,2,18,decode_steady,15,2502.937779761851,2502.94580078125,0.0
stagekv_bidirectional_r1,bidirectional,1,4096,2,19,decode_steady,15,2499.836361967027,2499.8427734375,0.0
stagekv_bidirectional_r1,bidirectional,1,4096,2,20,decode_steady,4,2597.521068993956,2597.529296875,0.0
stagekv_bidirectional_r1,bidirectional,1,4096,2,21,decode_steady,220,2619.0134496428072,2619.022216796875,0.0
stagekv_bidirectional_r1,bidirectional,1,4096,2,22,decode_steady,16,1999.193579889834,1999.1982421875,0.0
stagekv_bidirectional_r1,bidirectional,1,4096,2,23,decode_steady,15,2282.1627277880907,2282.168212890625,0.0
stagekv_bidirectional_r1,bidirectional,1,4096,2,24,decode_steady,15,2001.9880840554833,2001.9945068359375,0.0
stagekv_bidirectional_r1,bidirectional,1,4096,2,25,decode_steady,4,2101.1671777814627,2101.17333984375,0.0
stagekv_bidirectional_r1,bidirectional,1,4096,2,26,decode_steady,220,2497.721079736948,2497.728515625,0.0
stagekv_bidirectional_r1,bidirectional,1,4096,2,27,decode_steady,16,2303.6766117438674,2303.6826171875,0.0
stagekv_bidirectional_r1,bidirectional,1,4096,2,28,decode_steady,15,2209.9683857522905,2199.81640625,0.0
stagekv_bidirectional_r1,bidirectional,1,4096,2,29,decode_steady,15,2184.6686881035566,2184.67626953125,0.0
stagekv_bidirectional_r1,bidirectional,1,4096,2,30,decode_steady,4,2299.8015889897943,2299.808837890625,0.0
stagekv_bidirectional_r1,bidirectional,1,4096,2,31,decode_steady,220,2102.2735158912838,2102.279052734375,0.0
stagekv_bidirectional_r1,bidirectional,1,4096,2,32,decode_steady,16,2202.5817963294685,2202.588134765625,0.0
stagekv_bidirectional_r2,bidirectional,2,4096,2,1,prefill_ttft,220,3014.210897963494,3014.224853515625,0.0
stagekv_bidirectional_r2,bidirectional,2,4096,2,2,decode_first,16,1691.92461296916,1691.926513671875,0.0
stagekv_bidirectional_r2,bidirectional,2,4096,2,3,decode_steady,15,1699.2589188739657,1699.262451171875,0.0
stagekv_bidirectional_r2,bidirectional,2,4096,2,4,decode_steady,15,2297.168124001473,2297.174072265625,0.0
stagekv_bidirectional_r2,bidirectional,2,4096,2,5,decode_steady,4,1701.4014930464327,1701.4046630859375,0.0
stagekv_bidirectional_r2,bidirectional,2,4096,2,6,decode_steady,220,1497.8011678904295,1497.8026123046875,0.0
stagekv_bidirectional_r2,bidirectional,2,4096,2,7,decode_steady,16,1906.390410847962,1906.3939208984375,0.0
stagekv_bidirectional_r2,bidirectional,2,4096,2,8,decode_steady,15,1695.4070790670812,1695.4112548828125,0.0
stagekv_bidirectional_r2,bidirectional,2,4096,2,9,decode_steady,15,1900.0850240699947,1900.0882568359375,0.0
stagekv_bidirectional_r2,bidirectional,2,4096,2,10,decode_steady,4,2297.7064470760524,2297.712646484375,0.0
stagekv_bidirectional_r2,bidirectional,2,4096,2,11,decode_steady,220,2003.9588119834661,2003.962890625,0.0
stagekv_bidirectional_r2,bidirectional,2,4096,2,12,decode_steady,16,1801.0193440131843,1801.0224609375,0.0
stagekv_bidirectional_r2,bidirectional,2,4096,2,13,decode_steady,15,2616.258309222758,2595.143798828125,0.0
stagekv_bidirectional_r2,bidirectional,2,4096,2,14,decode_steady,15,2580.954998265952,2580.967041015625,0.0
stagekv_bidirectional_r2,bidirectional,2,4096,2,15,decode_steady,4,2606.0831672511995,2598.896728515625,0.0
stagekv_bidirectional_r2,bidirectional,2,4096,2,16,decode_steady,220,2387.1266138739884,2375.199462890625,0.0
stagekv_bidirectional_r2,bidirectional,2,4096,2,17,decode_steady,16,2106.811823323369,2106.8173828125,0.0
stagekv_bidirectional_r2,bidirectional,2,4096,2,18,decode_steady,15,2799.3142888881266,2799.300537109375,0.0
stagekv_bidirectional_r2,bidirectional,2,4096,2,19,decode_steady,15,3396.974413190037,3396.98583984375,0.0
stagekv_bidirectional_r2,bidirectional,2,4096,2,20,decode_steady,4,3299.1361608728766,3299.126220703125,0.0
stagekv_bidirectional_r2,bidirectional,2,4096,2,21,decode_steady,220,3584.8166537471116,3584.8232421875,0.0
stagekv_bidirectional_r2,bidirectional,2,4096,2,22,decode_steady,16,3216.630103997886,3216.6328125,0.0
stagekv_bidirectional_r2,bidirectional,2,4096,2,23,decode_steady,15,2580.960891675204,2580.96240234375,0.0
stagekv_bidirectional_r2,bidirectional,2,4096,2,24,decode_steady,15,2901.377356145531,2901.379150390625,0.0
stagekv_bidirectional_r2,bidirectional,2,4096,2,25,decode_steady,4,2701.8314227461815,2701.81982421875,0.0
stagekv_bidirectional_r2,bidirectional,2,4096,2,26,decode_steady,220,2898.362283129245,2898.3662109375,0.0
stagekv_bidirectional_r2,bidirectional,2,4096,2,27,decode_steady,16,3001.9512083381414,3001.929443359375,0.0
stagekv_bidirectional_r2,bidirectional,2,4096,2,28,decode_steady,15,3995.349496137351,3995.36328125,0.0
stagekv_bidirectional_r2,bidirectional,2,4096,2,29,decode_steady,15,3498.5583438538015,3498.555419921875,0.0
stagekv_bidirectional_r2,bidirectional,2,4096,2,30,decode_steady,4,3096.6349518857896,3018.90380859375,0.0
stagekv_bidirectional_r2,bidirectional,2,4096,2,31,decode_steady,220,3304.0995192714036,3304.09375,0.0
stagekv_bidirectional_r2,bidirectional,2,4096,2,32,decode_steady,16,3101.962272077799,3101.953125,0.0
stagekv_bidirectional_r4,bidirectional,4,4096,2,1,prefill_ttft,220,416.0483870655298,416.04278564453125,0.0
stagekv_bidirectional_r4,bidirectional,4,4096,2,2,decode_first,16,24.238272104412317,24.233983993530273,0.0
stagekv_bidirectional_r4,bidirectional,4,4096,2,3,decode_steady,15,23.80555123090744,23.800832748413086,0.0
stagekv_bidirectional_r4,bidirectional,4,4096,2,4,decode_steady,15,23.702108301222324,23.69638442993164,0.0
stagekv_bidirectional_r4,bidirectional,4,4096,2,5,decode_steady,4,23.709161207079887,23.705535888671875,0.0
stagekv_bidirectional_r4,bidirectional,4,4096,2,6,decode_steady,220,23.738225921988487,23.732959747314453,0.0
stagekv_bidirectional_r4,bidirectional,4,4096,2,7,decode_steady,16,23.672251030802727,23.66851234436035,0.0
stagekv_bidirectional_r4,bidirectional,4,4096,2,8,decode_steady,15,23.691958747804165,23.688095092773438,0.0
stagekv_bidirectional_r4,bidirectional,4,4096,2,9,decode_steady,15,23.736321832984686,23.732223510742188,0.0
stagekv_bidirectional_r4,bidirectional,4,4096,2,10,decode_steady,4,23.779442068189383,23.77507209777832,0.0
stagekv_bidirectional_r4,bidirectional,4,4096,2,11,decode_steady,220,23.729678709059954,23.725055694580078,0.0
stagekv_bidirectional_r4,bidirectional,4,4096,2,12,decode_steady,16,23.694333154708147,23.69024085998535,0.0
stagekv_bidirectional_r4,bidirectional,4,4096,2,13,decode_steady,15,23.999854922294617,23.995391845703125,0.0
stagekv_bidirectional_r4,bidirectional,4,4096,2,14,decode_steady,15,23.796924855560064,23.792640686035156,0.0
stagekv_bidirectional_r4,bidirectional,4,4096,2,15,decode_steady,4,23.642766755074263,23.638751983642578,0.0
stagekv_bidirectional_r4,bidirectional,4,4096,2,16,decode_steady,220,23.746802005916834,23.74336051940918,0.0
stagekv_bidirectional_r4,bidirectional,4,4096,2,17,decode_steady,16,23.656161967664957,23.65235137939453,0.0
stagekv_bidirectional_r4,bidirectional,4,4096,2,18,decode_steady,15,23.68290163576603,23.678688049316406,0.0
stagekv_bidirectional_r4,bidirectional,4,4096,2,19,decode_steady,15,23.67100864648819,23.666688919067383,0.0
stagekv_bidirectional_r4,bidirectional,4,4096,2,20,decode_steady,4,23.698600940406322,23.6943359375,0.0
stagekv_bidirectional_r4,bidirectional,4,4096,2,21,decode_steady,220,23.68726022541523,23.68307113647461,0.0
stagekv_bidirectional_r4,bidirectional,4,4096,2,22,decode_steady,16,23.633089382201433,23.628576278686523,0.0
stagekv_bidirectional_r4,bidirectional,4,4096,2,23,decode_steady,15,23.69138691574335,23.68716812133789,0.0
stagekv_bidirectional_r4,bidirectional,4,4096,2,24,decode_steady,15,23.697429336607456,23.69331169128418,0.0
stagekv_bidirectional_r4,bidirectional,4,4096,2,25,decode_steady,4,23.64538097754121,23.641088485717773,0.0
stagekv_bidirectional_r4,bidirectional,4,4096,2,26,decode_steady,220,23.631455842405558,23.626752853393555,0.0
stagekv_bidirectional_r4,bidirectional,4,4096,2,27,decode_steady,16,23.621056228876114,23.616512298583984,0.0
stagekv_bidirectional_r4,bidirectional,4,4096,2,28,decode_steady,15,23.78456201404333,23.780351638793945,0.0
stagekv_bidirectional_r4,bidirectional,4,4096,2,29,decode_steady,15,23.782748728990555,23.777536392211914,0.0
stagekv_bidirectional_r4,bidirectional,4,4096,2,30,decode_steady,4,23.580420296639204,23.575551986694336,0.0
stagekv_bidirectional_r4,bidirectional,4,4096,2,31,decode_steady,220,23.755798116326332,23.751680374145508,0.0
stagekv_bidirectional_r4,bidirectional,4,4096,2,32,decode_steady,16,23.66796415299177,23.663616180419922,0.0
standard,standard,,4096,2,1,prefill_ttft,220,410.0492321886122,410.039306640625,0.0
standard,standard,,4096,2,2,decode_first,16,21.96683781221509,21.96348762512207,0.0
standard,standard,,4096,2,3,decode_steady,15,21.43502188846469,21.430208206176758,0.0
standard,standard,,4096,2,4,decode_steady,15,21.090376190841198,21.086271286010742,0.0
standard,standard,,4096,2,5,decode_steady,4,21.01843198761344,21.014528274536133,0.0
standard,standard,,4096,2,6,decode_steady,220,21.085087209939957,21.08006477355957,0.0
standard,standard,,4096,2,7,decode_steady,16,21.005628164857626,21.001951217651367,0.0
standard,standard,,4096,2,8,decode_steady,15,21.046594250947237,21.04217529296875,0.0
standard,standard,,4096,2,9,decode_steady,15,20.978046115487814,20.973567962646484,0.0
standard,standard,,4096,2,10,decode_steady,4,21.012580953538418,21.007360458374023,0.0
standard,standard,,4096,2,11,decode_steady,220,21.020276006311178,21.015552520751953,0.0
standard,standard,,4096,2,12,decode_steady,16,21.045994013547897,21.04115104675293,0.0
standard,standard,,4096,2,13,decode_steady,15,21.086669992655516,21.082111358642578,0.0
standard,standard,,4096,2,14,decode_steady,15,21.04335790500045,21.0380802154541,0.0
standard,standard,,4096,2,15,decode_steady,4,21.793683990836143,21.78950309753418,0.0
standard,standard,,4096,2,16,decode_steady,220,22.12592586874962,22.121471405029297,0.0
standard,standard,,4096,2,17,decode_steady,16,22.106369957327843,22.10201644897461,0.0
standard,standard,,4096,2,18,decode_steady,15,22.121978923678398,22.117216110229492,0.0
standard,standard,,4096,2,19,decode_steady,15,22.2647562623024,22.260704040527344,0.0
standard,standard,,4096,2,20,decode_steady,4,22.251321002840996,22.247264862060547,0.0
standard,standard,,4096,2,21,decode_steady,220,22.055082954466343,22.04979133605957,0.0
standard,standard,,4096,2,22,decode_steady,16,22.12317008525133,22.11840057373047,0.0
standard,standard,,4096,2,23,decode_steady,15,22.10358390584588,22.09894371032715,0.0
standard,standard,,4096,2,24,decode_steady,15,22.172422613948584,22.167552947998047,0.0
standard,standard,,4096,2,25,decode_steady,4,22.02470600605011,22.020095825195312,0.0
standard,standard,,4096,2,26,decode_steady,220,22.18296192586422,22.177791595458984,0.0
standard,standard,,4096,2,27,decode_steady,16,22.07881724461913,22.072416305541992,0.0
standard,standard,,4096,2,28,decode_steady,15,22.185187321156263,22.180864334106445,0.0
standard,standard,,4096,2,29,decode_steady,15,22.15020079165697,22.145023345947266,0.0
standard,standard,,4096,2,30,decode_steady,4,22.14523172006011,22.139904022216797,0.0
standard,standard,,4096,2,31,decode_steady,220,21.99325803667307,21.989376068115234,0.0
standard,standard,,4096,2,32,decode_steady,16,22.081272210925817,22.077375411987305,0.0
stagekv_sync_r0,sync,0,4096,2,1,prefill_ttft,220,3280.8027174323797,3280.8203125,0.0
stagekv_sync_r0,sync,0,4096,2,2,decode_first,16,3587.2085839509964,3587.222412109375,0.0
stagekv_sync_r0,sync,0,4096,2,3,decode_steady,15,4100.685273297131,4100.69384765625,0.0
stagekv_sync_r0,sync,0,4096,2,4,decode_steady,15,7302.173858042806,7302.20556640625,0.0
stagekv_sync_r0,sync,0,4096,2,5,decode_steady,4,6699.821701738983,6699.82421875,0.0
stagekv_sync_r0,sync,0,4096,2,6,decode_steady,220,5105.834276881069,5098.47021484375,0.0
stagekv_sync_r0,sync,0,4096,2,7,decode_steady,16,3471.9086149707437,3471.920166015625,0.0
stagekv_sync_r0,sync,0,4096,2,8,decode_steady,15,5296.596683096141,5220.20654296875,0.0
stagekv_sync_r0,sync,0,4096,2,9,decode_steady,15,5503.577600233257,5503.6015625,0.0
stagekv_sync_r0,sync,0,4096,2,10,decode_steady,4,3998.501567635685,3998.520263671875,0.0
stagekv_sync_r0,sync,0,4096,2,11,decode_steady,220,3302.9787950217724,3302.991943359375,0.0
stagekv_sync_r0,sync,0,4096,2,12,decode_steady,16,3199.377976823598,3199.391845703125,0.0
stagekv_sync_r0,sync,0,4096,2,13,decode_steady,15,3016.448551323265,3016.46044921875,0.0
stagekv_sync_r0,sync,0,4096,2,14,decode_steady,15,3186.7554229684174,3186.768798828125,0.0
stagekv_sync_r0,sync,0,4096,2,15,decode_steady,4,2795.721790753305,2795.73291015625,0.0
stagekv_sync_r0,sync,0,4096,2,16,decode_steady,220,4000.4740729928017,4000.4921875,0.0
stagekv_sync_r0,sync,0,4096,2,17,decode_steady,16,4298.314444255084,4298.33203125,0.0
stagekv_sync_r0,sync,0,4096,2,18,decode_steady,15,4110.178388189524,4102.666015625,0.0
stagekv_sync_r0,sync,0,4096,2,19,decode_steady,15,3291.8445081450045,3291.85791015625,0.0
stagekv_sync_r0,sync,0,4096,2,20,decode_steady,4,3303.3239990472794,3303.3349609375,0.0
stagekv_sync_r0,sync,0,4096,2,21,decode_steady,220,3302.043681964278,3302.05712890625,0.0
stagekv_sync_r0,sync,0,4096,2,22,decode_steady,16,3793.4936159290373,3793.50927734375,0.0
stagekv_sync_r0,sync,0,4096,2,23,decode_steady,15,3403.3991801552474,3403.41259765625,0.0
stagekv_sync_r0,sync,0,4096,2,24,decode_steady,15,4409.975085873157,4409.974609375,0.0
stagekv_sync_r0,sync,0,4096,2,25,decode_steady,4,3386.952443048358,3386.968017578125,0.0
stagekv_sync_r0,sync,0,4096,2,26,decode_steady,220,3097.571527119726,3097.58154296875,0.0
stagekv_sync_r0,sync,0,4096,2,27,decode_steady,16,3099.4187891483307,3099.430908203125,0.0
stagekv_sync_r0,sync,0,4096,2,28,decode_steady,15,5205.788686871529,5205.8134765625,0.0
stagekv_sync_r0,sync,0,4096,2,29,decode_steady,15,3400.026825722307,3400.041259765625,0.0
stagekv_sync_r0,sync,0,4096,2,30,decode_steady,4,4609.313554130495,4598.26806640625,0.0
stagekv_sync_r0,sync,0,4096,2,31,decode_steady,220,3384.55334212631,3384.54296875,0.0
stagekv_sync_r0,sync,0,4096,2,32,decode_steady,16,52.243408281356096,52.24019241333008,0.0
stagekv_sync_r1,sync,1,4096,2,1,prefill_ttft,220,3896.136852912605,3829.034912109375,0.0
stagekv_sync_r1,sync,1,4096,2,2,decode_first,16,3201.8555281683803,3201.86767578125,0.0
stagekv_sync_r1,sync,1,4096,2,3,decode_steady,15,2316.5107858367264,2316.51611328125,0.0
stagekv_sync_r1,sync,1,4096,2,4,decode_steady,15,2784.8987029865384,2784.91015625,0.0
stagekv_sync_r1,sync,1,4096,2,5,decode_steady,4,1998.0086288414896,1998.013671875,0.0
stagekv_sync_r1,sync,1,4096,2,6,decode_steady,220,1898.1867688708007,1898.1917724609375,0.0
stagekv_sync_r1,sync,1,4096,2,7,decode_steady,16,2216.7805801145732,2205.94677734375,0.0
stagekv_sync_r1,sync,1,4096,2,8,decode_steady,15,1983.0650077201426,1983.071044921875,0.0
stagekv_sync_r1,sync,1,4096,2,9,decode_steady,15,2403.0214939266443,2403.028076171875,0.0
stagekv_sync_r1,sync,1,4096,2,10,decode_steady,4,1895.0460823252797,1802.039306640625,0.0
stagekv_sync_r1,sync,1,4096,2,11,decode_steady,220,1820.8584948442876,1820.864501953125,0.0
stagekv_sync_r1,sync,1,4096,2,12,decode_steady,16,1783.5974427871406,1783.6011962890625,0.0
stagekv_sync_r1,sync,1,4096,2,13,decode_steady,15,1713.657925836742,1703.194580078125,0.0
stagekv_sync_r1,sync,1,4096,2,14,decode_steady,15,2403.236189391464,2403.2451171875,0.0
stagekv_sync_r1,sync,1,4096,2,15,decode_steady,4,2077.88726920262,1986.03466796875,0.0
stagekv_sync_r1,sync,1,4096,2,16,decode_steady,220,1803.191461134702,1803.198486328125,0.0
stagekv_sync_r1,sync,1,4096,2,17,decode_steady,16,2196.706360206008,2120.80126953125,0.0
stagekv_sync_r1,sync,1,4096,2,18,decode_steady,15,2119.7439078241587,2119.753662109375,0.0
stagekv_sync_r1,sync,1,4096,2,19,decode_steady,15,2682.106558699161,2682.1162109375,0.0
stagekv_sync_r1,sync,1,4096,2,20,decode_steady,4,2602.708655875176,2602.715087890625,0.0
stagekv_sync_r1,sync,1,4096,2,21,decode_steady,220,2298.0898190289736,2298.0966796875,0.0
stagekv_sync_r1,sync,1,4096,2,22,decode_steady,16,1799.4863148778677,1799.4906005859375,0.0
stagekv_sync_r1,sync,1,4096,2,23,decode_steady,15,2399.8737880028784,2399.88232421875,0.0
stagekv_sync_r1,sync,1,4096,2,24,decode_steady,15,2299.4164056144655,2299.423828125,0.0
stagekv_sync_r1,sync,1,4096,2,25,decode_steady,4,1805.1125123165548,1805.1175537109375,0.0
stagekv_sync_r1,sync,1,4096,2,26,decode_steady,220,2396.529915742576,2396.533935546875,0.0
stagekv_sync_r1,sync,1,4096,2,27,decode_steady,16,2297.3287370987236,2297.3369140625,0.0
stagekv_sync_r1,sync,1,4096,2,28,decode_steady,15,2219.198700040579,2219.20654296875,0.0
stagekv_sync_r1,sync,1,4096,2,29,decode_steady,15,1983.5016536526382,1983.5074462890625,0.0
stagekv_sync_r1,sync,1,4096,2,30,decode_steady,4,2098.172227386385,2098.1787109375,0.0
stagekv_sync_r1,sync,1,4096,2,31,decode_steady,220,1818.3362209238112,1818.3414306640625,0.0
stagekv_sync_r1,sync,1,4096,2,32,decode_steady,16,155.2530420012772,155.24864196777344,0.0
stagekv_sync_r2,sync,2,4096,2,1,prefill_ttft,220,3050.696921069175,3050.699462890625,0.0
stagekv_sync_r2,sync,2,4096,2,2,decode_first,16,2286.356103140861,2286.36474609375,0.0
stagekv_sync_r2,sync,2,4096,2,3,decode_steady,15,2002.2928821854293,2002.298828125,0.0
stagekv_sync_r2,sync,2,4096,2,4,decode_steady,15,2379.216088913381,2379.224853515625,0.0
stagekv_sync_r2,sync,2,4096,2,5,decode_steady,4,1917.327331379056,1917.33251953125,0.0
stagekv_sync_r2,sync,2,4096,2,6,decode_steady,220,2381.889265961945,2381.896728515625,0.0
stagekv_sync_r2,sync,2,4096,2,7,decode_steady,16,1997.0636400394142,1922.3890380859375,0.0
stagekv_sync_r2,sync,2,4096,2,8,decode_steady,15,1618.2692479342222,1603.17138671875,0.0
stagekv_sync_r2,sync,2,4096,2,9,decode_steady,15,1783.728123176843,1783.7342529296875,0.0
stagekv_sync_r2,sync,2,4096,2,10,decode_steady,4,2099.826351739466,2099.832763671875,0.0
stagekv_sync_r2,sync,2,4096,2,11,decode_steady,220,2321.0477270185947,2321.0556640625,0.0
stagekv_sync_r2,sync,2,4096,2,12,decode_steady,16,2576.5241072513163,2500.838623046875,0.0
stagekv_sync_r2,sync,2,4096,2,13,decode_steady,15,3002.9179211705923,3002.930908203125,0.0
stagekv_sync_r2,sync,2,4096,2,14,decode_steady,15,3517.7067830227315,3517.720458984375,0.0
stagekv_sync_r2,sync,2,4096,2,15,decode_steady,4,1800.4947360605001,1800.4991455078125,0.0
stagekv_sync_r2,sync,2,4096,2,16,decode_steady,220,1981.512871105224,1981.4962158203125,0.0
stagekv_sync_r2,sync,2,4096,2,17,decode_steady,16,2518.322882708162,2518.32958984375,0.0
stagekv_sync_r2,sync,2,4096,2,18,decode_steady,15,1985.82101194188,1985.82763671875,0.0
stagekv_sync_r2,sync,2,4096,2,19,decode_steady,15,2294.735617004335,2294.742919921875,0.0
stagekv_sync_r2,sync,2,4096,2,20,decode_steady,4,1800.6855081766844,1800.68994140625,0.0
stagekv_sync_r2,sync,2,4096,2,21,decode_steady,220,1703.9810130372643,1703.985107421875,0.0
stagekv_sync_r2,sync,2,4096,2,22,decode_steady,16,1795.711090322584,1795.7158203125,0.0
stagekv_sync_r2,sync,2,4096,2,23,decode_steady,15,1800.0401891767979,1800.0445556640625,0.0
stagekv_sync_r2,sync,2,4096,2,24,decode_steady,15,2903.2518807798624,2903.26318359375,0.0
stagekv_sync_r2,sync,2,4096,2,25,decode_steady,4,1896.2708869948983,1896.2767333984375,0.0
stagekv_sync_r2,sync,2,4096,2,26,decode_steady,220,2599.886478856206,2599.883544921875,0.0
stagekv_sync_r2,sync,2,4096,2,27,decode_steady,16,2699.7469342313707,2699.756591796875,0.0
stagekv_sync_r2,sync,2,4096,2,28,decode_steady,15,1904.3402709066868,1904.3458251953125,0.0
stagekv_sync_r2,sync,2,4096,2,29,decode_steady,15,1595.1107554137707,1595.115234375,0.0
stagekv_sync_r2,sync,2,4096,2,30,decode_steady,4,1599.5768797583878,1599.5811767578125,0.0
stagekv_sync_r2,sync,2,4096,2,31,decode_steady,220,1600.7824400439858,1600.786376953125,0.0
stagekv_sync_r2,sync,2,4096,2,32,decode_steady,16,59.80783607810736,59.80364990234375,0.0
stagekv_sync_r4,sync,4,4096,2,1,prefill_ttft,220,424.0798051469028,424.0290832519531,0.0
stagekv_sync_r4,sync,4,4096,2,2,decode_first,16,26.934121269732714,26.93017578125,0.0
stagekv_sync_r4,sync,4,4096,2,3,decode_steady,15,24.615610018372536,24.610815048217773,0.0
stagekv_sync_r4,sync,4,4096,2,4,decode_steady,15,24.46965593844652,24.465152740478516,0.0
stagekv_sync_r4,sync,4,4096,2,5,decode_steady,4,24.557781405746937,24.5534725189209,0.0
stagekv_sync_r4,sync,4,4096,2,6,decode_steady,220,25.26737004518509,25.2620792388916,0.0
stagekv_sync_r4,sync,4,4096,2,7,decode_steady,16,24.583299178630114,24.57923126220703,0.0
stagekv_sync_r4,sync,4,4096,2,8,decode_steady,15,24.57350119948387,24.568832397460938,0.0
stagekv_sync_r4,sync,4,4096,2,9,decode_steady,15,24.547632317990065,24.54297637939453,0.0
stagekv_sync_r4,sync,4,4096,2,10,decode_steady,4,24.667336139827967,24.663103103637695,0.0
stagekv_sync_r4,sync,4,4096,2,11,decode_steady,220,24.665152188390493,24.660991668701172,0.0
stagekv_sync_r4,sync,4,4096,2,12,decode_steady,16,24.526552762836218,24.52262306213379,0.0
stagekv_sync_r4,sync,4,4096,2,13,decode_steady,15,24.600160773843527,24.59552001953125,0.0
stagekv_sync_r4,sync,4,4096,2,14,decode_steady,15,24.96258867904544,24.95795249938965,0.0
stagekv_sync_r4,sync,4,4096,2,15,decode_steady,4,24.593377951532602,24.58915138244629,0.0
stagekv_sync_r4,sync,4,4096,2,16,decode_steady,220,24.68819497153163,24.684255599975586,0.0
stagekv_sync_r4,sync,4,4096,2,17,decode_steady,16,24.51666397973895,24.51251220703125,0.0
stagekv_sync_r4,sync,4,4096,2,18,decode_steady,15,24.47669906541705,24.472576141357422,0.0
stagekv_sync_r4,sync,4,4096,2,19,decode_steady,15,24.6026748791337,24.5982723236084,0.0
stagekv_sync_r4,sync,4,4096,2,20,decode_steady,4,24.90179566666484,24.89740753173828,0.0
stagekv_sync_r4,sync,4,4096,2,21,decode_steady,220,24.9693407677114,24.965120315551758,0.0
stagekv_sync_r4,sync,4,4096,2,22,decode_steady,16,24.928074795752764,24.89753532409668,0.0
stagekv_sync_r4,sync,4,4096,2,23,decode_steady,15,24.852293077856302,24.847583770751953,0.0
stagekv_sync_r4,sync,4,4096,2,24,decode_steady,15,24.975663051009178,24.971263885498047,0.0
stagekv_sync_r4,sync,4,4096,2,25,decode_steady,4,24.945016019046307,24.94051170349121,0.0
stagekv_sync_r4,sync,4,4096,2,26,decode_steady,220,24.911493994295597,24.895488739013672,0.0
stagekv_sync_r4,sync,4,4096,2,27,decode_steady,16,24.903429206460714,24.898527145385742,0.0
stagekv_sync_r4,sync,4,4096,2,28,decode_steady,15,24.92899587377906,24.923967361450195,0.0
stagekv_sync_r4,sync,4,4096,2,29,decode_steady,15,24.965976364910603,24.961023330688477,0.0
stagekv_sync_r4,sync,4,4096,2,30,decode_steady,4,24.890944827347994,24.87500762939453,0.0
stagekv_sync_r4,sync,4,4096,2,31,decode_steady,220,24.888961110264063,24.884096145629883,0.0
stagekv_sync_r4,sync,4,4096,2,32,decode_steady,16,24.834468960762024,24.829792022705078,0.0
stagekv_async_r0,async,0,4096,2,1,prefill_ttft,220,3476.3142308220267,3476.324462890625,0.0
stagekv_async_r0,async,0,4096,2,2,decode_first,16,3290.9051747992635,3290.91796875,2967.9208773374557
stagekv_async_r0,async,0,4096,2,3,decode_steady,15,2996.29933713004,2996.306884765625,2655.021391391754
stagekv_async_r0,async,0,4096,2,4,decode_steady,15,3307.1155538782477,3301.885986328125,2982.7775588035583
stagekv_async_r0,async,0,4096,2,5,decode_steady,4,3494.6438390761614,3494.657958984375,3072.4591150283813
stagekv_async_r0,async,0,4096,2,6,decode_steady,220,4393.686837051064,4393.70458984375,3948.2356041669846
stagekv_async_r0,async,0,4096,2,7,decode_steady,16,4581.658264622092,4581.67822265625,4114.605752468109
stagekv_async_r0,async,0,4096,2,8,decode_steady,15,3817.843487020582,3817.85986328125,3554.4155201911926
stagekv_async_r0,async,0,4096,2,9,decode_steady,15,4500.419389922172,4500.439453125,4144.643135547638
stagekv_async_r0,async,0,4096,2,10,decode_steady,4,4176.695998292416,4176.7138671875,3767.9447388648987
stagekv_async_r0,async,0,4096,2,11,decode_steady,220,4017.545730806887,4017.562744140625,3759.1366443634033
stagekv_async_r0,async,0,4096,2,12,decode_steady,16,3799.1017340682447,3799.11865234375,3703.6942497491837
stagekv_async_r0,async,0,4096,2,13,decode_steady,15,5420.98073521629,5421.005859375,5246.806318998337
stagekv_async_r0,async,0,4096,2,14,decode_steady,15,5119.664479978383,5119.6884765625,5009.5401866436005
stagekv_async_r0,async,0,4096,2,15,decode_steady,4,3879.27876599133,3879.294921875,3394.3594266176224
stagekv_async_r0,async,0,4096,2,16,decode_steady,220,3698.354534804821,3698.36962890625,3351.3236387968063
stagekv_async_r0,async,0,4096,2,17,decode_steady,16,3312.4702610075474,3312.47509765625,3261.569902896881
stagekv_async_r0,async,0,4096,2,18,decode_steady,15,3381.7264051176608,3381.739501953125,3327.314952969551
stagekv_async_r0,async,0,4096,2,19,decode_steady,15,3401.289834175259,3401.302978515625,3063.268010854721
stagekv_async_r0,async,0,4096,2,20,decode_steady,4,3196.289191953838,3196.30224609375,3071.4040323495865
stagekv_async_r0,async,0,4096,2,21,decode_steady,220,3498.241525143385,3487.150146484375,3177.3040022850037
stagekv_async_r0,async,0,4096,2,22,decode_steady,16,3483.2426155917346,3483.2568359375,3348.985547065735
stagekv_async_r0,async,0,4096,2,23,decode_steady,15,3387.013582047075,3387.0263671875,3252.1905969381332
stagekv_async_r0,async,0,4096,2,24,decode_steady,15,3182.0369539782405,3182.050048828125,3017.0031875371933
stagekv_async_r0,async,0,4096,2,25,decode_steady,4,2696.155729237944,2696.165283203125,2184.0505669116974
stagekv_async_r0,async,0,4096,2,26,decode_steady,220,3799.266875255853,3799.28271484375,3297.5688688755035
stagekv_async_r0,async,0,4096,2,27,decode_steady,16,3684.2422182671726,3684.258544921875,3458.3352217674255
stagekv_async_r0,async,0,4096,2,28,decode_steady,15,3080.6365590542555,3080.649658203125,2850.4011546373367
stagekv_async_r0,async,0,4096,2,29,decode_steady,15,2695.364107377827,2695.37255859375,2344.5120648145676
stagekv_async_r0,async,0,4096,2,30,decode_steady,4,2698.7512321211398,2698.76123046875,2090.3696054816246
stagekv_async_r0,async,0,4096,2,31,decode_steady,220,2398.6105169169605,2398.61865234375,2131.6063096523285
stagekv_async_r0,async,0,4096,2,32,decode_steady,16,52.53754137083888,52.534271240234375,29.73052790760994
stagekv_async_r1,async,1,4096,2,1,prefill_ttft,220,3814.8847790434957,3814.90283203125,0.0
stagekv_async_r1,async,1,4096,2,2,decode_first,16,2285.8045659959316,2285.8125,2057.1088057756424
stagekv_async_r1,async,1,4096,2,3,decode_steady,15,1702.069717925042,1702.0743408203125,1477.7812803983688
stagekv_async_r1,async,1,4096,2,4,decode_steady,15,1895.1757848262787,1895.1810302734375,1814.7087404727936
stagekv_async_r1,async,1,4096,2,5,decode_steady,4,1799.5030381716788,1799.5086669921875,1450.6333461999893
stagekv_async_r1,async,1,4096,2,6,decode_steady,220,1798.8740117289126,1798.877197265625,1543.0041576623917
stagekv_async_r1,async,1,4096,2,7,decode_steady,16,1996.7063297517598,1981.490234375,1721.688076376915
stagekv_async_r1,async,1,4096,2,8,decode_steady,15,3401.6451160423458,3401.658447265625,3191.86666983366
stagekv_async_r1,async,1,4096,2,9,decode_steady,15,2796.8909521587193,2796.875732421875,2569.7536811828613
stagekv_async_r1,async,1,4096,2,10,decode_steady,4,2478.7541213445365,2405.46826171875,2118.4141357839108
stagekv_async_r1,async,1,4096,2,11,decode_steady,220,2319.8900730349123,2319.896484375,2236.6437374949455
stagekv_async_r1,async,1,4096,2,12,decode_steady,16,2575.7602863013744,2501.024658203125,2295.8390597105026
stagekv_async_r1,async,1,4096,2,13,decode_steady,15,3022.811644244939,3022.82373046875,2808.2108464837074
stagekv_async_r1,async,1,4096,2,14,decode_steady,15,2720.6357470713556,2720.64794921875,2653.282766163349
stagekv_async_r1,async,1,4096,2,15,decode_steady,4,2598.223454784602,2598.232177734375,2281.598559051752
stagekv_async_r1,async,1,4096,2,16,decode_steady,220,2898.7327944487333,2898.744140625,2656.277582347393
stagekv_async_r1,async,1,4096,2,17,decode_steady,16,2520.87686304003,2520.88623046875,2332.5871037840843
stagekv_async_r1,async,1,4096,2,18,decode_steady,15,2701.1445541866124,2701.154296875,2494.066379070282
stagekv_async_r1,async,1,4096,2,19,decode_steady,15,3197.435833979398,3197.44921875,3059.0039727687836
stagekv_async_r1,async,1,4096,2,20,decode_steady,4,2597.3272467963398,2597.336181640625,2370.7638316452503
stagekv_async_r1,async,1,4096,2,21,decode_steady,220,2595.901869237423,2595.91162109375,2208.539621949196
stagekv_async_r1,async,1,4096,2,22,decode_steady,16,1898.718281649053,1898.7230224609375,1622.8292824029922
stagekv_async_r1,async,1,4096,2,23,decode_steady,15,2381.401475984603,2381.408203125,2057.4064342975616
stagekv_async_r1,async,1,4096,2,24,decode_steady,15,2314.111819025129,2303.755126953125,2266.8462530970573
stagekv_async_r1,async,1,4096,2,25,decode_steady,4,2080.651495140046,2080.658203125,1852.914486169815
stagekv_async_r1,async,1,4096,2,26,decode_steady,220,2699.7054354287684,2699.714599609375,2392.102683544159
stagekv_async_r1,async,1,4096,2,27,decode_steady,16,1783.614490646869,1783.6192626953125,1637.8861718773842
stagekv_async_r1,async,1,4096,2,28,decode_steady,15,2584.511652123183,2584.520751953125,2429.4212187826633
stagekv_async_r1,async,1,4096,2,29,decode_steady,15,1789.007100276649,1789.0128173828125,1549.9667652249336
stagekv_async_r1,async,1,4096,2,30,decode_steady,4,1501.5239561907947,1501.528076171875,1365.8431391119957
stagekv_async_r1,async,1,4096,2,31,decode_steady,220,1584.771381225437,1584.77587890625,1356.6791363358498
stagekv_async_r1,async,1,4096,2,32,decode_steady,16,107.99602419137955,107.99209594726562,55.83875226974487
stagekv_async_r2,async,2,4096,2,1,prefill_ttft,220,3170.6901830621064,3170.703369140625,0.0
stagekv_async_r2,async,2,4096,2,2,decode_first,16,1888.9883481897414,1888.9871826171875,1843.7536256313324
stagekv_async_r2,async,2,4096,2,3,decode_steady,15,1499.5543300174177,1499.556884765625,1309.2067427635193
stagekv_async_r2,async,2,4096,2,4,decode_steady,15,2300.119280349463,2300.114990234375,2087.252589941025
stagekv_async_r2,async,2,4096,2,5,decode_steady,4,1601.633371785283,1601.6373291015625,1408.2701559066772
stagekv_async_r2,async,2,4096,2,6,decode_steady,220,1899.5582121424377,1899.5631103515625,1649.2235673666
stagekv_async_r2,async,2,4096,2,7,decode_steady,16,2095.466868020594,2095.472412109375,1923.0103013515472
stagekv_async_r2,async,2,4096,2,8,decode_steady,15,1802.3865590803325,1802.3916015625,1571.023845911026
stagekv_async_r2,async,2,4096,2,9,decode_steady,15,1498.7798491492867,1498.78271484375,1414.5244121551514
stagekv_async_r2,async,2,4096,2,10,decode_steady,4,1576.9069138914347,1576.910888671875,1416.8533272743225
stagekv_async_r2,async,2,4096,2,11,decode_steady,220,1519.5197202265263,1519.5218505859375,1363.642428636551
stagekv_async_r2,async,2,4096,2,12,decode_steady,16,1701.3579159975052,1701.3626708984375,1563.5492541790009
stagekv_async_r2,async,2,4096,2,13,decode_steady,15,1600.8405182510614,1600.844482421875,1520.9332494735718
stagekv_async_r2,async,2,4096,2,14,decode_steady,15,1794.3673147819936,1794.3714599609375,1623.5728642940521
stagekv_async_r2,async,2,4096,2,15,decode_steady,4,2298.84335026145,2298.851318359375,2167.14892578125
stagekv_async_r2,async,2,4096,2,16,decode_steady,220,1604.7913692891598,1604.79541015625,1334.5242593288422
stagekv_async_r2,async,2,4096,2,17,decode_steady,16,1821.2180798873305,1821.2247314453125,1521.4924485683441
stagekv_async_r2,async,2,4096,2,18,decode_steady,15,2098.6037151888013,2098.609130859375,1827.302409172058
stagekv_async_r2,async,2,4096,2,19,decode_steady,15,2473.434372805059,2473.4453125,2236.191644191742
stagekv_async_r2,async,2,4096,2,20,decode_steady,4,1716.6377641260624,1716.642578125,1419.8570845127106
stagekv_async_r2,async,2,4096,2,21,decode_steady,220,1798.7892548553646,1798.7939453125,1556.9043545722961
stagekv_async_r2,async,2,4096,2,22,decode_steady,16,2473.429247736931,2473.43896484375,2158.2431507110596
stagekv_async_r2,async,2,4096,2,23,decode_steady,15,1713.585076853633,1713.5841064453125,1460.647572517395
stagekv_async_r2,async,2,4096,2,24,decode_steady,15,2281.504654325545,2281.510986328125,1719.9043333530426
stagekv_async_r2,async,2,4096,2,25,decode_steady,4,2495.544738136232,2419.24072265625,2100.678772687912
stagekv_async_r2,async,2,4096,2,26,decode_steady,220,2394.324040040374,2394.332275390625,2190.0274324417114
stagekv_async_r2,async,2,4096,2,27,decode_steady,16,2605.4371227510273,2605.44677734375,2297.338401079178
stagekv_async_r2,async,2,4096,2,28,decode_steady,15,2107.20982728526,2107.2158203125,2068.6340498924255
stagekv_async_r2,async,2,4096,2,29,decode_steady,15,2393.2093642652035,2393.218017578125,2120.119893312454
stagekv_async_r2,async,2,4096,2,30,decode_steady,4,1900.1616979949176,1900.1680908203125,1731.3063292503357
stagekv_async_r2,async,2,4096,2,31,decode_steady,220,2302.307023201138,2302.316650390625,2261.1763944625854
stagekv_async_r2,async,2,4096,2,32,decode_steady,16,105.66199338063598,105.65837097167969,34.54972815513611
stagekv_bidirectional_r1,bidirectional,1,4096,3,1,prefill_ttft,220,3773.8774409517646,3773.890625,0.0
stagekv_bidirectional_r1,bidirectional,1,4096,3,2,decode_first,16,1894.847669173032,1894.8515625,0.0
stagekv_bidirectional_r1,bidirectional,1,4096,3,3,decode_steady,15,2493.8802630640566,2493.887451171875,0.0
stagekv_bidirectional_r1,bidirectional,1,4096,3,4,decode_steady,15,2798.7880930304527,2798.795654296875,0.0
stagekv_bidirectional_r1,bidirectional,1,4096,3,5,decode_steady,4,1904.400359839201,1904.405517578125,0.0
stagekv_bidirectional_r1,bidirectional,1,4096,3,6,decode_steady,220,1897.8126919828355,1897.8160400390625,0.0
stagekv_bidirectional_r1,bidirectional,1,4096,3,7,decode_steady,16,2296.330892946571,2296.337158203125,0.0
stagekv_bidirectional_r1,bidirectional,1,4096,3,8,decode_steady,15,2184.0993990190327,2184.105712890625,0.0
stagekv_bidirectional_r1,bidirectional,1,4096,3,9,decode_steady,15,2418.7718420289457,2418.778076171875,0.0
stagekv_bidirectional_r1,bidirectional,1,4096,3,10,decode_steady,4,2204.138106200844,2204.1435546875,0.0
stagekv_bidirectional_r1,bidirectional,1,4096,3,11,decode_steady,220,1903.7743867374957,1896.54736328125,0.0
stagekv_bidirectional_r1,bidirectional,1,4096,3,12,decode_steady,16,2300.0946631655097,2230.06005859375,0.0
stagekv_bidirectional_r1,bidirectional,1,4096,3,13,decode_steady,15,2021.5175468474627,2021.524169921875,0.0
stagekv_bidirectional_r1,bidirectional,1,4096,3,14,decode_steady,15,2081.4607981592417,2081.46630859375,0.0
stagekv_bidirectional_r1,bidirectional,1,4096,3,15,decode_steady,4,2018.4515346772969,2018.4564208984375,0.0
stagekv_bidirectional_r1,bidirectional,1,4096,3,16,decode_steady,220,2600.0551218166947,2600.061767578125,0.0
stagekv_bidirectional_r1,bidirectional,1,4096,3,17,decode_steady,16,2781.304383650422,2781.31298828125,0.0
stagekv_bidirectional_r1,bidirectional,1,4096,3,18,decode_steady,15,2700.250326655805,2700.259033203125,0.0
stagekv_bidirectional_r1,bidirectional,1,4096,3,19,decode_steady,15,2100.884725805372,2100.890625,0.0
stagekv_bidirectional_r1,bidirectional,1,4096,3,20,decode_steady,4,2013.2918851450086,2001.33837890625,0.0
stagekv_bidirectional_r1,bidirectional,1,4096,3,21,decode_steady,220,1884.872892871499,1884.8785400390625,0.0
stagekv_bidirectional_r1,bidirectional,1,4096,3,22,decode_steady,16,1898.4076902270317,1898.4119873046875,0.0
stagekv_bidirectional_r1,bidirectional,1,4096,3,23,decode_steady,15,2101.559011731297,2101.562255859375,0.0
stagekv_bidirectional_r1,bidirectional,1,4096,3,24,decode_steady,15,1899.7091087512672,1899.7132568359375,0.0
stagekv_bidirectional_r1,bidirectional,1,4096,3,25,decode_steady,4,2017.3237267881632,2017.3289794921875,0.0
stagekv_bidirectional_r1,bidirectional,1,4096,3,26,decode_steady,220,1700.7370949722826,1700.740234375,0.0
stagekv_bidirectional_r1,bidirectional,1,4096,3,27,decode_steady,16,1781.5056671388447,1781.5101318359375,0.0
stagekv_bidirectional_r1,bidirectional,1,4096,3,28,decode_steady,15,1800.0890710391104,1800.091796875,0.0
stagekv_bidirectional_r1,bidirectional,1,4096,3,29,decode_steady,15,2205.226361285895,2205.223876953125,0.0
stagekv_bidirectional_r1,bidirectional,1,4096,3,30,decode_steady,4,2495.237954892218,2495.2412109375,0.0
stagekv_bidirectional_r1,bidirectional,1,4096,3,31,decode_steady,220,2497.8128080256283,2497.819580078125,0.0
stagekv_bidirectional_r1,bidirectional,1,4096,3,32,decode_steady,16,2619.5085900835693,2619.517822265625,0.0
stagekv_bidirectional_r2,bidirectional,2,4096,3,1,prefill_ttft,220,3485.394059214741,3485.403076171875,0.0
stagekv_bidirectional_r2,bidirectional,2,4096,3,2,decode_first,16,2381.9225588813424,2381.930419921875,0.0
stagekv_bidirectional_r2,bidirectional,2,4096,3,3,decode_steady,15,1996.4083610102534,1979.977783203125,0.0
stagekv_bidirectional_r2,bidirectional,2,4096,3,4,decode_steady,15,1407.602947205305,1407.6068115234375,0.0
stagekv_bidirectional_r2,bidirectional,2,4096,3,5,decode_steady,4,1800.517635885626,1800.5224609375,0.0
stagekv_bidirectional_r2,bidirectional,2,4096,3,6,decode_steady,220,1598.1263490393758,1598.128173828125,0.0
stagekv_bidirectional_r2,bidirectional,2,4096,3,7,decode_steady,16,3199.3143907748163,3199.326416015625,0.0
stagekv_bidirectional_r2,bidirectional,2,4096,3,8,decode_steady,15,2300.922323949635,2300.929931640625,0.0
stagekv_bidirectional_r2,bidirectional,2,4096,3,9,decode_steady,15,1694.346349220723,1694.350341796875,0.0
stagekv_bidirectional_r2,bidirectional,2,4096,3,10,decode_steady,4,1800.2719357609749,1800.2769775390625,0.0
stagekv_bidirectional_r2,bidirectional,2,4096,3,11,decode_steady,220,1801.5184421092272,1801.524169921875,0.0
stagekv_bidirectional_r2,bidirectional,2,4096,3,12,decode_steady,16,1680.7866250164807,1680.7913818359375,0.0
stagekv_bidirectional_r2,bidirectional,2,4096,3,13,decode_steady,15,1919.1468856297433,1919.15185546875,0.0
stagekv_bidirectional_r2,bidirectional,2,4096,3,14,decode_steady,15,1777.9822740703821,1777.8944091796875,0.0
stagekv_bidirectional_r2,bidirectional,2,4096,3,15,decode_steady,4,2519.727593753487,2519.736083984375,0.0
stagekv_bidirectional_r2,bidirectional,2,4096,3,16,decode_steady,220,2401.8217800185084,2401.82861328125,0.0
stagekv_bidirectional_r2,bidirectional,2,4096,3,17,decode_steady,16,1999.8127678409219,1999.8177490234375,0.0
stagekv_bidirectional_r2,bidirectional,2,4096,3,18,decode_steady,15,2101.363953668624,2101.369873046875,0.0
stagekv_bidirectional_r2,bidirectional,2,4096,3,19,decode_steady,15,3076.414770912379,3000.530029296875,0.0
stagekv_bidirectional_r2,bidirectional,2,4096,3,20,decode_steady,4,2903.105705976486,2903.11669921875,0.0
stagekv_bidirectional_r2,bidirectional,2,4096,3,21,decode_steady,220,3916.446863207966,3916.453125,0.0
stagekv_bidirectional_r2,bidirectional,2,4096,3,22,decode_steady,16,1999.8835218138993,1999.8873291015625,0.0
stagekv_bidirectional_r2,bidirectional,2,4096,3,23,decode_steady,15,2386.233097873628,2386.239501953125,0.0
stagekv_bidirectional_r2,bidirectional,2,4096,3,24,decode_steady,15,2311.9033742696047,2300.90966796875,0.0
stagekv_bidirectional_r2,bidirectional,2,4096,3,25,decode_steady,4,1984.8223961889744,1984.827392578125,0.0
stagekv_bidirectional_r2,bidirectional,2,4096,3,26,decode_steady,220,1899.925631005317,1899.928466796875,0.0
stagekv_bidirectional_r2,bidirectional,2,4096,3,27,decode_steady,16,2002.9488042928278,2002.953369140625,0.0
stagekv_bidirectional_r2,bidirectional,2,4096,3,28,decode_steady,15,2096.7676993459463,2096.772216796875,0.0
stagekv_bidirectional_r2,bidirectional,2,4096,3,29,decode_steady,15,2000.0101500190794,2000.0142822265625,0.0
stagekv_bidirectional_r2,bidirectional,2,4096,3,30,decode_steady,4,2706.754771992564,2706.763671875,0.0
stagekv_bidirectional_r2,bidirectional,2,4096,3,31,decode_steady,220,1891.732620075345,1891.73583984375,0.0
stagekv_bidirectional_r2,bidirectional,2,4096,3,32,decode_steady,16,2319.287265650928,2319.29345703125,0.0
stagekv_bidirectional_r4,bidirectional,4,4096,3,1,prefill_ttft,220,418.3940486982465,418.3900146484375,0.0
stagekv_bidirectional_r4,bidirectional,4,4096,3,2,decode_first,16,23.537231143563986,23.533567428588867,0.0
stagekv_bidirectional_r4,bidirectional,4,4096,3,3,decode_steady,15,23.240564856678247,23.235584259033203,0.0
stagekv_bidirectional_r4,bidirectional,4,4096,3,4,decode_steady,15,23.183779325336218,23.179359436035156,0.0
stagekv_bidirectional_r4,bidirectional,4,4096,3,5,decode_steady,4,23.260843008756638,23.25699234008789,0.0
stagekv_bidirectional_r4,bidirectional,4,4096,3,6,decode_steady,220,23.2691690325737,23.265247344970703,0.0
stagekv_bidirectional_r4,bidirectional,4,4096,3,7,decode_steady,16,23.07417383417487,23.070655822753906,0.0
stagekv_bidirectional_r4,bidirectional,4,4096,3,8,decode_steady,15,23.181144148111343,23.176191329956055,0.0
stagekv_bidirectional_r4,bidirectional,4,4096,3,9,decode_steady,15,23.357864003628492,23.353343963623047,0.0
stagekv_bidirectional_r4,bidirectional,4,4096,3,10,decode_steady,4,23.528675083070993,23.524351119995117,0.0
stagekv_bidirectional_r4,bidirectional,4,4096,3,11,decode_steady,220,23.12815422192216,23.123199462890625,0.0
stagekv_bidirectional_r4,bidirectional,4,4096,3,12,decode_steady,16,23.202354088425636,23.197696685791016,0.0
stagekv_bidirectional_r4,bidirectional,4,4096,3,13,decode_steady,15,23.41055404394865,23.406431198120117,0.0
stagekv_bidirectional_r4,bidirectional,4,4096,3,14,decode_steady,15,23.33272760733962,23.327743530273438,0.0
stagekv_bidirectional_r4,bidirectional,4,4096,3,15,decode_steady,4,23.18111388012767,23.177215576171875,0.0
stagekv_bidirectional_r4,bidirectional,4,4096,3,16,decode_steady,220,23.486896883696318,23.48236846923828,0.0
stagekv_bidirectional_r4,bidirectional,4,4096,3,17,decode_steady,16,23.509318009018898,23.50489616394043,0.0
stagekv_bidirectional_r4,bidirectional,4,4096,3,18,decode_steady,15,23.62685790285468,23.621631622314453,0.0
stagekv_bidirectional_r4,bidirectional,4,4096,3,19,decode_steady,15,23.521922063082457,23.517183303833008,0.0
stagekv_bidirectional_r4,bidirectional,4,4096,3,20,decode_steady,4,23.517342749983072,23.51308822631836,0.0
stagekv_bidirectional_r4,bidirectional,4,4096,3,21,decode_steady,220,23.466487880796194,23.4616641998291,0.0
stagekv_bidirectional_r4,bidirectional,4,4096,3,22,decode_steady,16,23.589168209582567,23.583744049072266,0.0
stagekv_bidirectional_r4,bidirectional,4,4096,3,23,decode_steady,15,23.448002990335226,23.443456649780273,0.0
stagekv_bidirectional_r4,bidirectional,4,4096,3,24,decode_steady,15,23.457751609385014,23.45369529724121,0.0
stagekv_bidirectional_r4,bidirectional,4,4096,3,25,decode_steady,4,23.475944995880127,23.47007942199707,0.0
stagekv_bidirectional_r4,bidirectional,4,4096,3,26,decode_steady,220,23.471947759389877,23.468032836914062,0.0
stagekv_bidirectional_r4,bidirectional,4,4096,3,27,decode_steady,16,23.652235977351665,23.648096084594727,0.0
stagekv_bidirectional_r4,bidirectional,4,4096,3,28,decode_steady,15,23.65748630836606,23.65328025817871,0.0
stagekv_bidirectional_r4,bidirectional,4,4096,3,29,decode_steady,15,23.518335074186325,23.51308822631836,0.0
stagekv_bidirectional_r4,bidirectional,4,4096,3,30,decode_steady,4,23.627670016139746,23.622655868530273,0.0
stagekv_bidirectional_r4,bidirectional,4,4096,3,31,decode_steady,220,23.499820847064257,23.49465560913086,0.0
stagekv_bidirectional_r4,bidirectional,4,4096,3,32,decode_steady,16,23.494670633226633,23.49056053161621,0.0
standard,standard,,4096,3,1,prefill_ttft,220,409.40626710653305,409.4023742675781,0.0
standard,standard,,4096,3,2,decode_first,16,22.77538413181901,22.770431518554688,0.0
standard,standard,,4096,3,3,decode_steady,15,22.07158599048853,22.06617546081543,0.0
standard,standard,,4096,3,4,decode_steady,15,22.03937480226159,22.03536033630371,0.0
standard,standard,,4096,3,5,decode_steady,4,21.902347914874554,21.898048400878906,0.0
standard,standard,,4096,3,6,decode_steady,220,21.859087981283665,21.85420799255371,0.0
standard,standard,,4096,3,7,decode_steady,16,21.74950297921896,21.744640350341797,0.0
standard,standard,,4096,3,8,decode_steady,15,21.84509113430977,21.840896606445312,0.0
standard,standard,,4096,3,9,decode_steady,15,21.829983219504356,21.82534408569336,0.0
standard,standard,,4096,3,10,decode_steady,4,21.919110789895058,21.914623260498047,0.0
standard,standard,,4096,3,11,decode_steady,220,21.804966032505035,21.799936294555664,0.0
standard,standard,,4096,3,12,decode_steady,16,21.926735062152147,21.921791076660156,0.0
standard,standard,,4096,3,13,decode_steady,15,21.84302732348442,21.838815689086914,0.0
standard,standard,,4096,3,14,decode_steady,15,21.80874301120639,21.803104400634766,0.0
standard,standard,,4096,3,15,decode_steady,4,21.735806949436665,21.731327056884766,0.0
standard,standard,,4096,3,16,decode_steady,220,21.816618274897337,21.812223434448242,0.0
standard,standard,,4096,3,17,decode_steady,16,21.73402300104499,21.729248046875,0.0
standard,standard,,4096,3,18,decode_steady,15,21.84933889657259,21.84499168395996,0.0
standard,standard,,4096,3,19,decode_steady,15,21.84088295325637,21.83577537536621,0.0
standard,standard,,4096,3,20,decode_steady,4,21.84751583263278,21.839008331298828,0.0
standard,standard,,4096,3,21,decode_steady,220,21.839700639247894,21.83475112915039,0.0
standard,standard,,4096,3,22,decode_steady,16,21.770240738987923,21.773311614990234,0.0
standard,standard,,4096,3,23,decode_steady,15,21.691252943128347,21.68627166748047,0.0
standard,standard,,4096,3,24,decode_steady,15,21.90240891650319,21.897216796875,0.0
standard,standard,,4096,3,25,decode_steady,4,21.788936108350754,21.783552169799805,0.0
standard,standard,,4096,3,26,decode_steady,220,21.802591159939766,21.797887802124023,0.0
standard,standard,,4096,3,27,decode_steady,16,21.875477861613035,21.87059211730957,0.0
standard,standard,,4096,3,28,decode_steady,15,22.174178157001734,22.169599533081055,0.0
standard,standard,,4096,3,29,decode_steady,15,21.809575147926807,21.804960250854492,0.0
standard,standard,,4096,3,30,decode_steady,4,21.767535712569952,21.76304054260254,0.0
standard,standard,,4096,3,31,decode_steady,220,21.742128767073154,21.738496780395508,0.0
standard,standard,,4096,3,32,decode_steady,16,21.79663022980094,21.791744232177734,0.0
stagekv_sync_r0,sync,0,4096,3,1,prefill_ttft,220,3677.388812415302,3617.02197265625,0.0
stagekv_sync_r0,sync,0,4096,3,2,decode_first,16,3020.4671663232148,3020.4794921875,0.0
stagekv_sync_r0,sync,0,4096,3,3,decode_steady,15,2706.727365963161,2706.738037109375,0.0
stagekv_sync_r0,sync,0,4096,3,4,decode_steady,15,3005.2719810046256,2998.0283203125,0.0
stagekv_sync_r0,sync,0,4096,3,5,decode_steady,4,3291.837702039629,3291.851806640625,0.0
stagekv_sync_r0,sync,0,4096,3,6,decode_steady,220,4495.716730132699,4495.73681640625,0.0
stagekv_sync_r0,sync,0,4096,3,7,decode_steady,16,3805.9987341985106,3806.0146484375,0.0
stagekv_sync_r0,sync,0,4096,3,8,decode_steady,15,4303.767760284245,4296.29638671875,0.0
stagekv_sync_r0,sync,0,4096,3,9,decode_steady,15,3988.688980229199,3988.7080078125,0.0
stagekv_sync_r0,sync,0,4096,3,10,decode_steady,4,3577.8365931473672,3577.851806640625,0.0
stagekv_sync_r0,sync,0,4096,3,11,decode_steady,220,3898.0809887871146,3898.098388671875,0.0
stagekv_sync_r0,sync,0,4096,3,12,decode_steady,16,3718.2196150533855,3718.235107421875,0.0
stagekv_sync_r0,sync,0,4096,3,13,decode_steady,15,4783.220191951841,4783.2421875,0.0
stagekv_sync_r0,sync,0,4096,3,14,decode_steady,15,4815.7879346981645,4815.810546875,0.0
stagekv_sync_r0,sync,0,4096,3,15,decode_steady,4,3385.584447067231,3385.598876953125,0.0
stagekv_sync_r0,sync,0,4096,3,16,decode_steady,220,3496.5697899460793,3496.584228515625,0.0
stagekv_sync_r0,sync,0,4096,3,17,decode_steady,16,3218.7832817435265,3218.79443359375,0.0
stagekv_sync_r0,sync,0,4096,3,18,decode_steady,15,3198.9232995547354,3198.93603515625,0.0
stagekv_sync_r0,sync,0,4096,3,19,decode_steady,15,3081.056507304311,3081.0693359375,0.0
stagekv_sync_r0,sync,0,4096,3,20,decode_steady,4,3199.9913989566267,3200.0048828125,0.0
stagekv_sync_r0,sync,0,4096,3,21,decode_steady,220,5212.025308050215,5204.6826171875,0.0
stagekv_sync_r0,sync,0,4096,3,22,decode_steady,16,3290.2012658305466,3290.2158203125,0.0
stagekv_sync_r0,sync,0,4096,3,23,decode_steady,15,3197.370040230453,3197.383544921875,0.0
stagekv_sync_r0,sync,0,4096,3,24,decode_steady,15,3817.4976650625467,3817.513916015625,0.0
stagekv_sync_r0,sync,0,4096,3,25,decode_steady,4,3801.323762629181,3801.3408203125,0.0
stagekv_sync_r0,sync,0,4096,3,26,decode_steady,220,5187.208123039454,5187.2265625,0.0
stagekv_sync_r0,sync,0,4096,3,27,decode_steady,16,3696.9906189478934,3697.003662109375,0.0
stagekv_sync_r0,sync,0,4096,3,28,decode_steady,15,5098.125260788947,5098.14990234375,0.0
stagekv_sync_r0,sync,0,4096,3,29,decode_steady,15,2998.7409128807485,2998.752197265625,0.0
stagekv_sync_r0,sync,0,4096,3,30,decode_steady,4,2415.1350599713624,2404.166748046875,0.0
stagekv_sync_r0,sync,0,4096,3,31,decode_steady,220,2785.3142926469445,2785.328125,0.0
stagekv_sync_r0,sync,0,4096,3,32,decode_steady,16,105.10798683390021,105.10419464111328,0.0
stagekv_sync_r1,sync,1,4096,3,1,prefill_ttft,220,3390.832365024835,3390.8427734375,0.0
stagekv_sync_r1,sync,1,4096,3,2,decode_first,16,1893.347084056586,1893.352294921875,0.0
stagekv_sync_r1,sync,1,4096,3,3,decode_steady,15,1795.2758860774338,1795.273681640625,0.0
stagekv_sync_r1,sync,1,4096,3,4,decode_steady,15,1398.868340998888,1398.87109375,0.0
stagekv_sync_r1,sync,1,4096,3,5,decode_steady,4,1805.6859448552132,1805.6878662109375,0.0
stagekv_sync_r1,sync,1,4096,3,6,decode_steady,220,2396.6014231555164,2396.609619140625,0.0
stagekv_sync_r1,sync,1,4096,3,7,decode_steady,16,2097.526954021305,2097.53369140625,0.0
stagekv_sync_r1,sync,1,4096,3,8,decode_steady,15,1808.86589596048,1801.3570556640625,0.0
stagekv_sync_r1,sync,1,4096,3,9,decode_steady,15,1889.3644879572093,1889.3721923828125,0.0
stagekv_sync_r1,sync,1,4096,3,10,decode_steady,4,1909.9496682174504,1902.49755859375,0.0
stagekv_sync_r1,sync,1,4096,3,11,decode_steady,220,1863.9259939081967,1863.93310546875,0.0
stagekv_sync_r1,sync,1,4096,3,12,decode_steady,16,2218.1485099717975,2218.15478515625,0.0
stagekv_sync_r1,sync,1,4096,3,13,decode_steady,15,2702.529648784548,2702.538818359375,0.0
stagekv_sync_r1,sync,1,4096,3,14,decode_steady,15,2296.3345423340797,2296.342529296875,0.0
stagekv_sync_r1,sync,1,4096,3,15,decode_steady,4,2200.7655720226467,2200.772705078125,0.0
stagekv_sync_r1,sync,1,4096,3,16,decode_steady,220,3003.549253102392,3003.5517578125,0.0
stagekv_sync_r1,sync,1,4096,3,17,decode_steady,16,1596.6205736622214,1596.623779296875,0.0
stagekv_sync_r1,sync,1,4096,3,18,decode_steady,15,2299.7373859398067,2299.744140625,0.0
stagekv_sync_r1,sync,1,4096,3,19,decode_steady,15,2180.8605431579053,2180.86767578125,0.0
stagekv_sync_r1,sync,1,4096,3,20,decode_steady,4,2519.2577871493995,2519.266357421875,0.0
stagekv_sync_r1,sync,1,4096,3,21,decode_steady,220,2599.7486412525177,2599.7587890625,0.0
stagekv_sync_r1,sync,1,4096,3,22,decode_steady,16,2796.4396770112216,2796.444580078125,0.0
stagekv_sync_r1,sync,1,4096,3,23,decode_steady,15,3285.713674966246,3285.729248046875,0.0
stagekv_sync_r1,sync,1,4096,3,24,decode_steady,15,2298.6307963728905,2298.63818359375,0.0
stagekv_sync_r1,sync,1,4096,3,25,decode_steady,4,1702.0976953208447,1702.102294921875,0.0
stagekv_sync_r1,sync,1,4096,3,26,decode_steady,220,1798.0710538104177,1798.0760498046875,0.0
stagekv_sync_r1,sync,1,4096,3,27,decode_steady,16,2099.9343059957027,2099.940673828125,0.0
stagekv_sync_r1,sync,1,4096,3,28,decode_steady,15,2201.3741838745773,2201.380859375,0.0
stagekv_sync_r1,sync,1,4096,3,29,decode_steady,15,1599.6480039320886,1599.6519775390625,0.0
stagekv_sync_r1,sync,1,4096,3,30,decode_steady,4,1701.958683785051,1701.9627685546875,0.0
stagekv_sync_r1,sync,1,4096,3,31,decode_steady,220,1696.4988498948514,1696.50341796875,0.0
stagekv_sync_r1,sync,1,4096,3,32,decode_steady,16,80.78345190733671,80.77926635742188,0.0
stagekv_sync_r2,sync,2,4096,3,1,prefill_ttft,220,3490.36089098081,3490.377685546875,0.0
stagekv_sync_r2,sync,2,4096,3,2,decode_first,16,2891.6390016674995,2891.6455078125,0.0
stagekv_sync_r2,sync,2,4096,3,3,decode_steady,15,1800.927042029798,1800.932373046875,0.0
stagekv_sync_r2,sync,2,4096,3,4,decode_steady,15,2193.865765351802,2193.872802734375,0.0
stagekv_sync_r2,sync,2,4096,3,5,decode_steady,4,2199.8006789945066,2199.806884765625,0.0
stagekv_sync_r2,sync,2,4096,3,6,decode_steady,220,1406.183023005724,1406.185302734375,0.0
stagekv_sync_r2,sync,2,4096,3,7,decode_steady,16,1995.368495117873,1995.3746337890625,0.0
stagekv_sync_r2,sync,2,4096,3,8,decode_steady,15,1402.8250849805772,1402.8277587890625,0.0
stagekv_sync_r2,sync,2,4096,3,9,decode_steady,15,1994.65302657336,1994.6585693359375,0.0
stagekv_sync_r2,sync,2,4096,3,10,decode_steady,4,2604.1580229066312,2604.167236328125,0.0
stagekv_sync_r2,sync,2,4096,3,11,decode_steady,220,2396.5578391216695,2396.56640625,0.0
stagekv_sync_r2,sync,2,4096,3,12,decode_steady,16,2079.6933197416365,2079.699951171875,0.0
stagekv_sync_r2,sync,2,4096,3,13,decode_steady,15,1816.684054210782,1801.3717041015625,0.0
stagekv_sync_r2,sync,2,4096,3,14,decode_steady,15,1906.214316841215,1906.2220458984375,0.0
stagekv_sync_r2,sync,2,4096,3,15,decode_steady,4,1901.1430288664997,1901.148193359375,0.0
stagekv_sync_r2,sync,2,4096,3,16,decode_steady,220,2394.50865983963,2394.517578125,0.0
stagekv_sync_r2,sync,2,4096,3,17,decode_steady,16,1999.540962278843,1999.54736328125,0.0
stagekv_sync_r2,sync,2,4096,3,18,decode_steady,15,1703.3859100192785,1703.38916015625,0.0
stagekv_sync_r2,sync,2,4096,3,19,decode_steady,15,2297.811546828598,2297.820068359375,0.0
stagekv_sync_r2,sync,2,4096,3,20,decode_steady,4,1704.2392869479954,1704.2442626953125,0.0
stagekv_sync_r2,sync,2,4096,3,21,decode_steady,220,2099.8260071501136,2099.832763671875,0.0
stagekv_sync_r2,sync,2,4096,3,22,decode_steady,16,1599.5655748993158,1599.56884765625,0.0
stagekv_sync_r2,sync,2,4096,3,23,decode_steady,15,1774.1228570230305,1699.757080078125,0.0
stagekv_sync_r2,sync,2,4096,3,24,decode_steady,15,2207.0109858177602,2201.385986328125,0.0
stagekv_sync_r2,sync,2,4096,3,25,decode_steady,4,1913.4525558911264,1913.46044921875,0.0
stagekv_sync_r2,sync,2,4096,3,26,decode_steady,220,2400.6945872679353,2400.702392578125,0.0
stagekv_sync_r2,sync,2,4096,3,27,decode_steady,16,2380.8411457575858,2380.84912109375,0.0
stagekv_sync_r2,sync,2,4096,3,28,decode_steady,15,2199.026932939887,2199.03369140625,0.0
stagekv_sync_r2,sync,2,4096,3,29,decode_steady,15,2701.1822150088847,2701.19140625,0.0
stagekv_sync_r2,sync,2,4096,3,30,decode_steady,4,2899.9375868588686,2899.94873046875,0.0
stagekv_sync_r2,sync,2,4096,3,31,decode_steady,220,2402.887898031622,2402.890625,0.0
stagekv_sync_r2,sync,2,4096,3,32,decode_steady,16,66.17869017645717,66.1770248413086,0.0
stagekv_sync_r4,sync,4,4096,3,1,prefill_ttft,220,421.62472382187843,421.6186828613281,0.0
stagekv_sync_r4,sync,4,4096,3,2,decode_first,16,25.46929894015193,25.46454429626465,0.0
stagekv_sync_r4,sync,4,4096,3,3,decode_steady,15,25.133960880339146,25.129823684692383,0.0
stagekv_sync_r4,sync,4,4096,3,4,decode_steady,15,25.135244242846966,25.13100814819336,0.0
stagekv_sync_r4,sync,4,4096,3,5,decode_steady,4,25.198813062161207,25.194496154785156,0.0
stagekv_sync_r4,sync,4,4096,3,6,decode_steady,220,25.152656249701977,25.147584915161133,0.0
stagekv_sync_r4,sync,4,4096,3,7,decode_steady,16,25.127679109573364,25.122848510742188,0.0
stagekv_sync_r4,sync,4,4096,3,8,decode_steady,15,25.12197894975543,25.11667251586914,0.0
stagekv_sync_r4,sync,4,4096,3,9,decode_steady,15,25.038592983037233,25.03446388244629,0.0
stagekv_sync_r4,sync,4,4096,3,10,decode_steady,4,25.120976846665144,25.11667251586914,0.0
stagekv_sync_r4,sync,4,4096,3,11,decode_steady,220,25.17648134380579,25.171968460083008,0.0
stagekv_sync_r4,sync,4,4096,3,12,decode_steady,16,25.102001149207354,25.09721565246582,0.0
stagekv_sync_r4,sync,4,4096,3,13,decode_steady,15,25.149270426481962,25.14463996887207,0.0
stagekv_sync_r4,sync,4,4096,3,14,decode_steady,15,25.15558199957013,25.151296615600586,0.0
stagekv_sync_r4,sync,4,4096,3,15,decode_steady,4,25.437550153583288,25.432064056396484,0.0
stagekv_sync_r4,sync,4,4096,3,16,decode_steady,220,25.18347417935729,25.179136276245117,0.0
stagekv_sync_r4,sync,4,4096,3,17,decode_steady,16,25.254056323319674,25.249727249145508,0.0
stagekv_sync_r4,sync,4,4096,3,18,decode_steady,15,25.538187939673662,25.53343963623047,0.0
stagekv_sync_r4,sync,4,4096,3,19,decode_steady,15,25.53773717954755,25.532512664794922,0.0
stagekv_sync_r4,sync,4,4096,3,20,decode_steady,4,25.503072887659073,25.498624801635742,0.0
stagekv_sync_r4,sync,4,4096,3,21,decode_steady,220,25.3349170088768,25.330656051635742,0.0
stagekv_sync_r4,sync,4,4096,3,22,decode_steady,16,25.50077810883522,25.49555206298828,0.0
stagekv_sync_r4,sync,4,4096,3,23,decode_steady,15,25.42524691671133,25.41961669921875,0.0
stagekv_sync_r4,sync,4,4096,3,24,decode_steady,15,25.375934783369303,25.370912551879883,0.0
stagekv_sync_r4,sync,4,4096,3,25,decode_steady,4,25.494517292827368,25.490432739257812,0.0
stagekv_sync_r4,sync,4,4096,3,26,decode_steady,220,25.419665966182947,25.41561508178711,0.0
stagekv_sync_r4,sync,4,4096,3,27,decode_steady,16,25.39904834702611,25.394176483154297,0.0
stagekv_sync_r4,sync,4,4096,3,28,decode_steady,15,25.44686710461974,25.443071365356445,0.0
stagekv_sync_r4,sync,4,4096,3,29,decode_steady,15,25.515004992485046,25.510719299316406,0.0
stagekv_sync_r4,sync,4,4096,3,30,decode_steady,4,25.606957264244556,25.602975845336914,0.0
stagekv_sync_r4,sync,4,4096,3,31,decode_steady,220,25.476411916315556,25.470975875854492,0.0
stagekv_sync_r4,sync,4,4096,3,32,decode_steady,16,25.42243106290698,25.417728424072266,0.0
stagekv_async_r0,async,0,4096,3,1,prefill_ttft,220,3905.826878733933,3905.84326171875,0.0
stagekv_async_r0,async,0,4096,3,2,decode_first,16,3386.700721923262,3386.715087890625,3260.948633313179
stagekv_async_r0,async,0,4096,3,3,decode_steady,15,2791.942061856389,2791.9521484375,2577.5445984601974
stagekv_async_r0,async,0,4096,3,4,decode_steady,15,3301.042351871729,3301.054443359375,3162.0792142152786
stagekv_async_r0,async,0,4096,3,5,decode_steady,4,2997.970906086266,2997.98193359375,2375.9085521698
stagekv_async_r0,async,0,4096,3,6,decode_steady,220,3002.863680012524,3002.875732421875,2785.367244720459
stagekv_async_r0,async,0,4096,3,7,decode_steady,16,3199.3046370334923,3199.317626953125,2816.314223766327
stagekv_async_r0,async,0,4096,3,8,decode_steady,15,3499.9445509165525,3499.958251953125,3137.8326729536057
stagekv_async_r0,async,0,4096,3,9,decode_steady,15,4095.6805017776787,4095.676513671875,3693.7091193199158
stagekv_async_r0,async,0,4096,3,10,decode_steady,4,4277.724917978048,4204.47021484375,4021.7874369621277
stagekv_async_r0,async,0,4096,3,11,decode_steady,220,3895.2216622419655,3895.23828125,3449.845442533493
stagekv_async_r0,async,0,4096,3,12,decode_steady,16,5316.773351747543,5316.79833984375,4799.219473719597
stagekv_async_r0,async,0,4096,3,13,decode_steady,15,4497.893169056624,4421.75830078125,4140.240594863892
stagekv_async_r0,async,0,4096,3,14,decode_steady,15,4800.961553119123,4800.41064453125,4504.298814535141
stagekv_async_r0,async,0,4096,3,15,decode_steady,4,4494.000512175262,4401.56494140625,4106.210711479187
stagekv_async_r0,async,0,4096,3,16,decode_steady,220,3419.521499425173,3419.135009765625,3192.5687457323074
stagekv_async_r0,async,0,4096,3,17,decode_steady,16,4223.500044085085,4205.109375,3879.313150882721
stagekv_async_r0,async,0,4096,3,18,decode_steady,15,3308.00363374874,3307.62548828125,3268.880795240402
stagekv_async_r0,async,0,4096,3,19,decode_steady,15,4795.800499618053,4795.26806640625,4397.968737602234
stagekv_async_r0,async,0,4096,3,20,decode_steady,4,3093.688845168799,3093.34912109375,2962.1758671998978
stagekv_async_r0,async,0,4096,3,21,decode_steady,220,2880.7888799346983,2880.47314453125,2651.182934522629
stagekv_async_r0,async,0,4096,3,22,decode_steady,16,2610.5273230932653,2610.24267578125,2191.6068888902664
stagekv_async_r0,async,0,4096,3,23,decode_steady,15,3279.561121016741,3279.2060546875,2978.1551522016525
stagekv_async_r0,async,0,4096,3,24,decode_steady,15,2492.837023921311,2399.816650390625,1804.328717827797
stagekv_async_r0,async,0,4096,3,25,decode_steady,4,2398.6631873995066,2398.40478515625,1874.1900411844254
stagekv_async_r0,async,0,4096,3,26,decode_steady,220,2502.4897600524127,2502.221923828125,2179.4706055521965
stagekv_async_r0,async,0,4096,3,27,decode_steady,16,3089.880507439375,3089.55126953125,2759.978577375412
stagekv_async_r0,async,0,4096,3,28,decode_steady,15,2514.0957506373525,2504.094482421875,1909.3996114730835
stagekv_async_r0,async,0,4096,3,29,decode_steady,15,2415.537927299738,2404.1513671875,2235.2117688059807
stagekv_async_r0,async,0,4096,3,30,decode_steady,4,3295.8306120708585,3284.194580078125,2845.992497742176
stagekv_async_r0,async,0,4096,3,31,decode_steady,220,2691.151252016425,2683.45361328125,2467.3494547605515
stagekv_async_r0,async,0,4096,3,32,decode_steady,16,94.39663589000702,94.38310241699219,31.47055995464325
stagekv_async_r1,async,1,4096,3,1,prefill_ttft,220,3075.81430580467,3075.495849609375,0.0
stagekv_async_r1,async,1,4096,3,2,decode_first,16,1889.506922569126,1889.3104248046875,1788.0230977535248
stagekv_async_r1,async,1,4096,3,3,decode_steady,15,1700.6761799566448,1700.4981689453125,1656.4802612364292
stagekv_async_r1,async,1,4096,3,4,decode_steady,15,1896.70749893412,1896.510498046875,1541.1169623732567
stagekv_async_r1,async,1,4096,3,5,decode_steady,4,1795.6313458271325,1779.094482421875,1478.1571676135063
stagekv_async_r1,async,1,4096,3,6,decode_steady,220,1880.3683733567595,1808.7000732421875,1679.7822473049164
stagekv_async_r1,async,1,4096,3,7,decode_steady,16,1907.3321581818163,1907.1375732421875,1778.716858804226
stagekv_async_r1,async,1,4096,3,8,decode_steady,15,2094.427459873259,2094.211669921875,1760.8743959069252
stagekv_async_r1,async,1,4096,3,9,decode_steady,15,2300.725242123008,2300.49072265625,2261.531951248646
stagekv_async_r1,async,1,4096,3,10,decode_steady,4,1897.007501218468,1896.8125,1794.820698440075
stagekv_async_r1,async,1,4096,3,11,decode_steady,220,2203.9106702432036,2203.68798828125,2121.472801208496
stagekv_async_r1,async,1,4096,3,12,decode_steady,16,2799.1904099471867,2724.431884765625,2526.6261398792267
stagekv_async_r1,async,1,4096,3,13,decode_steady,15,2896.910030860454,2821.932861328125,2718.5470432043076
stagekv_async_r1,async,1,4096,3,14,decode_steady,15,2516.872647218406,2516.6171875,2449.958695292473
stagekv_async_r1,async,1,4096,3,15,decode_steady,4,2579.0927917696536,2504.197265625,2242.2155163884163
stagekv_async_r1,async,1,4096,3,16,decode_steady,220,2095.222586300224,2095.015869140625,1878.2678656578064
stagekv_async_r1,async,1,4096,3,17,decode_steady,16,2416.3461509160697,2416.108642578125,2097.482663691044
stagekv_async_r1,async,1,4096,3,18,decode_steady,15,2776.071016676724,2699.562744140625,2422.584942370653
stagekv_async_r1,async,1,4096,3,19,decode_steady,15,2894.5510927587748,2894.271484375,2279.1347313672304
stagekv_async_r1,async,1,4096,3,20,decode_steady,4,2602.091790176928,2601.840576171875,2562.719586253166
stagekv_async_r1,async,1,4096,3,21,decode_steady,220,2197.132407221943,2196.920166015625,2069.9067999720573
stagekv_async_r1,async,1,4096,3,22,decode_steady,16,1981.214047409594,1981.02294921875,1731.5136689543724
stagekv_async_r1,async,1,4096,3,23,decode_steady,15,1685.4422790929675,1685.2786865234375,1457.2076825201511
stagekv_async_r1,async,1,4096,3,24,decode_steady,15,1882.5670881196856,1882.3809814453125,1645.173854291439
stagekv_async_r1,async,1,4096,3,25,decode_steady,4,1897.2418317571282,1897.06103515625,1669.0484201908112
stagekv_async_r1,async,1,4096,3,26,decode_steady,220,2398.8841800019145,2398.656494140625,2264.103731036186
stagekv_async_r1,async,1,4096,3,27,decode_steady,16,1893.8467409461737,1893.65966796875,1758.3605479002
stagekv_async_r1,async,1,4096,3,28,decode_steady,15,1919.861190021038,1919.681884765625,1678.794079720974
stagekv_async_r1,async,1,4096,3,29,decode_steady,15,3002.6386911049485,3002.39453125,2859.9673657417297
stagekv_async_r1,async,1,4096,3,30,decode_steady,4,2695.5902599729598,2695.338623046875,2390.479362845421
stagekv_async_r1,async,1,4096,3,31,decode_steady,220,1997.5183070637286,1997.331298828125,1403.2186214327812
stagekv_async_r1,async,1,4096,3,32,decode_steady,16,83.05679401382804,83.04505920410156,60.09862393140793
stagekv_async_r2,async,2,4096,3,1,prefill_ttft,220,3103.18855708465,3102.90234375,0.0
stagekv_async_r2,async,2,4096,3,2,decode_first,16,3506.4587048254907,3506.13720703125,3261.501145362854
stagekv_async_r2,async,2,4096,3,3,decode_steady,15,2295.5878074280918,2295.372802734375,1972.6919043064117
stagekv_async_r2,async,2,4096,3,4,decode_steady,15,1907.1251433342695,1906.947021484375,1678.312706708908
stagekv_async_r2,async,2,4096,3,5,decode_steady,4,1594.1030150279403,1593.956298828125,1465.7434611320496
stagekv_async_r2,async,2,4096,3,6,decode_steady,220,1698.258554097265,1698.10302734375,1569.278303861618
stagekv_async_r2,async,2,4096,3,7,decode_steady,16,1503.3602537587285,1503.2236328125,1364.780570268631
stagekv_async_r2,async,2,4096,3,8,decode_steady,15,1495.4661950469017,1495.329833984375,1456.7800271511078
stagekv_async_r2,async,2,4096,3,9,decode_steady,15,2097.612260840833,2097.42236328125,1775.0420899391174
stagekv_async_r2,async,2,4096,3,10,decode_steady,4,2004.1618049144745,2003.98046875,1739.134016752243
stagekv_async_r2,async,2,4096,3,11,decode_steady,220,1500.4042950458825,1500.2685546875,1381.448070049286
stagekv_async_r2,async,2,4096,3,12,decode_steady,16,1701.6278440132737,1701.4742431640625,1583.2644109725952
stagekv_async_r2,async,2,4096,3,13,decode_steady,15,1591.185498982668,1591.031982421875,1475.986403465271
stagekv_async_r2,async,2,4096,3,14,decode_steady,15,1995.8833940327168,1902.5960693359375,1850.7276101112366
stagekv_async_r2,async,2,4096,3,15,decode_steady,4,3302.0017193630338,3301.7099609375,3230.8287098407745
stagekv_async_r2,async,2,4096,3,16,decode_steady,220,2096.333506051451,2096.1484375,1776.3928208351135
stagekv_async_r2,async,2,4096,3,17,decode_steady,16,2300.042153801769,2299.83837890625,2083.8389282226562
stagekv_async_r2,async,2,4096,3,18,decode_steady,15,2301.687214989215,2301.48193359375,2089.904993057251
stagekv_async_r2,async,2,4096,3,19,decode_steady,15,1785.5359921231866,1785.3795166015625,1638.7789680957794
stagekv_async_r2,async,2,4096,3,20,decode_steady,4,1991.3456328213215,1991.173828125,1864.4519426822662
stagekv_async_r2,async,2,4096,3,21,decode_steady,220,2290.718983858824,2290.52392578125,2232.2486715316772
stagekv_async_r2,async,2,4096,3,22,decode_steady,16,1701.9270490854979,1701.7784423828125,1557.132438659668
stagekv_async_r2,async,2,4096,3,23,decode_steady,15,2396.793495863676,2396.587890625,2369.420339822769
stagekv_async_r2,async,2,4096,3,24,decode_steady,15,1586.5650726482272,1586.42822265625,1378.0380189418793
stagekv_async_r2,async,2,4096,3,25,decode_steady,4,1503.5991980694234,1503.4696044921875,1477.6121871471405
stagekv_async_r2,async,2,4096,3,26,decode_steady,220,1602.4173288606107,1602.2803955078125,1402.254630804062
stagekv_async_r2,async,2,4096,3,27,decode_steady,16,1499.4388478808105,1499.31005859375,1273.8573141098022
stagekv_async_r2,async,2,4096,3,28,decode_steady,15,1495.0539651326835,1494.9222412109375,1467.0573382377625
stagekv_async_r2,async,2,4096,3,29,decode_steady,15,1485.2934619411826,1485.1666259765625,1458.8996542692184
stagekv_async_r2,async,2,4096,3,30,decode_steady,4,2283.809643238783,2283.6171875,2219.681322813034
stagekv_async_r2,async,2,4096,3,31,decode_steady,220,1601.9324930384755,1601.7950439453125,1575.5861492156982
stagekv_async_r2,async,2,4096,3,32,decode_steady,16,55.3089240565896,55.299774169921875,32.448415994644165
stagekv_async_r4,async,4,4096,3,1,prefill_ttft,220,424.15954917669296,424.1192932128906,0.0
stagekv_async_r4,async,4,4096,3,2,decode_first,16,25.50367172807455,25.4965763092041,0.0
stagekv_async_r4,async,4,4096,3,3,decode_steady,15,25.12289583683014,25.11667251586914,0.0
stagekv_async_r4,async,4,4096,3,4,decode_steady,15,25.15630191192031,25.149343490600586,0.0
stagekv_async_r4,async,4,4096,3,5,decode_steady,4,25.075754150748253,25.068544387817383,0.0
stagekv_async_r4,async,4,4096,3,6,decode_steady,220,25.120491161942482,25.113536834716797,0.0
stagekv_async_r4,async,4,4096,3,7,decode_steady,16,25.05165571346879,25.044992446899414,0.0
stagekv_async_r4,async,4,4096,3,8,decode_steady,15,25.024773087352514,25.018367767333984,0.0
stagekv_async_r4,async,4,4096,3,9,decode_steady,15,25.093939155340195,25.085952758789062,0.0
stagekv_async_r4,async,4,4096,3,10,decode_steady,4,24.984402116388083,24.977184295654297,0.0
stagekv_async_r4,async,4,4096,3,11,decode_steady,220,25.216045323759317,25.209632873535156,0.0
stagekv_async_r4,async,4,4096,3,12,decode_steady,16,24.930766317993402,24.92416000366211,0.0
stagekv_async_r4,async,4,4096,3,13,decode_steady,15,25.06666211411357,25.059328079223633,0.0
stagekv_async_r4,async,4,4096,3,14,decode_steady,15,25.01895884051919,25.012096405029297,0.0
stagekv_async_r4,async,4,4096,3,15,decode_steady,4,25.69888113066554,25.688064575195312,0.0
stagekv_async_r4,async,4,4096,3,16,decode_steady,220,24.998378939926624,24.99158477783203,0.0
stagekv_async_r4,async,4,4096,3,17,decode_steady,16,25.596230290830135,25.589439392089844,0.0
stagekv_async_r4,async,4,4096,3,18,decode_steady,15,24.861829821020365,24.855520248413086,0.0
stagekv_async_r4,async,4,4096,3,19,decode_steady,15,25.015151128172874,25.008127212524414,0.0
stagekv_async_r4,async,4,4096,3,20,decode_steady,4,25.246495380997658,25.239519119262695,0.0
stagekv_async_r4,async,4,4096,3,21,decode_steady,220,25.446176063269377,25.439231872558594,0.0
stagekv_async_r4,async,4,4096,3,22,decode_steady,16,25.436838157474995,25.430015563964844,0.0
stagekv_async_r4,async,4,4096,3,23,decode_steady,15,25.48343874514103,25.47609519958496,0.0
stagekv_async_r4,async,4,4096,3,24,decode_steady,15,25.511644780635834,25.505535125732422,0.0
stagekv_async_r4,async,4,4096,3,25,decode_steady,4,25.445594917982817,25.438207626342773,0.0
stagekv_async_r4,async,4,4096,3,26,decode_steady,220,25.430195033550262,25.422847747802734,0.0
stagekv_async_r4,async,4,4096,3,27,decode_steady,16,25.437469128519297,25.431039810180664,0.0
stagekv_async_r4,async,4,4096,3,28,decode_steady,15,25.406348053365946,25.399295806884766,0.0
stagekv_async_r4,async,4,4096,3,29,decode_steady,15,25.93309013172984,25.92563247680664,0.0
stagekv_async_r4,async,4,4096,3,30,decode_steady,4,25.50584264099598,25.498624801635742,0.0
stagekv_async_r4,async,4,4096,3,31,decode_steady,220,25.339697021991014,25.332735061645508,0.0
stagekv_async_r4,async,4,4096,3,32,decode_steady,16,25.15468467026949,25.148160934448242,0.0
stagekv_bidirectional_r0,bidirectional,0,4096,3,1,prefill_ttft,220,3317.2241328284144,3259.2138671875,0.0
stagekv_bidirectional_r0,bidirectional,0,4096,3,2,decode_first,16,4618.960494175553,4618.57958984375,0.0
stagekv_bidirectional_r0,bidirectional,0,4096,3,3,decode_steady,15,6002.40973290056,6001.921875,0.0
stagekv_bidirectional_r0,bidirectional,0,4096,3,4,decode_steady,15,5901.413043960929,5900.93896484375,0.0
stagekv_bidirectional_r0,bidirectional,0,4096,3,5,decode_steady,4,5697.51690980047,5697.06396484375,0.0
stagekv_bidirectional_r0,bidirectional,0,4096,3,6,decode_steady,220,5281.786237843335,5281.3681640625,0.0
stagekv_bidirectional_r0,bidirectional,0,4096,3,7,decode_steady,16,3518.250762950629,3517.973388671875,0.0
stagekv_bidirectional_r0,bidirectional,0,4096,3,8,decode_steady,15,2996.5138672851026,2985.22412109375,0.0
stagekv_bidirectional_r0,bidirectional,0,4096,3,9,decode_steady,15,3684.4845172017813,3684.1953125,0.0
stagekv_bidirectional_r0,bidirectional,0,4096,3,10,decode_steady,4,3605.2958639338613,3605.014892578125,0.0
stagekv_bidirectional_r0,bidirectional,0,4096,3,11,decode_steady,220,3696.616925764829,3696.33056640625,0.0
stagekv_bidirectional_r0,bidirectional,0,4096,3,12,decode_steady,16,3505.4901130497456,3505.222412109375,0.0
stagekv_bidirectional_r0,bidirectional,0,4096,3,13,decode_steady,15,3510.448796674609,3510.1787109375,0.0
stagekv_bidirectional_r0,bidirectional,0,4096,3,14,decode_steady,15,3292.7354350686073,3285.199951171875,0.0
stagekv_bidirectional_r0,bidirectional,0,4096,3,15,decode_steady,4,3990.821950137615,3990.522705078125,0.0
stagekv_bidirectional_r0,bidirectional,0,4096,3,16,decode_steady,220,3803.5259200260043,3803.241455078125,0.0
stagekv_bidirectional_r0,bidirectional,0,4096,3,17,decode_steady,16,3493.989873211831,3493.730224609375,0.0
stagekv_bidirectional_r0,bidirectional,0,4096,3,18,decode_steady,15,3206.903576850891,3206.665283203125,0.0
stagekv_bidirectional_r0,bidirectional,0,4096,3,19,decode_steady,15,3904.136226978153,3896.589111328125,0.0
stagekv_bidirectional_r0,bidirectional,0,4096,3,20,decode_steady,4,3803.7080401554704,3792.667724609375,0.0
stagekv_bidirectional_r0,bidirectional,0,4096,3,21,decode_steady,220,3102.8824001550674,3102.654541015625,0.0
stagekv_bidirectional_r0,bidirectional,0,4096,3,22,decode_steady,16,2980.7978281751275,2980.581298828125,0.0
stagekv_bidirectional_r0,bidirectional,0,4096,3,23,decode_steady,15,2901.2038349173963,2900.994140625,0.0
stagekv_bidirectional_r0,bidirectional,0,4096,3,24,decode_steady,15,5799.662800040096,5799.2509765625,0.0
stagekv_bidirectional_r0,bidirectional,0,4096,3,25,decode_steady,4,4701.70256216079,4701.373046875,0.0
stagekv_bidirectional_r0,bidirectional,0,4096,3,26,decode_steady,220,2901.601958088577,2901.3955078125,0.0
stagekv_bidirectional_r0,bidirectional,0,4096,3,27,decode_steady,16,3192.793291993439,3192.576904296875,0.0
stagekv_bidirectional_r0,bidirectional,0,4096,3,28,decode_steady,15,2508.579130284488,2508.40380859375,0.0
stagekv_bidirectional_r0,bidirectional,0,4096,3,29,decode_steady,15,3192.4646561965346,3192.240234375,0.0
stagekv_bidirectional_r0,bidirectional,0,4096,3,30,decode_steady,4,2801.6676530241966,2801.4736328125,0.0
stagekv_bidirectional_r0,bidirectional,0,4096,3,31,decode_steady,220,3200.1009988598526,3199.881103515625,0.0
stagekv_bidirectional_r0,bidirectional,0,4096,3,32,decode_steady,16,3914.977106731385,3903.951904296875,0.0
stagekv_bidirectional_r4,bidirectional,4,4096,4,1,prefill_ttft,220,419.4152122363448,419.38055419921875,0.0
stagekv_bidirectional_r4,bidirectional,4,4096,4,2,decode_first,16,23.811663035303354,23.80575942993164,0.0
stagekv_bidirectional_r4,bidirectional,4,4096,4,3,decode_steady,15,23.35213916376233,23.346176147460938,0.0
stagekv_bidirectional_r4,bidirectional,4,4096,4,4,decode_steady,15,23.28397613018751,23.278400421142578,0.0
stagekv_bidirectional_r4,bidirectional,4,4096,4,5,decode_steady,4,23.201797157526016,23.19651222229004,0.0
stagekv_bidirectional_r4,bidirectional,4,4096,4,6,decode_steady,220,23.822554387152195,23.799423217773438,0.0
stagekv_bidirectional_r4,bidirectional,4,4096,4,7,decode_steady,16,23.239680100232363,23.234304428100586,0.0
stagekv_bidirectional_r4,bidirectional,4,4096,4,8,decode_steady,15,23.314536083489656,23.3090877532959,0.0
stagekv_bidirectional_r4,bidirectional,4,4096,4,9,decode_steady,15,23.586003575474024,23.58028793334961,0.0
stagekv_bidirectional_r4,bidirectional,4,4096,4,10,decode_steady,4,23.23884889483452,23.23334312438965,0.0
stagekv_bidirectional_r4,bidirectional,4,4096,4,11,decode_steady,220,23.138273041695356,23.132160186767578,0.0
stagekv_bidirectional_r4,bidirectional,4,4096,4,12,decode_steady,16,23.036134894937277,23.029760360717773,0.0
stagekv_bidirectional_r4,bidirectional,4,4096,4,13,decode_steady,15,23.04140478372574,23.035072326660156,0.0
stagekv_bidirectional_r4,bidirectional,4,4096,4,14,decode_steady,15,23.625140078365803,23.618560791015625,0.0
stagekv_bidirectional_r4,bidirectional,4,4096,4,15,decode_steady,4,22.638561204075813,22.632448196411133,0.0
stagekv_bidirectional_r4,bidirectional,4,4096,4,16,decode_steady,220,22.809764370322227,22.803455352783203,0.0
stagekv_bidirectional_r4,bidirectional,4,4096,4,17,decode_steady,16,22.74269424378872,22.736799240112305,0.0
stagekv_bidirectional_r4,bidirectional,4,4096,4,18,decode_steady,15,23.153243120759726,23.147520065307617,0.0
stagekv_bidirectional_r4,bidirectional,4,4096,4,19,decode_steady,15,22.895722184330225,22.889408111572266,0.0
stagekv_bidirectional_r4,bidirectional,4,4096,4,20,decode_steady,4,23.007839918136597,23.001087188720703,0.0
stagekv_bidirectional_r4,bidirectional,4,4096,4,21,decode_steady,220,22.94062916189432,22.934431076049805,0.0
stagekv_bidirectional_r4,bidirectional,4,4096,4,22,decode_steady,16,23.146206978708506,23.140127182006836,0.0
stagekv_bidirectional_r4,bidirectional,4,4096,4,23,decode_steady,15,22.93591806665063,22.939647674560547,0.0
stagekv_bidirectional_r4,bidirectional,4,4096,4,24,decode_steady,15,23.229509126394987,23.223295211791992,0.0
stagekv_bidirectional_r4,bidirectional,4,4096,4,25,decode_steady,4,22.878204938024282,22.8720645904541,0.0
stagekv_bidirectional_r4,bidirectional,4,4096,4,26,decode_steady,220,22.85236492753029,22.84636878967285,0.0
stagekv_bidirectional_r4,bidirectional,4,4096,4,27,decode_steady,16,22.805795073509216,22.799232482910156,0.0
stagekv_bidirectional_r4,bidirectional,4,4096,4,28,decode_steady,15,22.793882060796022,22.788095474243164,0.0
stagekv_bidirectional_r4,bidirectional,4,4096,4,29,decode_steady,15,23.18399026989937,23.17804718017578,0.0
stagekv_bidirectional_r4,bidirectional,4,4096,4,30,decode_steady,4,23.174291010946035,23.168832778930664,0.0
stagekv_bidirectional_r4,bidirectional,4,4096,4,31,decode_steady,220,22.973751183599234,22.967296600341797,0.0
stagekv_bidirectional_r4,bidirectional,4,4096,4,32,decode_steady,16,22.949923761188984,22.944480895996094,0.0
standard,standard,,4096,4,1,prefill_ttft,220,409.1521999798715,409.1197509765625,0.0
standard,standard,,4096,4,2,decode_first,16,22.32878701761365,22.323135375976562,0.0
standard,standard,,4096,4,3,decode_steady,15,22.105813026428223,22.099775314331055,0.0
standard,standard,,4096,4,4,decode_steady,15,22.051758132874966,22.0446720123291,0.0
standard,standard,,4096,4,5,decode_steady,4,22.019957192242146,22.013856887817383,0.0
standard,standard,,4096,4,6,decode_steady,220,22.006570361554623,22.00048065185547,0.0
standard,standard,,4096,4,7,decode_steady,16,21.891076117753983,21.885120391845703,0.0
standard,standard,,4096,4,8,decode_steady,15,22.000618744641542,21.993471145629883,0.0
standard,standard,,4096,4,9,decode_steady,15,21.923326887190342,21.916671752929688,0.0
standard,standard,,4096,4,10,decode_steady,4,21.893588360399008,21.88697624206543,0.0
standard,standard,,4096,4,11,decode_steady,220,22.082155104726553,22.0762882232666,0.0
standard,standard,,4096,4,12,decode_steady,16,22.39020401611924,22.384511947631836,0.0
standard,standard,,4096,4,13,decode_steady,15,21.677418146282434,21.68012809753418,0.0
standard,standard,,4096,4,14,decode_steady,15,21.710573229938745,21.70467185974121,0.0
standard,standard,,4096,4,15,decode_steady,4,21.644534077495337,21.63916778564453,0.0
standard,standard,,4096,4,16,decode_steady,220,21.59319492056966,21.587072372436523,0.0
standard,standard,,4096,4,17,decode_steady,16,21.98235085234046,21.976064682006836,0.0
standard,standard,,4096,4,18,decode_steady,15,21.298120729625225,21.29088020324707,0.0
standard,standard,,4096,4,19,decode_steady,15,21.292760968208313,21.285888671875,0.0
standard,standard,,4096,4,20,decode_steady,4,21.326014306396246,21.319679260253906,0.0
standard,standard,,4096,4,21,decode_steady,220,21.224937867373228,21.218528747558594,0.0
standard,standard,,4096,4,22,decode_steady,16,21.303881891071796,21.298175811767578,0.0
standard,standard,,4096,4,23,decode_steady,15,21.26700012013316,21.26131248474121,0.0
standard,standard,,4096,4,24,decode_steady,15,21.310575306415558,21.304319381713867,0.0
standard,standard,,4096,4,25,decode_steady,4,21.300224121659994,21.29408073425293,0.0
standard,standard,,4096,4,26,decode_steady,220,21.273863036185503,21.2674560546875,0.0
standard,standard,,4096,4,27,decode_steady,16,21.201301831752062,21.194751739501953,0.0
standard,standard,,4096,4,28,decode_steady,15,21.39220293611288,21.385215759277344,0.0
standard,standard,,4096,4,29,decode_steady,15,21.3191919028759,21.313535690307617,0.0
standard,standard,,4096,4,30,decode_steady,4,21.347285714000463,21.341087341308594,0.0
standard,standard,,4096,4,31,decode_steady,220,21.731683984398842,21.725183486938477,0.0
standard,standard,,4096,4,32,decode_steady,16,21.38944761827588,21.383167266845703,0.0
stagekv_sync_r0,sync,0,4096,4,1,prefill_ttft,220,3411.0267590731382,3348.36328125,0.0
stagekv_sync_r0,sync,0,4096,4,2,decode_first,16,5402.960040140897,5402.6015625,0.0
stagekv_sync_r0,sync,0,4096,4,3,decode_steady,15,3802.7732116170228,3802.521484375,0.0
stagekv_sync_r0,sync,0,4096,4,4,decode_steady,15,3812.066216953099,3801.268310546875,0.0
stagekv_sync_r0,sync,0,4096,4,5,decode_steady,4,4384.577732067555,4384.2919921875,0.0
stagekv_sync_r0,sync,0,4096,4,6,decode_steady,220,4115.121983923018,4103.6962890625,0.0
stagekv_sync_r0,sync,0,4096,4,7,decode_steady,16,3684.600817039609,3684.365234375,0.0
stagekv_sync_r0,sync,0,4096,4,8,decode_steady,15,3411.13292099908,3403.640869140625,0.0
stagekv_sync_r0,sync,0,4096,4,9,decode_steady,15,3192.024789750576,3191.8212890625,0.0
stagekv_sync_r0,sync,0,4096,4,10,decode_steady,4,2707.332596182823,2699.724365234375,0.0
stagekv_sync_r0,sync,0,4096,4,11,decode_steady,220,3290.1704772375524,3289.96142578125,0.0
stagekv_sync_r0,sync,0,4096,4,12,decode_steady,16,3809.5889650285244,3799.07470703125,0.0
stagekv_sync_r0,sync,0,4096,4,13,decode_steady,15,3090.0379549711943,3089.84521484375,0.0
stagekv_sync_r0,sync,0,4096,4,14,decode_steady,15,3196.2727699428797,3196.07373046875,0.0
stagekv_sync_r0,sync,0,4096,4,15,decode_steady,4,3203.6154186353087,3203.4169921875,0.0
stagekv_sync_r0,sync,0,4096,4,16,decode_steady,220,4494.109525345266,4493.83447265625,0.0
stagekv_sync_r0,sync,0,4096,4,17,decode_steady,16,3605.8741230517626,3605.654296875,0.0
stagekv_sync_r0,sync,0,4096,4,18,decode_steady,15,3397.202185820788,3396.991943359375,0.0
stagekv_sync_r0,sync,0,4096,4,19,decode_steady,15,2593.415197916329,2501.496826171875,0.0
stagekv_sync_r0,sync,0,4096,4,20,decode_steady,4,2901.814864948392,2901.64111328125,0.0
stagekv_sync_r0,sync,0,4096,4,21,decode_steady,220,3102.651445195079,3102.465087890625,0.0
stagekv_sync_r0,sync,0,4096,4,22,decode_steady,16,3600.4707901738584,3600.255126953125,0.0
stagekv_sync_r0,sync,0,4096,4,23,decode_steady,15,3097.760934382677,3097.576416015625,0.0
stagekv_sync_r0,sync,0,4096,4,24,decode_steady,15,2901.830719318241,2901.654541015625,0.0
stagekv_sync_r0,sync,0,4096,4,25,decode_steady,4,3301.883725915104,3301.689453125,0.0
stagekv_sync_r0,sync,0,4096,4,26,decode_steady,220,3606.9070119410753,3599.298583984375,0.0
stagekv_sync_r0,sync,0,4096,4,27,decode_steady,16,3190.0008493103087,3189.81640625,0.0
stagekv_sync_r0,sync,0,4096,4,28,decode_steady,15,4298.685788642615,4298.4384765625,0.0
stagekv_sync_r0,sync,0,4096,4,29,decode_steady,15,3207.266157027334,3207.081787109375,0.0
stagekv_sync_r0,sync,0,4096,4,30,decode_steady,4,3300.6647122092545,3300.465576171875,0.0
stagekv_sync_r0,sync,0,4096,4,31,decode_steady,220,3797.2249379381537,3797.00634765625,0.0
stagekv_sync_r0,sync,0,4096,4,32,decode_steady,16,150.33573284745216,150.3231964111328,0.0
stagekv_sync_r1,sync,1,4096,4,1,prefill_ttft,220,3113.452823832631,3113.278076171875,0.0
stagekv_sync_r1,sync,1,4096,4,2,decode_first,16,2585.4672039858997,2585.3193359375,0.0
stagekv_sync_r1,sync,1,4096,4,3,decode_steady,15,2099.8135372065008,2099.693359375,0.0
stagekv_sync_r1,sync,1,4096,4,4,decode_steady,15,1802.273595239967,1802.1702880859375,0.0
stagekv_sync_r1,sync,1,4096,4,5,decode_steady,4,1995.332004968077,1995.2178955078125,0.0
stagekv_sync_r1,sync,1,4096,4,6,decode_steady,220,1703.340504784137,1703.2427978515625,0.0
stagekv_sync_r1,sync,1,4096,4,7,decode_steady,16,2002.759045921266,2002.64501953125,0.0
stagekv_sync_r1,sync,1,4096,4,8,decode_steady,15,1798.4737367369235,1798.372314453125,0.0
stagekv_sync_r1,sync,1,4096,4,9,decode_steady,15,1612.1648466214538,1612.0728759765625,0.0
stagekv_sync_r1,sync,1,4096,4,10,decode_steady,4,1590.5204680748284,1590.4287109375,0.0
stagekv_sync_r1,sync,1,4096,4,11,decode_steady,220,1591.9348229654133,1591.8438720703125,0.0
stagekv_sync_r1,sync,1,4096,4,12,decode_steady,16,1617.7608063444495,1617.6690673828125,0.0
stagekv_sync_r1,sync,1,4096,4,13,decode_steady,15,1982.3340037837625,1982.22314453125,0.0
stagekv_sync_r1,sync,1,4096,4,14,decode_steady,15,1999.798365868628,1999.6876220703125,0.0
stagekv_sync_r1,sync,1,4096,4,15,decode_steady,4,1718.2866353541613,1718.192138671875,0.0
stagekv_sync_r1,sync,1,4096,4,16,decode_steady,220,1496.8740390613675,1485.8106689453125,0.0
stagekv_sync_r1,sync,1,4096,4,17,decode_steady,16,1886.0169015824795,1885.914794921875,0.0
stagekv_sync_r1,sync,1,4096,4,18,decode_steady,15,2201.3881830498576,2201.26513671875,0.0
stagekv_sync_r1,sync,1,4096,4,19,decode_steady,15,1914.1102083958685,1914.0047607421875,0.0
stagekv_sync_r1,sync,1,4096,4,20,decode_steady,4,2184.2123572714627,2184.094482421875,0.0
stagekv_sync_r1,sync,1,4096,4,21,decode_steady,220,1904.1729080490768,1904.0693359375,0.0
stagekv_sync_r1,sync,1,4096,4,22,decode_steady,16,1794.0619341097772,1793.9569091796875,0.0
stagekv_sync_r1,sync,1,4096,4,23,decode_steady,15,1799.6978862211108,1799.5950927734375,0.0
stagekv_sync_r1,sync,1,4096,4,24,decode_steady,15,2500.012940261513,2499.87890625,0.0
stagekv_sync_r1,sync,1,4096,4,25,decode_steady,4,1801.513495389372,1801.41650390625,0.0
stagekv_sync_r1,sync,1,4096,4,26,decode_steady,220,1700.01974189654,1699.9281005859375,0.0
stagekv_sync_r1,sync,1,4096,4,27,decode_steady,16,1702.8604024089873,1702.7684326171875,0.0
stagekv_sync_r1,sync,1,4096,4,28,decode_steady,15,2097.36288478598,2097.251220703125,0.0
stagekv_sync_r1,sync,1,4096,4,29,decode_steady,15,2197.8810178115964,2197.76513671875,0.0
stagekv_sync_r1,sync,1,4096,4,30,decode_steady,4,1804.2249833233654,1804.1282958984375,0.0
stagekv_sync_r1,sync,1,4096,4,31,decode_steady,220,1697.0133669674397,1696.9224853515625,0.0
stagekv_sync_r1,sync,1,4096,4,32,decode_steady,16,85.57014213874936,85.56111907958984,0.0
stagekv_sync_r2,sync,2,4096,4,1,prefill_ttft,220,3017.175457905978,3017.021240234375,0.0
stagekv_sync_r2,sync,2,4096,4,2,decode_first,16,1787.0231089182198,1786.9290771484375,0.0
stagekv_sync_r2,sync,2,4096,4,3,decode_steady,15,1799.9966158531606,1799.9022216796875,0.0
stagekv_sync_r2,sync,2,4096,4,4,decode_steady,15,1515.1085751131177,1503.7796630859375,0.0
stagekv_sync_r2,sync,2,4096,4,5,decode_steady,4,1683.5147328674793,1683.4273681640625,0.0
stagekv_sync_r2,sync,2,4096,4,6,decode_steady,220,1703.816690016538,1703.727783203125,0.0
stagekv_sync_r2,sync,2,4096,4,7,decode_steady,16,1598.6270760186017,1598.5438232421875,0.0
stagekv_sync_r2,sync,2,4096,4,8,decode_steady,15,1615.785432048142,1615.7010498046875,0.0
stagekv_sync_r2,sync,2,4096,4,9,decode_steady,15,1490.3434328734875,1490.2652587890625,0.0
stagekv_sync_r2,sync,2,4096,4,10,decode_steady,4,1495.6036531366408,1495.5242919921875,0.0
stagekv_sync_r2,sync,2,4096,4,11,decode_steady,220,1497.6330259814858,1497.554931640625,0.0
stagekv_sync_r2,sync,2,4096,4,12,decode_steady,16,1698.4950411133468,1698.4053955078125,0.0
stagekv_sync_r2,sync,2,4096,4,13,decode_steady,15,1599.9644887633622,1599.8812255859375,0.0
stagekv_sync_r2,sync,2,4096,4,14,decode_steady,15,1598.4145570546389,1598.3319091796875,0.0
stagekv_sync_r2,sync,2,4096,4,15,decode_steady,4,1919.1576931625605,1919.0606689453125,0.0
stagekv_sync_r2,sync,2,4096,4,16,decode_steady,220,1483.5239206440747,1483.4473876953125,0.0
stagekv_sync_r2,sync,2,4096,4,17,decode_steady,16,1701.0745583102107,1700.9869384765625,0.0
stagekv_sync_r2,sync,2,4096,4,18,decode_steady,15,1498.9866563118994,1498.9095458984375,0.0
stagekv_sync_r2,sync,2,4096,4,19,decode_steady,15,1499.6526660397649,1499.5760498046875,0.0
stagekv_sync_r2,sync,2,4096,4,20,decode_steady,4,1499.8405640944839,1499.7626953125,0.0
stagekv_sync_r2,sync,2,4096,4,21,decode_steady,220,1497.9333560913801,1497.85791015625,0.0
stagekv_sync_r2,sync,2,4096,4,22,decode_steady,16,2318.519366905093,2318.4033203125,0.0
stagekv_sync_r2,sync,2,4096,4,23,decode_steady,15,2099.039784166962,2098.935546875,0.0
stagekv_sync_r2,sync,2,4096,4,24,decode_steady,15,1882.5571010820568,1882.4591064453125,0.0
stagekv_sync_r2,sync,2,4096,4,25,decode_steady,4,1608.182049356401,1608.1007080078125,0.0
stagekv_sync_r2,sync,2,4096,4,26,decode_steady,220,1791.5523811243474,1791.4632568359375,0.0
stagekv_sync_r2,sync,2,4096,4,27,decode_steady,16,1601.5375121496618,1601.455078125,0.0
stagekv_sync_r2,sync,2,4096,4,28,decode_steady,15,1598.1984180398285,1598.1165771484375,0.0
stagekv_sync_r2,sync,2,4096,4,29,decode_steady,15,1301.4907180331647,1301.4251708984375,0.0
stagekv_sync_r2,sync,2,4096,4,30,decode_steady,4,2300.2749239094555,2300.1630859375,0.0
stagekv_sync_r2,sync,2,4096,4,31,decode_steady,220,1697.9618850164115,1697.8790283203125,0.0
stagekv_sync_r2,sync,2,4096,4,32,decode_steady,16,57.26966029033065,57.26310348510742,0.0
stagekv_sync_r4,sync,4,4096,4,1,prefill_ttft,220,424.96233619749546,424.9354248046875,0.0
stagekv_sync_r4,sync,4,4096,4,2,decode_first,16,24.91310006007552,24.90777587890625,0.0
stagekv_sync_r4,sync,4,4096,4,3,decode_steady,15,24.625255726277828,24.619007110595703,0.0
stagekv_sync_r4,sync,4,4096,4,4,decode_steady,15,24.588534608483315,24.582143783569336,0.0
stagekv_sync_r4,sync,4,4096,4,5,decode_steady,4,24.974296800792217,24.968191146850586,0.0
stagekv_sync_r4,sync,4,4096,4,6,decode_steady,220,24.582482874393463,24.57686424255371,0.0
stagekv_sync_r4,sync,4,4096,4,7,decode_steady,16,24.533257819712162,24.52787208557129,0.0
stagekv_sync_r4,sync,4,4096,4,8,decode_steady,15,24.432213976979256,24.427200317382812,0.0
stagekv_sync_r4,sync,4,4096,4,9,decode_steady,15,24.69868678599596,24.692960739135742,0.0
stagekv_sync_r4,sync,4,4096,4,10,decode_steady,4,24.66513216495514,24.65894317626953,0.0
stagekv_sync_r4,sync,4,4096,4,11,decode_steady,220,24.614455178380013,24.608768463134766,0.0
stagekv_sync_r4,sync,4,4096,4,12,decode_steady,16,24.48467491194606,24.47871971130371,0.0
stagekv_sync_r4,sync,4,4096,4,13,decode_steady,15,24.54056218266487,24.534879684448242,0.0
stagekv_sync_r4,sync,4,4096,4,14,decode_steady,15,24.59921594709158,24.593120574951172,0.0
stagekv_sync_r4,sync,4,4096,4,15,decode_steady,4,24.53473210334778,24.52889633178711,0.0
stagekv_sync_r4,sync,4,4096,4,16,decode_steady,220,24.52913112938404,24.523775100708008,0.0
stagekv_sync_r4,sync,4,4096,4,17,decode_steady,16,24.605597835034132,24.599552154541016,0.0
stagekv_sync_r4,sync,4,4096,4,18,decode_steady,15,24.514482356607914,24.50841522216797,0.0
stagekv_sync_r4,sync,4,4096,4,19,decode_steady,15,24.618824012577534,24.613536834716797,0.0
stagekv_sync_r4,sync,4,4096,4,20,decode_steady,4,24.986702017486095,24.980480194091797,0.0
stagekv_sync_r4,sync,4,4096,4,21,decode_steady,220,24.858204182237387,24.852479934692383,0.0
stagekv_sync_r4,sync,4,4096,4,22,decode_steady,16,24.94313707575202,24.936447143554688,0.0
stagekv_sync_r4,sync,4,4096,4,23,decode_steady,15,24.970259983092546,24.964096069335938,0.0
stagekv_sync_r4,sync,4,4096,4,24,decode_steady,15,24.879504926502705,24.87295913696289,0.0
stagekv_sync_r4,sync,4,4096,4,25,decode_steady,4,24.895827285945415,24.89027214050293,0.0
stagekv_sync_r4,sync,4,4096,4,26,decode_steady,220,24.93817824870348,24.932191848754883,0.0
stagekv_sync_r4,sync,4,4096,4,27,decode_steady,16,24.90637730807066,24.90060806274414,0.0
stagekv_sync_r4,sync,4,4096,4,28,decode_steady,15,24.956323206424713,24.94976043701172,0.0
stagekv_sync_r4,sync,4,4096,4,29,decode_steady,15,24.977073073387146,24.971040725708008,0.0
stagekv_sync_r4,sync,4,4096,4,30,decode_steady,4,24.894433096051216,24.888320922851562,0.0
stagekv_sync_r4,sync,4,4096,4,31,decode_steady,220,24.908279068768024,24.90265655517578,0.0
stagekv_sync_r4,sync,4,4096,4,32,decode_steady,16,24.949737824499607,24.94361686706543,0.0
stagekv_async_r0,async,0,4096,4,1,prefill_ttft,220,3392.7431530319154,3391.408935546875,0.0
stagekv_async_r0,async,0,4096,4,2,decode_first,16,3480.7990049012005,3480.63427734375,3267.164383172989
stagekv_async_r0,async,0,4096,4,3,decode_steady,15,2898.8340059295297,2898.697021484375,2405.6959598064423
stagekv_async_r0,async,0,4096,4,4,decode_steady,15,4306.133795063943,4305.93310546875,4260.230083227158
stagekv_async_r0,async,0,4096,4,5,decode_steady,4,2990.248230751604,2972.80615234375,2595.6803835630417
stagekv_async_r0,async,0,4096,4,6,decode_steady,220,3080.4827511310577,3007.63330078125,2681.651662349701
stagekv_async_r0,async,0,4096,4,7,decode_steady,16,3607.582873199135,3607.418701171875,3190.3694484233856
stagekv_async_r0,async,0,4096,4,8,decode_steady,15,3495.495222043246,3495.33349609375,3161.9949445724487
stagekv_async_r0,async,0,4096,4,9,decode_steady,15,2994.7398002259433,2994.60205078125,2707.083524942398
stagekv_async_r0,async,0,4096,4,10,decode_steady,4,3093.7511939555407,3093.609375,2893.2340529561043
stagekv_async_r0,async,0,4096,4,11,decode_steady,220,4579.2616051621735,4579.0546875,4132.77445936203
stagekv_async_r0,async,0,4096,4,12,decode_steady,16,4222.394734155387,4222.205078125,3923.508305311203
stagekv_async_r0,async,0,4096,4,13,decode_steady,15,4296.944031026214,4296.7529296875,3730.6584330797195
stagekv_async_r0,async,0,4096,4,14,decode_steady,15,3306.0398288071156,3305.8876953125,2944.1166574954987
stagekv_async_r0,async,0,4096,4,15,decode_steady,4,3792.8277030587196,3792.654296875,3367.525447845459
stagekv_async_r0,async,0,4096,4,16,decode_steady,220,3511.4239510148764,3503.88330078125,2984.589590072632
stagekv_async_r0,async,0,4096,4,17,decode_steady,16,3918.977855704725,3918.80712890625,3766.014506340027
stagekv_async_r0,async,0,4096,4,18,decode_steady,15,4302.4963941425085,4302.30859375,4162.332645654678
stagekv_async_r0,async,0,4096,4,19,decode_steady,15,3678.7879718467593,3678.6279296875,3602.9144089221954
stagekv_async_r0,async,0,4096,4,20,decode_steady,4,3877.522150054574,3877.3544921875,3752.985407471657
stagekv_async_r0,async,0,4096,4,21,decode_steady,220,3887.253317050636,3887.089599609375,3817.259287595749
stagekv_async_r0,async,0,4096,4,22,decode_steady,16,3700.173156801611,3700.014892578125,3461.935389280319
stagekv_async_r0,async,0,4096,4,23,decode_steady,15,3700.711209792644,3700.5546875,3639.9289634227753
stagekv_async_r0,async,0,4096,4,24,decode_steady,15,3496.405771933496,3496.257568359375,3329.342784881592
stagekv_async_r0,async,0,4096,4,25,decode_steady,4,3293.5235863551497,3200.8046875,3071.089916706085
stagekv_async_r0,async,0,4096,4,26,decode_steady,220,3298.95922774449,3298.820068359375,3222.310570716858
stagekv_async_r0,async,0,4096,4,27,decode_steady,16,3195.4556480050087,3195.322265625,3028.6216309070587
stagekv_async_r0,async,0,4096,4,28,decode_steady,15,3199.230785947293,3199.096923828125,3078.005664229393
stagekv_async_r0,async,0,4096,4,29,decode_steady,15,3195.0098648667336,3194.8779296875,2959.587455511093
stagekv_async_r0,async,0,4096,4,30,decode_steady,4,2890.9749761223793,2798.1650390625,2489.1904795765877
stagekv_async_r0,async,0,4096,4,31,decode_steady,220,2495.9246567450464,2495.82080078125,2171.6756764650345
stagekv_async_r0,async,0,4096,4,32,decode_steady,16,53.75522980466485,53.749759674072266,30.91872003674507
stagekv_async_r1,async,1,4096,4,1,prefill_ttft,220,3213.4943632408977,3150.865478515625,0.0
stagekv_async_r1,async,1,4096,4,2,decode_first,16,2138.28868791461,2131.89013671875,1797.8637727499008
stagekv_async_r1,async,1,4096,4,3,decode_steady,15,1781.8974112160504,1781.8204345703125,1582.1642969548702
stagekv_async_r1,async,1,4096,4,4,decode_steady,15,2999.209070112556,2999.07470703125,2671.5140172839165
stagekv_async_r1,async,1,4096,4,5,decode_steady,4,1981.8443655967712,1981.7625732421875,1800.6179624199867
stagekv_async_r1,async,1,4096,4,6,decode_steady,220,1999.8194379732013,1999.7364501953125,1852.150244295597
stagekv_async_r1,async,1,4096,4,7,decode_steady,16,2098.6556601710618,2098.569091796875,2042.5179992318153
stagekv_async_r1,async,1,4096,4,8,decode_steady,15,2422.6701613515615,2422.572021484375,2054.888772368431
stagekv_async_r1,async,1,4096,4,9,decode_steady,15,2986.386375967413,2986.269775390625,2820.689876317978
stagekv_async_r1,async,1,4096,4,10,decode_steady,4,2896.3976711966097,2880.935791015625,2684.468059837818
stagekv_async_r1,async,1,4096,4,11,decode_steady,220,2583.0208407714963,2582.916015625,2370.833141684532
stagekv_async_r1,async,1,4096,4,12,decode_steady,16,2298.361877910793,2298.267578125,1956.4152860045433
stagekv_async_r1,async,1,4096,4,13,decode_steady,15,3015.3506458736956,3015.230224609375,2693.478086769581
stagekv_async_r1,async,1,4096,4,14,decode_steady,15,2219.8164239525795,2219.728759765625,1975.4746564030647
stagekv_async_r1,async,1,4096,4,15,decode_steady,4,2921.104982960969,2920.99365234375,2631.872454792261
stagekv_async_r1,async,1,4096,4,16,decode_steady,220,3304.6203488484025,3304.490966796875,2751.9176035523415
stagekv_async_r1,async,1,4096,4,17,decode_steady,16,2884.0971114113927,2883.984375,2779.7507249712944
stagekv_async_r1,async,1,4096,4,18,decode_steady,15,1978.4816028550267,1978.40283203125,1750.69464969635
stagekv_async_r1,async,1,4096,4,19,decode_steady,15,2299.951506778598,2299.85888671875,2068.0543009638786
stagekv_async_r1,async,1,4096,4,20,decode_steady,4,2584.670568816364,2584.572021484375,2460.0785243064165
stagekv_async_r1,async,1,4096,4,21,decode_steady,220,2184.7119089215994,2184.625244140625,1885.4508124887943
stagekv_async_r1,async,1,4096,4,22,decode_steady,16,2082.155073992908,2082.071533203125,2009.5014687776566
stagekv_async_r1,async,1,4096,4,23,decode_steady,15,2002.3824973031878,2002.3038330078125,1869.0384513139725
stagekv_async_r1,async,1,4096,4,24,decode_steady,15,2303.6869447678328,2303.597412109375,2182.8509643673897
stagekv_async_r1,async,1,4096,4,25,decode_steady,4,2082.0651343092322,2081.975341796875,1857.869890153408
stagekv_async_r1,async,1,4096,4,26,decode_steady,220,3013.915145304054,3013.798828125,2799.2325062155724
stagekv_async_r1,async,1,4096,4,27,decode_steady,16,2104.0394068695605,2103.95849609375,2061.7797806560993
stagekv_async_r1,async,1,4096,4,28,decode_steady,15,1980.9367679990828,1980.8602294921875,1894.0934933423996
stagekv_async_r1,async,1,4096,4,29,decode_steady,15,2397.880761884153,2397.7861328125,2216.1848507523537
stagekv_async_r1,async,1,4096,4,30,decode_steady,4,2187.30494286865,2187.22705078125,2144.80163449049
stagekv_async_r1,async,1,4096,4,31,decode_steady,220,2586.444211192429,2586.346435546875,2361.050298511982
stagekv_async_r1,async,1,4096,4,32,decode_steady,16,85.7867132872343,85.77961730957031,58.224064111709595
stagekv_async_r2,async,2,4096,4,1,prefill_ttft,220,3091.9281323440373,3091.81640625,0.0
stagekv_async_r2,async,2,4096,4,2,decode_first,16,2388.425183016807,2388.33544921875,2055.6535336971283
stagekv_async_r2,async,2,4096,4,3,decode_steady,15,1499.4383249431849,1499.3804931640625,1455.4275770187378
stagekv_async_r2,async,2,4096,4,4,decode_steady,15,1398.5052802599967,1398.4501953125,1192.964123725891
stagekv_async_r2,async,2,4096,4,5,decode_steady,4,1799.650485161692,1799.5816650390625,1575.9440689086914
stagekv_async_r2,async,2,4096,4,6,decode_steady,220,1503.6956062540412,1503.6378173828125,1398.902589082718
stagekv_async_r2,async,2,4096,4,7,decode_steady,16,1573.5999667085707,1502.6544189453125,1170.1894352436066
stagekv_async_r2,async,2,4096,4,8,decode_steady,15,1598.968102131039,1527.846923828125,1376.063931941986
stagekv_async_r2,async,2,4096,4,9,decode_steady,15,1412.1073656715453,1404.662841796875,1242.4020161628723
stagekv_async_r2,async,2,4096,4,10,decode_steady,4,2281.285830773413,2281.19873046875,1856.4827241897583
stagekv_async_r2,async,2,4096,4,11,decode_steady,220,2005.7592783123255,2005.6617431640625,1678.5617933273315
stagekv_async_r2,async,2,4096,4,12,decode_steady,16,2096.0658132098615,2095.98876953125,1844.2091109752655
stagekv_async_r2,async,2,4096,4,13,decode_steady,15,2779.120017308742,2779.020263671875,2376.8996245861053
stagekv_async_r2,async,2,4096,4,14,decode_steady,15,2200.129912700504,2200.049560546875,1954.374617099762
stagekv_async_r2,async,2,4096,4,15,decode_steady,4,2317.00636819005,2316.922119140625,2024.9696164131165
stagekv_async_r2,async,2,4096,4,16,decode_steady,220,1896.3828510604799,1893.5889892578125,1695.1527969837189
stagekv_async_r2,async,2,4096,4,17,decode_steady,16,1679.7412089072168,1604.05712890625,1426.0376093387604
stagekv_async_r2,async,2,4096,4,18,decode_steady,15,1798.278212081641,1721.72900390625,1548.031686782837
stagekv_async_r2,async,2,4096,4,19,decode_steady,15,2217.367858160287,2217.28076171875,2054.0219600200653
stagekv_async_r2,async,2,4096,4,20,decode_steady,4,2699.917166028172,2699.821044921875,2235.626259803772
stagekv_async_r2,async,2,4096,4,21,decode_steady,220,2584.4368282705545,2584.345703125,2424.748640537262
stagekv_async_r2,async,2,4096,4,22,decode_steady,16,2701.964067760855,2701.869140625,2219.191987991333
stagekv_async_r2,async,2,4096,4,23,decode_steady,15,2702.1878850646317,2702.09521484375,2546.4277062416077
stagekv_async_r2,async,2,4096,4,24,decode_steady,15,2495.0186568312347,2420.16845703125,2303.4875514507294
stagekv_async_r2,async,2,4096,4,25,decode_steady,4,2201.388261280954,2201.310302734375,1768.851389169693
stagekv_async_r2,async,2,4096,4,26,decode_steady,220,1798.1549142859876,1798.090576171875,1734.0173170566559
stagekv_async_r2,async,2,4096,4,27,decode_steady,16,1797.395152039826,1797.3319091796875,1565.6696984767914
stagekv_async_r2,async,2,4096,4,28,decode_steady,15,1698.0484388768673,1697.987548828125,1635.2232594490051
stagekv_async_r2,async,2,4096,4,29,decode_steady,15,1600.0007279217243,1599.9434814453125,1530.3912942409515
stagekv_async_r2,async,2,4096,4,30,decode_steady,4,1785.6464232318103,1785.585693359375,1547.1921536922455
stagekv_async_r2,async,2,4096,4,31,decode_steady,220,1588.0338363349438,1587.978271484375,1351.9172186851501
stagekv_async_r2,async,2,4096,4,32,decode_steady,16,57.68145900219679,57.67567825317383,31.76534402370453
stagekv_async_r4,async,4,4096,4,1,prefill_ttft,220,421.43837874755263,421.4159240722656,0.0
stagekv_async_r4,async,4,4096,4,2,decode_first,16,25.970424991101027,25.96544075012207,0.0
stagekv_async_r4,async,4,4096,4,3,decode_steady,15,25.60531673952937,25.600704193115234,0.0
stagekv_async_r4,async,4,4096,4,4,decode_steady,15,25.603674352169037,25.59872055053711,0.0
stagekv_async_r4,async,4,4096,4,5,decode_steady,4,25.59998631477356,25.593856811523438,0.0
stagekv_async_r4,async,4,4096,4,6,decode_steady,220,25.51681688055396,25.506816864013672,0.0
stagekv_async_r4,async,4,4096,4,7,decode_steady,16,25.508551858365536,25.50271987915039,0.0
stagekv_async_r4,async,4,4096,4,8,decode_steady,15,25.586842093616724,25.581567764282227,0.0
stagekv_async_r4,async,4,4096,4,9,decode_steady,15,25.461922865360975,25.456640243530273,0.0
stagekv_async_r4,async,4,4096,4,10,decode_steady,4,25.589916855096817,25.58451271057129,0.0
stagekv_async_r4,async,4,4096,4,11,decode_steady,220,25.474788155406713,25.46985626220703,0.0
stagekv_async_r4,async,4,4096,4,12,decode_steady,16,25.47256276011467,25.467552185058594,0.0
stagekv_async_r4,async,4,4096,4,13,decode_steady,15,25.51805879920721,25.512863159179688,0.0
stagekv_async_r4,async,4,4096,4,14,decode_steady,15,26.336743030697107,26.33113670349121,0.0
stagekv_async_r4,async,4,4096,4,15,decode_steady,4,25.242311879992485,25.237375259399414,0.0
stagekv_async_r4,async,4,4096,4,16,decode_steady,220,25.242343079298735,25.236799240112305,0.0
stagekv_async_r4,async,4,4096,4,17,decode_steady,16,25.22181300446391,25.21664047241211,0.0
stagekv_async_r4,async,4,4096,4,18,decode_steady,15,25.96127614378929,25.954303741455078,0.0
stagekv_async_r4,async,4,4096,4,19,decode_steady,15,25.883256923407316,25.87766456604004,0.0
stagekv_async_r4,async,4,4096,4,20,decode_steady,4,26.151058729737997,26.14476776123047,0.0
stagekv_async_r4,async,4,4096,4,21,decode_steady,220,25.54159425199032,25.535520553588867,0.0
stagekv_async_r4,async,4,4096,4,22,decode_steady,16,25.640031788498163,25.634559631347656,0.0
stagekv_async_r4,async,4,4096,4,23,decode_steady,15,25.55003995075822,25.54470443725586,0.0
stagekv_async_r4,async,4,4096,4,24,decode_steady,15,25.860954076051712,25.854848861694336,0.0
stagekv_async_r4,async,4,4096,4,25,decode_steady,4,25.80586913973093,25.799680709838867,0.0
stagekv_async_r4,async,4,4096,4,26,decode_steady,220,25.75256722047925,25.746431350708008,0.0
stagekv_async_r4,async,4,4096,4,27,decode_steady,16,25.85358079522848,25.847808837890625,0.0
stagekv_async_r4,async,4,4096,4,28,decode_steady,15,25.946548208594322,25.94099235534668,0.0
stagekv_async_r4,async,4,4096,4,29,decode_steady,15,25.874510873109102,25.869184494018555,0.0
stagekv_async_r4,async,4,4096,4,30,decode_steady,4,25.89958906173706,25.893760681152344,0.0
stagekv_async_r4,async,4,4096,4,31,decode_steady,220,25.832199025899172,25.826303482055664,0.0
stagekv_async_r4,async,4,4096,4,32,decode_steady,16,26.01518901064992,26.009599685668945,0.0
stagekv_bidirectional_r0,bidirectional,0,4096,4,1,prefill_ttft,220,3309.9464289844036,3309.833251953125,0.0
stagekv_bidirectional_r0,bidirectional,0,4096,4,2,decode_first,16,2688.905816990882,2688.81298828125,0.0
stagekv_bidirectional_r0,bidirectional,0,4096,4,3,decode_steady,15,3197.501288726926,3197.390625,0.0
stagekv_bidirectional_r0,bidirectional,0,4096,4,4,decode_steady,15,2606.7002257332206,2606.6103515625,0.0
stagekv_bidirectional_r0,bidirectional,0,4096,4,5,decode_steady,4,3100.307995919138,3100.20166015625,0.0
stagekv_bidirectional_r0,bidirectional,0,4096,4,6,decode_steady,220,3172.016805037856,3097.85693359375,0.0
stagekv_bidirectional_r0,bidirectional,0,4096,4,7,decode_steady,16,3022.1524760127068,3022.04638671875,0.0
stagekv_bidirectional_r0,bidirectional,0,4096,4,8,decode_steady,15,3498.9108741283417,3498.7919921875,0.0
stagekv_bidirectional_r0,bidirectional,0,4096,4,9,decode_steady,15,5504.067178349942,5503.873046875,0.0
stagekv_bidirectional_r0,bidirectional,0,4096,4,10,decode_steady,4,5196.268272586167,5196.10009765625,0.0
stagekv_bidirectional_r0,bidirectional,0,4096,4,11,decode_steady,220,4279.252890963107,4279.10986328125,0.0
stagekv_bidirectional_r0,bidirectional,0,4096,4,12,decode_steady,16,3400.506599340588,3400.391845703125,0.0
stagekv_bidirectional_r0,bidirectional,0,4096,4,13,decode_steady,15,4619.891548994929,4619.740234375,0.0
stagekv_bidirectional_r0,bidirectional,0,4096,4,14,decode_steady,15,3903.9784814231098,3903.845458984375,0.0
stagekv_bidirectional_r0,bidirectional,0,4096,4,15,decode_steady,4,4578.093052376062,4577.9443359375,0.0
stagekv_bidirectional_r0,bidirectional,0,4096,4,16,decode_steady,220,4913.840389344841,4913.67919921875,0.0
stagekv_bidirectional_r0,bidirectional,0,4096,4,17,decode_steady,16,3599.81930302456,3588.37255859375,0.0
stagekv_bidirectional_r0,bidirectional,0,4096,4,18,decode_steady,15,3288.3442491292953,3288.239990234375,0.0
stagekv_bidirectional_r0,bidirectional,0,4096,4,19,decode_steady,15,3014.9108031764627,3014.812744140625,0.0
stagekv_bidirectional_r0,bidirectional,0,4096,4,20,decode_steady,4,4296.170994173735,4284.93505859375,0.0
stagekv_bidirectional_r0,bidirectional,0,4096,4,21,decode_steady,220,3886.5998620167375,3886.478271484375,0.0
stagekv_bidirectional_r0,bidirectional,0,4096,4,22,decode_steady,16,3103.445722721517,3103.345703125,0.0
stagekv_bidirectional_r0,bidirectional,0,4096,4,23,decode_steady,15,4009.6688992343843,4007.078857421875,0.0
stagekv_bidirectional_r0,bidirectional,0,4096,4,24,decode_steady,15,3884.5188599079847,3884.399658203125,0.0
stagekv_bidirectional_r0,bidirectional,0,4096,4,25,decode_steady,4,3600.0886620022357,3599.9765625,0.0
stagekv_bidirectional_r0,bidirectional,0,4096,4,26,decode_steady,220,3099.972047843039,3099.872314453125,0.0
stagekv_bidirectional_r0,bidirectional,0,4096,4,27,decode_steady,16,2910.459659062326,2902.324951171875,0.0
stagekv_bidirectional_r0,bidirectional,0,4096,4,28,decode_steady,15,2904.0531148202717,2893.260986328125,0.0
stagekv_bidirectional_r0,bidirectional,0,4096,4,29,decode_steady,15,3090.313952881843,3090.216796875,0.0
stagekv_bidirectional_r0,bidirectional,0,4096,4,30,decode_steady,4,3396.76767680794,3396.66162109375,0.0
stagekv_bidirectional_r0,bidirectional,0,4096,4,31,decode_steady,220,4299.544672016054,4299.4130859375,0.0
stagekv_bidirectional_r0,bidirectional,0,4096,4,32,decode_steady,16,3404.7737568616867,3404.66748046875,0.0
stagekv_bidirectional_r1,bidirectional,1,4096,4,1,prefill_ttft,220,3181.4070004038513,3181.310791015625,0.0
stagekv_bidirectional_r1,bidirectional,1,4096,4,2,decode_first,16,2497.1876232884824,2489.960693359375,0.0
stagekv_bidirectional_r1,bidirectional,1,4096,4,3,decode_steady,15,3092.980691231787,3092.887451171875,0.0
stagekv_bidirectional_r1,bidirectional,1,4096,4,4,decode_steady,15,2098.7674752250314,2098.704345703125,0.0
stagekv_bidirectional_r1,bidirectional,1,4096,4,5,decode_steady,4,2599.049999844283,2598.96923828125,0.0
stagekv_bidirectional_r1,bidirectional,1,4096,4,6,decode_steady,220,2400.193673092872,2400.11962890625,0.0
stagekv_bidirectional_r1,bidirectional,1,4096,4,7,decode_steady,16,2599.9181321822107,2599.83984375,0.0
stagekv_bidirectional_r1,bidirectional,1,4096,4,8,decode_steady,15,1804.5403226278722,1804.4854736328125,0.0
stagekv_bidirectional_r1,bidirectional,1,4096,4,9,decode_steady,15,3072.8553226217628,2996.65625,0.0
stagekv_bidirectional_r1,bidirectional,1,4096,4,10,decode_steady,4,2622.0727441832423,2621.98974609375,0.0
stagekv_bidirectional_r1,bidirectional,1,4096,4,11,decode_steady,220,2499.075009021908,2499.000244140625,0.0
stagekv_bidirectional_r1,bidirectional,1,4096,4,12,decode_steady,16,2700.2980150282383,2700.219482421875,0.0
stagekv_bidirectional_r1,bidirectional,1,4096,4,13,decode_steady,15,2400.457765907049,2400.386962890625,0.0
stagekv_bidirectional_r1,bidirectional,1,4096,4,14,decode_steady,15,2582.4997881427407,2582.425537109375,0.0
stagekv_bidirectional_r1,bidirectional,1,4096,4,15,decode_steady,4,2016.5440710261464,2016.4852294921875,0.0
stagekv_bidirectional_r1,bidirectional,1,4096,4,16,decode_steady,220,1898.9190189167857,1898.8603515625,0.0
stagekv_bidirectional_r1,bidirectional,1,4096,4,17,decode_steady,16,1784.1224852018058,1784.06787109375,0.0
stagekv_bidirectional_r1,bidirectional,1,4096,4,18,decode_steady,15,1702.811671886593,1702.7603759765625,0.0
stagekv_bidirectional_r1,bidirectional,1,4096,4,19,decode_steady,15,2002.3444760590792,2002.2845458984375,0.0
stagekv_bidirectional_r1,bidirectional,1,4096,4,20,decode_steady,4,2892.7840809337795,2892.70166015625,0.0
stagekv_bidirectional_r1,bidirectional,1,4096,4,21,decode_steady,220,2101.731749717146,2101.6689453125,0.0
stagekv_bidirectional_r1,bidirectional,1,4096,4,22,decode_steady,16,2714.2031779512763,2714.126220703125,0.0
stagekv_bidirectional_r1,bidirectional,1,4096,4,23,decode_steady,15,1900.8272578939795,1900.769287109375,0.0
stagekv_bidirectional_r1,bidirectional,1,4096,4,24,decode_steady,15,1982.7383807860315,1982.6810302734375,0.0
stagekv_bidirectional_r1,bidirectional,1,4096,4,25,decode_steady,4,1905.9017631225288,1905.84716796875,0.0
stagekv_bidirectional_r1,bidirectional,1,4096,4,26,decode_steady,220,2493.7618197873235,2493.69091796875,0.0
stagekv_bidirectional_r1,bidirectional,1,4096,4,27,decode_steady,16,2002.6768674142659,2002.6195068359375,0.0
stagekv_bidirectional_r1,bidirectional,1,4096,4,28,decode_steady,15,2499.1287500597537,2499.058837890625,0.0
stagekv_bidirectional_r1,bidirectional,1,4096,4,29,decode_steady,15,2897.928182967007,2897.847412109375,0.0
stagekv_bidirectional_r1,bidirectional,1,4096,4,30,decode_steady,4,1804.72889309749,1804.677978515625,0.0
stagekv_bidirectional_r1,bidirectional,1,4096,4,31,decode_steady,220,2695.195878390223,2695.1181640625,0.0
stagekv_bidirectional_r1,bidirectional,1,4096,4,32,decode_steady,16,2118.3808469213545,2118.321044921875,0.0
stagekv_bidirectional_r2,bidirectional,2,4096,4,1,prefill_ttft,220,3219.217173755169,3215.66943359375,0.0
stagekv_bidirectional_r2,bidirectional,2,4096,4,2,decode_first,16,1691.154764033854,1691.1083984375,0.0
stagekv_bidirectional_r2,bidirectional,2,4096,4,3,decode_steady,15,1895.432576071471,1895.373046875,0.0
stagekv_bidirectional_r2,bidirectional,2,4096,4,4,decode_steady,15,2003.0047693289816,2002.9481201171875,0.0
stagekv_bidirectional_r2,bidirectional,2,4096,4,5,decode_steady,4,1811.7199488915503,1811.66796875,0.0
stagekv_bidirectional_r2,bidirectional,2,4096,4,6,decode_steady,220,1584.702623076737,1584.6572265625,0.0
stagekv_bidirectional_r2,bidirectional,2,4096,4,7,decode_steady,16,2197.6845478639007,2197.624755859375,0.0
stagekv_bidirectional_r2,bidirectional,2,4096,4,8,decode_steady,15,2599.73132237792,2599.657470703125,0.0
stagekv_bidirectional_r2,bidirectional,2,4096,4,9,decode_steady,15,2301.413305103779,2301.347900390625,0.0
stagekv_bidirectional_r2,bidirectional,2,4096,4,10,decode_steady,4,1898.146613035351,1898.091552734375,0.0
stagekv_bidirectional_r2,bidirectional,2,4096,4,11,decode_steady,220,1799.6983099728823,1799.646240234375,0.0
stagekv_bidirectional_r2,bidirectional,2,4096,4,12,decode_steady,16,1499.635074287653,1499.5906982421875,0.0
stagekv_bidirectional_r2,bidirectional,2,4096,4,13,decode_steady,15,1601.867537945509,1601.821533203125,0.0
stagekv_bidirectional_r2,bidirectional,2,4096,4,14,decode_steady,15,1503.8845986127853,1503.84130859375,0.0
stagekv_bidirectional_r2,bidirectional,2,4096,4,15,decode_steady,4,1695.683917030692,1695.636474609375,0.0
stagekv_bidirectional_r2,bidirectional,2,4096,4,16,decode_steady,220,2016.1368092522025,2016.079833984375,0.0
stagekv_bidirectional_r2,bidirectional,2,4096,4,17,decode_steady,16,1681.8016530014575,1681.754150390625,0.0
stagekv_bidirectional_r2,bidirectional,2,4096,4,18,decode_steady,15,1502.0617661066353,1502.0185546875,0.0
stagekv_bidirectional_r2,bidirectional,2,4096,4,19,decode_steady,15,1499.7063339687884,1499.66357421875,0.0
stagekv_bidirectional_r2,bidirectional,2,4096,4,20,decode_steady,4,1600.3935327753425,1600.34716796875,0.0
stagekv_bidirectional_r2,bidirectional,2,4096,4,21,decode_steady,220,1602.040498983115,1601.9957275390625,0.0
stagekv_bidirectional_r2,bidirectional,2,4096,4,22,decode_steady,16,1497.356927022338,1497.3143310546875,0.0
stagekv_bidirectional_r2,bidirectional,2,4096,4,23,decode_steady,15,1500.1194798387587,1500.0770263671875,0.0
stagekv_bidirectional_r2,bidirectional,2,4096,4,24,decode_steady,15,1502.1550259552896,1502.11181640625,0.0
stagekv_bidirectional_r2,bidirectional,2,4096,4,25,decode_steady,4,1796.055699698627,1796.0018310546875,0.0
stagekv_bidirectional_r2,bidirectional,2,4096,4,26,decode_steady,220,2299.8408852145076,2299.773681640625,0.0
stagekv_bidirectional_r2,bidirectional,2,4096,4,27,decode_steady,16,2201.908763963729,2201.84765625,0.0
stagekv_bidirectional_r2,bidirectional,2,4096,4,28,decode_steady,15,2000.587048009038,2000.52294921875,0.0
stagekv_bidirectional_r2,bidirectional,2,4096,4,29,decode_steady,15,2099.4672630913556,2099.40478515625,0.0
stagekv_bidirectional_r2,bidirectional,2,4096,4,30,decode_steady,4,2002.5095189921558,2002.447509765625,0.0
stagekv_bidirectional_r2,bidirectional,2,4096,4,31,decode_steady,220,2896.532068029046,2896.452392578125,0.0
stagekv_bidirectional_r2,bidirectional,2,4096,4,32,decode_steady,16,2099.78090506047,2099.705810546875,0.0
stagekv_sync_r0,sync,0,4096,5,1,prefill_ttft,220,3086.5922970697284,3006.689208984375,0.0
stagekv_sync_r0,sync,0,4096,5,2,decode_first,16,3001.5068538486958,3001.426025390625,0.0
stagekv_sync_r0,sync,0,4096,5,3,decode_steady,15,2403.345271013677,2403.2841796875,0.0
stagekv_sync_r0,sync,0,4096,5,4,decode_steady,15,2599.8480622656643,2599.781494140625,0.0
stagekv_sync_r0,sync,0,4096,5,5,decode_steady,4,2297.9079778306186,2297.847900390625,0.0
stagekv_sync_r0,sync,0,4096,5,6,decode_steady,220,2902.319184038788,2902.247314453125,0.0
stagekv_sync_r0,sync,0,4096,5,7,decode_steady,16,3201.0515150614083,3200.9697265625,0.0
stagekv_sync_r0,sync,0,4096,5,8,decode_steady,15,3078.2090188004076,3078.1328125,0.0
stagekv_sync_r0,sync,0,4096,5,9,decode_steady,15,3716.5711699053645,3716.47900390625,0.0
stagekv_sync_r0,sync,0,4096,5,10,decode_steady,4,3798.94119175151,3798.847412109375,0.0
stagekv_sync_r0,sync,0,4096,5,11,decode_steady,220,5602.593278046697,5602.45654296875,0.0
stagekv_sync_r0,sync,0,4096,5,12,decode_steady,16,3702.908283099532,3702.81884765625,0.0
stagekv_sync_r0,sync,0,4096,5,13,decode_steady,15,3496.16840807721,3496.084228515625,0.0
stagekv_sync_r0,sync,0,4096,5,14,decode_steady,15,3800.05108891055,3799.96044921875,0.0
stagekv_sync_r0,sync,0,4096,5,15,decode_steady,4,4082.952184136957,4082.85498046875,0.0
stagekv_sync_r0,sync,0,4096,5,16,decode_steady,220,5500.035913661122,5499.9072265625,0.0
stagekv_sync_r0,sync,0,4096,5,17,decode_steady,16,3400.8172433823347,3400.71923828125,0.0
stagekv_sync_r0,sync,0,4096,5,18,decode_steady,15,3715.41367797181,3715.32568359375,0.0
stagekv_sync_r0,sync,0,4096,5,19,decode_steady,15,2986.6845118813217,2986.61279296875,0.0
stagekv_sync_r0,sync,0,4096,5,20,decode_steady,4,3296.3990475982428,3296.3212890625,0.0
stagekv_sync_r0,sync,0,4096,5,21,decode_steady,220,3105.3418647497892,3105.268798828125,0.0
stagekv_sync_r0,sync,0,4096,5,22,decode_steady,16,4092.408925294876,4092.314208984375,0.0
stagekv_sync_r0,sync,0,4096,5,23,decode_steady,15,2905.871396884322,2905.802734375,0.0
stagekv_sync_r0,sync,0,4096,5,24,decode_steady,15,3411.785318981856,3411.70654296875,0.0
stagekv_sync_r0,sync,0,4096,5,25,decode_steady,4,3792.6990878768265,3785.0283203125,0.0
stagekv_sync_r0,sync,0,4096,5,26,decode_steady,220,3489.7572710178792,3489.679443359375,0.0
stagekv_sync_r0,sync,0,4096,5,27,decode_steady,16,3197.4068889394403,3197.333251953125,0.0
stagekv_sync_r0,sync,0,4096,5,28,decode_steady,15,3019.8573512025177,3019.787353515625,0.0
stagekv_sync_r0,sync,0,4096,5,29,decode_steady,15,3091.5844249539077,3084.0634765625,0.0
stagekv_sync_r0,sync,0,4096,5,30,decode_steady,4,3184.3649791553617,3184.29296875,0.0
stagekv_sync_r0,sync,0,4096,5,31,decode_steady,220,3806.0533381067216,3805.967041015625,0.0
stagekv_sync_r0,sync,0,4096,5,32,decode_steady,16,185.51655299961567,185.5088653564453,0.0
stagekv_sync_r1,sync,1,4096,5,1,prefill_ttft,220,3158.3888670429587,3158.313720703125,0.0
stagekv_sync_r1,sync,1,4096,5,2,decode_first,16,2685.7668538577855,2685.695068359375,0.0
stagekv_sync_r1,sync,1,4096,5,3,decode_steady,15,2399.0220217965543,2398.9658203125,0.0
stagekv_sync_r1,sync,1,4096,5,4,decode_steady,15,3004.3876860290766,3004.291015625,0.0
stagekv_sync_r1,sync,1,4096,5,5,decode_steady,4,2596.6657949611545,2596.60595703125,0.0
stagekv_sync_r1,sync,1,4096,5,6,decode_steady,220,2500.470340717584,2500.412353515625,0.0
stagekv_sync_r1,sync,1,4096,5,7,decode_steady,16,2497.3885980434716,2497.330078125,0.0
stagekv_sync_r1,sync,1,4096,5,8,decode_steady,15,2501.334851142019,2501.276611328125,0.0
stagekv_sync_r1,sync,1,4096,5,9,decode_steady,15,2901.224536821246,2901.158935546875,0.0
stagekv_sync_r1,sync,1,4096,5,10,decode_steady,4,2491.130176000297,2491.076171875,0.0
stagekv_sync_r1,sync,1,4096,5,11,decode_steady,220,2681.7212221212685,2681.660400390625,0.0
stagekv_sync_r1,sync,1,4096,5,12,decode_steady,16,3017.9402958601713,3017.872314453125,0.0
stagekv_sync_r1,sync,1,4096,5,13,decode_steady,15,2799.842114094645,2799.77880859375,0.0
stagekv_sync_r1,sync,1,4096,5,14,decode_steady,15,2882.078719791025,2882.01513671875,0.0
stagekv_sync_r1,sync,1,4096,5,15,decode_steady,4,2417.9022358730435,2417.847412109375,0.0
stagekv_sync_r1,sync,1,4096,5,16,decode_steady,220,2282.589945010841,2282.5380859375,0.0
stagekv_sync_r1,sync,1,4096,5,17,decode_steady,16,2499.390139244497,2499.3310546875,0.0
stagekv_sync_r1,sync,1,4096,5,18,decode_steady,15,1999.081689864397,1999.035400390625,0.0
stagekv_sync_r1,sync,1,4096,5,19,decode_steady,15,2202.4912047199905,2202.441650390625,0.0
stagekv_sync_r1,sync,1,4096,5,20,decode_steady,4,2099.6053679846227,2099.557373046875,0.0
stagekv_sync_r1,sync,1,4096,5,21,decode_steady,220,2498.653037007898,2498.597900390625,0.0
stagekv_sync_r1,sync,1,4096,5,22,decode_steady,16,2000.6434889510274,2000.597900390625,0.0
stagekv_sync_r1,sync,1,4096,5,23,decode_steady,15,1999.831974040717,1999.7869873046875,0.0
stagekv_sync_r1,sync,1,4096,5,24,decode_steady,15,2597.239848226309,2597.182861328125,0.0
stagekv_sync_r1,sync,1,4096,5,25,decode_steady,4,3000.65380288288,3000.58837890625,0.0
stagekv_sync_r1,sync,1,4096,5,26,decode_steady,220,2299.8734833672643,2299.8212890625,0.0
stagekv_sync_r1,sync,1,4096,5,27,decode_steady,16,1904.2808250524104,1904.237548828125,0.0
stagekv_sync_r1,sync,1,4096,5,28,decode_steady,15,1997.1677870489657,1997.122802734375,0.0
stagekv_sync_r1,sync,1,4096,5,29,decode_steady,15,2496.5750430710614,2496.5205078125,0.0
stagekv_sync_r1,sync,1,4096,5,30,decode_steady,4,2003.7503568455577,2003.705810546875,0.0
stagekv_sync_r1,sync,1,4096,5,31,decode_steady,220,1916.0558222793043,1916.0125732421875,0.0
stagekv_sync_r1,sync,1,4096,5,32,decode_steady,16,154.93596764281392,154.92813110351562,0.0
stagekv_sync_r2,sync,2,4096,5,1,prefill_ttft,220,3997.5554179400206,3997.473388671875,0.0
stagekv_sync_r2,sync,2,4096,5,2,decode_first,16,3087.4165832065046,3087.350830078125,0.0
stagekv_sync_r2,sync,2,4096,5,3,decode_steady,15,2999.861035030335,2999.784423828125,0.0
stagekv_sync_r2,sync,2,4096,5,4,decode_steady,15,2698.8370371982455,2698.7783203125,0.0
stagekv_sync_r2,sync,2,4096,5,5,decode_steady,4,2104.0389612317085,2103.9921875,0.0
stagekv_sync_r2,sync,2,4096,5,6,decode_steady,220,2781.8768080323935,2781.8291015625,0.0
stagekv_sync_r2,sync,2,4096,5,7,decode_steady,16,2213.2380520924926,2213.188720703125,0.0
stagekv_sync_r2,sync,2,4096,5,8,decode_steady,15,2601.242336910218,2601.183349609375,0.0
stagekv_sync_r2,sync,2,4096,5,9,decode_steady,15,2382.6532349921763,2382.60107421875,0.0
stagekv_sync_r2,sync,2,4096,5,10,decode_steady,4,2317.107649985701,2317.056884765625,0.0
stagekv_sync_r2,sync,2,4096,5,11,decode_steady,220,2298.902442678809,2298.851318359375,0.0
stagekv_sync_r2,sync,2,4096,5,12,decode_steady,16,2199.972238857299,2199.922607421875,0.0
stagekv_sync_r2,sync,2,4096,5,13,decode_steady,15,2099.7503148391843,2099.70458984375,0.0
stagekv_sync_r2,sync,2,4096,5,14,decode_steady,15,2181.8741941824555,2181.82666015625,0.0
stagekv_sync_r2,sync,2,4096,5,15,decode_steady,4,2119.5215391926467,2119.47509765625,0.0
stagekv_sync_r2,sync,2,4096,5,16,decode_steady,220,2078.7076000124216,2078.66259765625,0.0
stagekv_sync_r2,sync,2,4096,5,17,decode_steady,16,2502.7083568274975,2502.655029296875,0.0
stagekv_sync_r2,sync,2,4096,5,18,decode_steady,15,2798.6893239431083,2798.620849609375,0.0
stagekv_sync_r2,sync,2,4096,5,19,decode_steady,15,2515.197614207864,2504.386474609375,0.0
stagekv_sync_r2,sync,2,4096,5,20,decode_steady,4,1986.2340078689158,1986.1923828125,0.0
stagekv_sync_r2,sync,2,4096,5,21,decode_steady,220,1913.432146422565,1902.403564453125,0.0
stagekv_sync_r2,sync,2,4096,5,22,decode_steady,16,2101.8379987217486,2101.793701171875,0.0
stagekv_sync_r2,sync,2,4096,5,23,decode_steady,15,2497.8367150761187,2487.510986328125,0.0
stagekv_sync_r2,sync,2,4096,5,24,decode_steady,15,2584.4870330765843,2584.43359375,0.0
stagekv_sync_r2,sync,2,4096,5,25,decode_steady,4,1896.632342133671,1806.9339599609375,0.0
stagekv_sync_r2,sync,2,4096,5,26,decode_steady,220,2402.4098366498947,2402.359375,0.0
stagekv_sync_r2,sync,2,4096,5,27,decode_steady,16,2219.12786597386,2219.081787109375,0.0
stagekv_sync_r2,sync,2,4096,5,28,decode_steady,15,1979.9425560049713,1979.90087890625,0.0
stagekv_sync_r2,sync,2,4096,5,29,decode_steady,15,1805.8948637917638,1805.8564453125,0.0
stagekv_sync_r2,sync,2,4096,5,30,decode_steady,4,2195.713829714805,2195.6669921875,0.0
stagekv_sync_r2,sync,2,4096,5,31,decode_steady,220,2198.5467690974474,2198.499267578125,0.0
stagekv_sync_r2,sync,2,4096,5,32,decode_steady,16,58.16871207207441,58.16320037841797,0.0
stagekv_sync_r4,sync,4,4096,5,1,prefill_ttft,220,424.94942992925644,424.9208068847656,0.0
stagekv_sync_r4,sync,4,4096,5,2,decode_first,16,25.56098811328411,25.555967330932617,0.0
stagekv_sync_r4,sync,4,4096,5,3,decode_steady,15,25.057160761207342,25.052160263061523,0.0
stagekv_sync_r4,sync,4,4096,5,4,decode_steady,15,25.029439944773912,25.024511337280273,0.0
stagekv_sync_r4,sync,4,4096,5,5,decode_steady,4,25.05321428179741,25.048063278198242,0.0
stagekv_sync_r4,sync,4,4096,5,6,decode_steady,220,25.03923699259758,25.03446388244629,0.0
stagekv_sync_r4,sync,4,4096,5,7,decode_steady,16,25.21419944241643,25.209535598754883,0.0
stagekv_sync_r4,sync,4,4096,5,8,decode_steady,15,25.03082063049078,25.02579116821289,0.0
stagekv_sync_r4,sync,4,4096,5,9,decode_steady,15,25.116733741015196,25.11155128479004,0.0
stagekv_sync_r4,sync,4,4096,5,10,decode_steady,4,25.17817122861743,25.172992706298828,0.0
stagekv_sync_r4,sync,4,4096,5,11,decode_steady,220,25.137092918157578,25.132831573486328,0.0
stagekv_sync_r4,sync,4,4096,5,12,decode_steady,16,25.089311879128218,25.08415985107422,0.0
stagekv_sync_r4,sync,4,4096,5,13,decode_steady,15,25.244075804948807,25.238527297973633,0.0
stagekv_sync_r4,sync,4,4096,5,14,decode_steady,15,24.968221783638,24.96291160583496,0.0
stagekv_sync_r4,sync,4,4096,5,15,decode_steady,4,25.139988865703344,25.13497543334961,0.0
stagekv_sync_r4,sync,4,4096,5,16,decode_steady,220,25.274654384702444,25.26924705505371,0.0
stagekv_sync_r4,sync,4,4096,5,17,decode_steady,16,25.296584703028202,25.290752410888672,0.0
stagekv_sync_r4,sync,4,4096,5,18,decode_steady,15,25.14521824195981,25.14022445678711,0.0
stagekv_sync_r4,sync,4,4096,5,19,decode_steady,15,25.139135774224997,25.133056640625,0.0
stagekv_sync_r4,sync,4,4096,5,20,decode_steady,4,25.250939186662436,25.245695114135742,0.0
stagekv_sync_r4,sync,4,4096,5,21,decode_steady,220,25.199842173606157,25.194496154785156,0.0
stagekv_sync_r4,sync,4,4096,5,22,decode_steady,16,25.242792908102274,25.237375259399414,0.0
stagekv_sync_r4,sync,4,4096,5,23,decode_steady,15,25.183541234582663,25.178943634033203,0.0
stagekv_sync_r4,sync,4,4096,5,24,decode_steady,15,25.239326991140842,25.233407974243164,0.0
stagekv_sync_r4,sync,4,4096,5,25,decode_steady,4,25.533764623105526,25.5284481048584,0.0
stagekv_sync_r4,sync,4,4096,5,26,decode_steady,220,25.174332782626152,25.167871475219727,0.0
stagekv_sync_r4,sync,4,4096,5,27,decode_steady,16,25.143424980342388,25.13817596435547,0.0
stagekv_sync_r4,sync,4,4096,5,28,decode_steady,15,25.012366008013487,25.006080627441406,0.0
stagekv_sync_r4,sync,4,4096,5,29,decode_steady,15,25.79196495935321,25.78643226623535,0.0
stagekv_sync_r4,sync,4,4096,5,30,decode_steady,4,24.988731369376183,24.983552932739258,0.0
stagekv_sync_r4,sync,4,4096,5,31,decode_steady,220,25.051510892808437,25.046016693115234,0.0
stagekv_sync_r4,sync,4,4096,5,32,decode_steady,16,25.054987985640764,25.049087524414062,0.0
stagekv_async_r0,async,0,4096,5,1,prefill_ttft,220,3614.354534074664,3614.2900390625,0.0
stagekv_async_r0,async,0,4096,5,2,decode_first,16,3387.4991959892213,3387.431640625,3021.318791270256
stagekv_async_r0,async,0,4096,5,3,decode_steady,15,2502.278116066009,2502.2265625,2178.0004438757896
stagekv_async_r0,async,0,4096,5,4,decode_steady,15,2499.542857054621,2499.490966796875,2337.3324435949326
stagekv_async_r0,async,0,4096,5,5,decode_steady,4,2496.553897857666,2496.502685546875,2081.6708377599716
stagekv_async_r0,async,0,4096,5,6,decode_steady,220,3301.0311210528016,3300.96435546875,3036.0118193626404
stagekv_async_r0,async,0,4096,5,7,decode_steady,16,3698.9131923764944,3698.840576171875,3486.000973701477
stagekv_async_r0,async,0,4096,5,8,decode_steady,15,3898.0278549715877,3897.9501953125,3545.101001381874
stagekv_async_r0,async,0,4096,5,9,decode_steady,15,4076.51686668396,4076.4375,3926.2871236801147
stagekv_async_r0,async,0,4096,5,10,decode_steady,4,4798.5264882445335,4798.43310546875,4563.487789154053
stagekv_async_r0,async,0,4096,5,11,decode_steady,220,4615.700947120786,4615.61328125,4424.764204978943
stagekv_async_r0,async,0,4096,5,12,decode_steady,16,5299.67715125531,5299.57568359375,5077.4604687690735
stagekv_async_r0,async,0,4096,5,13,decode_steady,15,5821.154122240841,5821.04541015625,5777.963680267334
stagekv_async_r0,async,0,4096,5,14,decode_steady,15,4200.614867731929,4200.5361328125,4078.9509785175323
stagekv_async_r0,async,0,4096,5,15,decode_steady,4,3704.183354973793,3704.113037109375,3449.6435527801514
stagekv_async_r0,async,0,4096,5,16,decode_steady,220,4911.7630226537585,4911.67138671875,4684.4200130701065
stagekv_async_r0,async,0,4096,5,17,decode_steady,16,4213.425477966666,4205.96728515625,3992.596566438675
stagekv_async_r0,async,0,4096,5,18,decode_steady,15,4675.371544901282,4675.28515625,4521.546954154968
stagekv_async_r0,async,0,4096,5,19,decode_steady,15,4699.676847085357,4699.59033203125,4548.356144666672
stagekv_async_r0,async,0,4096,5,20,decode_steady,4,3710.478395689279,3700.925537109375,3619.3398852348328
stagekv_async_r0,async,0,4096,5,21,decode_steady,220,3588.6670160107315,3588.600830078125,3179.7677323818207
stagekv_async_r0,async,0,4096,5,22,decode_steady,16,3506.3786772079766,3506.314208984375,3213.958565592766
stagekv_async_r0,async,0,4096,5,23,decode_steady,15,4102.268140763044,4102.19091796875,3923.2697694301605
stagekv_async_r0,async,0,4096,5,24,decode_steady,15,2489.4447759725153,2489.397216796875,1988.6747478246689
stagekv_async_r0,async,0,4096,5,25,decode_steady,4,2402.0912148989737,2402.044677734375,2072.708587884903
stagekv_async_r0,async,0,4096,5,26,decode_steady,220,1986.170087940991,1986.1329345703125,1566.6659188270569
stagekv_async_r0,async,0,4096,5,27,decode_steady,16,4402.038753032684,4401.958984375,4242.837679743767
stagekv_async_r0,async,0,4096,5,28,decode_steady,15,4210.77323006466,4199.8046875,4059.333752155304
stagekv_async_r0,async,0,4096,5,29,decode_steady,15,4603.969193994999,4603.87939453125,4290.721772313118
stagekv_async_r0,async,0,4096,5,30,decode_steady,4,5500.383719801903,5500.28076171875,5464.845342159271
stagekv_async_r0,async,0,4096,5,31,decode_steady,220,4299.146872013807,4299.06884765625,4165.955361843109
stagekv_async_r0,async,0,4096,5,32,decode_steady,16,50.81739975139499,50.81292724609375,27.897055953741074
stagekv_async_r1,async,1,4096,5,1,prefill_ttft,220,3649.941516108811,3649.876953125,0.0
stagekv_async_r1,async,1,4096,5,2,decode_first,16,2489.179268013686,2489.120849609375,2285.0415639281273
stagekv_async_r1,async,1,4096,5,3,decode_steady,15,1899.4813710451126,1899.4442138671875,1765.838337302208
stagekv_async_r1,async,1,4096,5,4,decode_steady,15,1798.0188690125942,1797.9842529296875,1565.0104815363884
stagekv_async_r1,async,1,4096,5,5,decode_steady,4,2199.713887181133,2199.671875,2006.230761706829
stagekv_async_r1,async,1,4096,5,6,decode_steady,220,1998.2152529992163,1998.17626953125,1936.3594588041306
stagekv_async_r1,async,1,4096,5,7,decode_steady,16,2081.6233339719474,2081.584228515625,1945.3464605212212
stagekv_async_r1,async,1,4096,5,8,decode_steady,15,2018.5792241245508,2018.54052734375,1816.3443095684052
stagekv_async_r1,async,1,4096,5,9,decode_steady,15,2101.4730758033693,2101.433349609375,1879.5357269644737
stagekv_async_r1,async,1,4096,5,10,decode_steady,4,1795.2045421116054,1795.170166015625,1600.3343563377857
stagekv_async_r1,async,1,4096,5,11,decode_steady,220,2591.821348760277,2591.773681640625,2392.978400886059
stagekv_async_r1,async,1,4096,5,12,decode_steady,16,2021.3915170170367,2021.353515625,1976.6758489012718
stagekv_async_r1,async,1,4096,5,13,decode_steady,15,2179.690525867045,2179.6484375,2004.9265592098236
stagekv_async_r1,async,1,4096,5,14,decode_steady,15,2517.6233467645943,2517.57666015625,2365.924434006214
stagekv_async_r1,async,1,4096,5,15,decode_steady,4,1900.1365946605802,1900.1005859375,1838.5360126495361
stagekv_async_r1,async,1,4096,5,16,decode_steady,220,2692.902136128396,2692.852783203125,2352.41814827919
stagekv_async_r1,async,1,4096,5,17,decode_steady,16,2477.8649690560997,2402.185302734375,2255.5269829034805
stagekv_async_r1,async,1,4096,5,18,decode_steady,15,2119.26684435457,2119.227294921875,1994.8089331388474
stagekv_async_r1,async,1,4096,5,19,decode_steady,15,2402.5337868370116,2402.489501953125,2164.167282164097
stagekv_async_r1,async,1,4096,5,20,decode_steady,4,2215.9206019714475,2215.879638671875,2048.0432034134865
stagekv_async_r1,async,1,4096,5,21,decode_steady,220,2403.0539160594344,2403.01025390625,2125.0462630987167
stagekv_async_r1,async,1,4096,5,22,decode_steady,16,3197.392778005451,3197.33544921875,3136.9653685092926
stagekv_async_r1,async,1,4096,5,23,decode_steady,15,2385.3860390372574,2385.34228515625,2300.5882744789124
stagekv_async_r1,async,1,4096,5,24,decode_steady,15,1984.481097664684,1984.443359375,1932.0257199406624
stagekv_async_r1,async,1,4096,5,25,decode_steady,4,1975.9043669328094,1975.867431640625,1666.8241624236107
stagekv_async_r1,async,1,4096,5,26,decode_steady,220,1898.358479142189,1898.32275390625,1858.9669214487076
stagekv_async_r1,async,1,4096,5,27,decode_steady,16,2095.777320675552,2095.73779296875,1926.9907468557358
stagekv_async_r1,async,1,4096,5,28,decode_steady,15,2097.6879028603435,2097.647705078125,1981.458092480898
stagekv_async_r1,async,1,4096,5,29,decode_steady,15,1999.7879569418728,1999.7501220703125,1950.218501508236
stagekv_async_r1,async,1,4096,5,30,decode_steady,4,1806.0191702097654,1805.985595703125,1742.5505694150925
stagekv_async_r1,async,1,4096,5,31,decode_steady,220,1803.4322718158364,1803.399169921875,1750.680154800415
stagekv_async_r1,async,1,4096,5,32,decode_steady,16,77.37863715738058,77.37324523925781,54.31654381752014
stagekv_async_r2,async,2,4096,5,1,prefill_ttft,220,2727.7394239790738,2664.2158203125,0.0
stagekv_async_r2,async,2,4096,5,2,decode_first,16,2402.6182321831584,2402.575439453125,2320.127282142639
stagekv_async_r2,async,2,4096,5,3,decode_steady,15,1918.4915130026639,1918.454833984375,1872.354153394699
stagekv_async_r2,async,2,4096,5,4,decode_steady,15,2699.772692285478,2699.724609375,2636.539566755295
stagekv_async_r2,async,2,4096,5,5,decode_steady,4,2199.685549829155,2199.645263671875,2137.747666954994
stagekv_async_r2,async,2,4096,5,6,decode_steady,220,1899.3568788282573,1899.3203125,1689.6022118330002
stagekv_async_r2,async,2,4096,5,7,decode_steady,16,2680.985261220485,2680.9375,1964.7203550338745
stagekv_async_r2,async,2,4096,5,8,decode_steady,15,2219.3513670936227,2219.309326171875,2024.0931842327118
stagekv_async_r2,async,2,4096,5,9,decode_steady,15,1997.304336167872,1997.2669677734375,1968.1812829971313
stagekv_async_r2,async,2,4096,5,10,decode_steady,4,2599.2371663451195,2599.189697265625,2538.2020139694214
stagekv_async_r2,async,2,4096,5,11,decode_steady,220,2481.595397926867,2481.55126953125,2333.980702519417
stagekv_async_r2,async,2,4096,5,12,decode_steady,16,2517.386986874044,2517.342529296875,2386.229558944702
stagekv_async_r2,async,2,4096,5,13,decode_steady,15,2480.786988977343,2480.744384765625,2346.6809258461
stagekv_async_r2,async,2,4096,5,14,decode_steady,15,2017.1586847864091,2017.1214599609375,1885.1102595329285
stagekv_async_r2,async,2,4096,5,15,decode_steady,4,1799.3988669477403,1799.3656005859375,1666.665369272232
stagekv_async_r2,async,2,4096,5,16,decode_steady,220,3395.5200677737594,3384.279052734375,3171.2910693883896
stagekv_async_r2,async,2,4096,5,17,decode_steady,16,2187.2397903352976,2187.200439453125,2018.9291253089905
stagekv_async_r2,async,2,4096,5,18,decode_steady,15,1895.6959680654109,1895.6513671875,1644.8668410778046
stagekv_async_r2,async,2,4096,5,19,decode_steady,15,2197.6217348128557,2197.583740234375,2133.737669944763
stagekv_async_r2,async,2,4096,5,20,decode_steady,4,1896.7861258424819,1896.751220703125,1763.0306510925293
stagekv_async_r2,async,2,4096,5,21,decode_steady,220,2101.2101732194424,2101.171875,1966.6886429786682
stagekv_async_r2,async,2,4096,5,22,decode_steady,16,1897.2461759112775,1897.211669921875,1538.4839305877686
stagekv_async_r2,async,2,4096,5,23,decode_steady,15,2800.872170832008,2800.823974609375,2674.607748031616
stagekv_async_r2,async,2,4096,5,24,decode_steady,15,3398.954425007105,3387.77587890625,3320.6907436847687
stagekv_async_r2,async,2,4096,5,25,decode_steady,4,2381.8911318667233,2381.8486328125,2149.686986923218
stagekv_async_r2,async,2,4096,5,26,decode_steady,220,2300.4049099981785,2300.364013671875,2181.239193201065
stagekv_async_r2,async,2,4096,5,27,decode_steady,16,1893.8371827825904,1893.802734375,1732.3087978363037
stagekv_async_r2,async,2,4096,5,28,decode_steady,15,2711.8284106254578,2711.781494140625,2483.3421971797943
stagekv_async_r2,async,2,4096,5,29,decode_steady,15,1781.614491250366,1781.5819091796875,1665.022381067276
stagekv_async_r2,async,2,4096,5,30,decode_steady,4,1913.5082610882819,1913.4747314453125,1664.2442150115967
stagekv_async_r2,async,2,4096,5,31,decode_steady,220,1883.5916141979396,1883.5587158203125,1641.1898114681244
stagekv_async_r2,async,2,4096,5,32,decode_steady,16,58.63839341327548,58.63315200805664,35.50550401210785
stagekv_async_r4,async,4,4096,5,1,prefill_ttft,220,423.4722349792719,423.446533203125,0.0
stagekv_async_r4,async,4,4096,5,2,decode_first,16,24.673554114997387,24.6691837310791,0.0
stagekv_async_r4,async,4,4096,5,3,decode_steady,15,24.32051580399275,24.31590461730957,0.0
stagekv_async_r4,async,4,4096,5,4,decode_steady,15,24.35487974435091,24.349695205688477,0.0
stagekv_async_r4,async,4,4096,5,5,decode_steady,4,24.625041987746954,24.62006378173828,0.0
stagekv_async_r4,async,4,4096,5,6,decode_steady,220,24.216558784246445,24.211679458618164,0.0
stagekv_async_r4,async,4,4096,5,7,decode_steady,16,24.434279650449753,24.429279327392578,0.0
stagekv_async_r4,async,4,4096,5,8,decode_steady,15,24.350702296942472,24.345600128173828,0.0
stagekv_async_r4,async,4,4096,5,9,decode_steady,15,24.515835102647543,24.51046371459961,0.0
stagekv_async_r4,async,4,4096,5,10,decode_steady,4,24.30217107757926,24.29747200012207,0.0
stagekv_async_r4,async,4,4096,5,11,decode_steady,220,24.27928801625967,24.274944305419922,0.0
stagekv_async_r4,async,4,4096,5,12,decode_steady,16,24.252365808933973,24.246944427490234,0.0
stagekv_async_r4,async,4,4096,5,13,decode_steady,15,24.34089407324791,24.335712432861328,0.0
stagekv_async_r4,async,4,4096,5,14,decode_steady,15,24.560509249567986,24.55449676513672,0.0
stagekv_async_r4,async,4,4096,5,15,decode_steady,4,24.338209070265293,24.332992553710938,0.0
stagekv_async_r4,async,4,4096,5,16,decode_steady,220,24.36629217118025,24.360960006713867,0.0
stagekv_async_r4,async,4,4096,5,17,decode_steady,16,25.378700345754623,25.373695373535156,0.0
stagekv_async_r4,async,4,4096,5,18,decode_steady,15,24.386098608374596,24.380416870117188,0.0
stagekv_async_r4,async,4,4096,5,19,decode_steady,15,24.755238089710474,24.750080108642578,0.0
stagekv_async_r4,async,4,4096,5,20,decode_steady,4,24.963221978396177,24.95795249938965,0.0
stagekv_async_r4,async,4,4096,5,21,decode_steady,220,24.516836740076542,24.51148796081543,0.0
stagekv_async_r4,async,4,4096,5,22,decode_steady,16,24.505605921149254,24.500959396362305,0.0
stagekv_async_r4,async,4,4096,5,23,decode_steady,15,24.48510704562068,24.48076820373535,0.0
stagekv_async_r4,async,4,4096,5,24,decode_steady,15,24.997327011078596,24.992544174194336,0.0
stagekv_async_r4,async,4,4096,5,25,decode_steady,4,25.313715916126966,25.30816078186035,0.0
stagekv_async_r4,async,4,4096,5,26,decode_steady,220,25.288078002631664,25.282560348510742,0.0
stagekv_async_r4,async,4,4096,5,27,decode_steady,16,25.157990865409374,25.163776397705078,0.0
stagekv_async_r4,async,4,4096,5,28,decode_steady,15,25.272828992456198,25.267200469970703,0.0
stagekv_async_r4,async,4,4096,5,29,decode_steady,15,25.235457811504602,25.230335235595703,0.0
stagekv_async_r4,async,4,4096,5,30,decode_steady,4,25.152561254799366,25.147232055664062,0.0
stagekv_async_r4,async,4,4096,5,31,decode_steady,220,25.183750316500664,25.178112030029297,0.0
stagekv_async_r4,async,4,4096,5,32,decode_steady,16,25.002697948366404,24.996864318847656,0.0
stagekv_bidirectional_r0,bidirectional,0,4096,5,1,prefill_ttft,220,3610.969914123416,3543.635009765625,0.0
stagekv_bidirectional_r0,bidirectional,0,4096,5,2,decode_first,16,6317.468649707735,6305.70166015625,0.0
stagekv_bidirectional_r0,bidirectional,0,4096,5,3,decode_steady,15,3887.5819542445242,3887.5146484375,0.0
stagekv_bidirectional_r0,bidirectional,0,4096,5,4,decode_steady,15,4000.2030306495726,4000.13720703125,0.0
stagekv_bidirectional_r0,bidirectional,0,4096,5,5,decode_steady,4,4196.8838148750365,4196.81494140625,0.0
stagekv_bidirectional_r0,bidirectional,0,4096,5,6,decode_steady,220,3616.8383941985667,3616.775146484375,0.0
stagekv_bidirectional_r0,bidirectional,0,4096,5,7,decode_steady,16,3585.019221995026,3584.9521484375,0.0
stagekv_bidirectional_r0,bidirectional,0,4096,5,8,decode_steady,15,3196.9324722886086,3196.87890625,0.0
stagekv_bidirectional_r0,bidirectional,0,4096,5,9,decode_steady,15,4217.435966711491,4217.36669921875,0.0
stagekv_bidirectional_r0,bidirectional,0,4096,5,10,decode_steady,4,3199.373137205839,3199.314697265625,0.0
stagekv_bidirectional_r0,bidirectional,0,4096,5,11,decode_steady,220,2800.8998301811516,2800.849853515625,0.0
stagekv_bidirectional_r0,bidirectional,0,4096,5,12,decode_steady,16,3582.1794257499278,3582.116943359375,0.0
stagekv_bidirectional_r0,bidirectional,0,4096,5,13,decode_steady,15,4399.908899795264,4399.8330078125,0.0
stagekv_bidirectional_r0,bidirectional,0,4096,5,14,decode_steady,15,3818.2743210345507,3818.208251953125,0.0
stagekv_bidirectional_r0,bidirectional,0,4096,5,15,decode_steady,4,3684.4694246537983,3684.402099609375,0.0
stagekv_bidirectional_r0,bidirectional,0,4096,5,16,decode_steady,220,4597.136890981346,4597.05712890625,0.0
stagekv_bidirectional_r0,bidirectional,0,4096,5,17,decode_steady,16,3603.8050637580454,3603.741455078125,0.0
stagekv_bidirectional_r0,bidirectional,0,4096,5,18,decode_steady,15,3497.065031901002,3497.008056640625,0.0
stagekv_bidirectional_r0,bidirectional,0,4096,5,19,decode_steady,15,3395.114286337048,3302.71875,0.0
stagekv_bidirectional_r0,bidirectional,0,4096,5,20,decode_steady,4,3418.291376903653,3407.48583984375,0.0
stagekv_bidirectional_r0,bidirectional,0,4096,5,21,decode_steady,220,3700.9595022536814,3700.894775390625,0.0
stagekv_bidirectional_r0,bidirectional,0,4096,5,22,decode_steady,16,3883.719168137759,3883.652099609375,0.0
stagekv_bidirectional_r0,bidirectional,0,4096,5,23,decode_steady,15,4017.8727810271084,4017.805419921875,0.0
stagekv_bidirectional_r0,bidirectional,0,4096,5,24,decode_steady,15,3681.5875149331987,3681.526611328125,0.0
stagekv_bidirectional_r0,bidirectional,0,4096,5,25,decode_steady,4,2818.016059231013,2817.968017578125,0.0
stagekv_bidirectional_r0,bidirectional,0,4096,5,26,decode_steady,220,2489.253949839622,2489.2109375,0.0
stagekv_bidirectional_r0,bidirectional,0,4096,5,27,decode_steady,16,2896.148375235498,2896.09716796875,0.0
stagekv_bidirectional_r0,bidirectional,0,4096,5,28,decode_steady,15,3292.7036732435226,3200.343017578125,0.0
stagekv_bidirectional_r0,bidirectional,0,4096,5,29,decode_steady,15,3705.084758810699,3705.0205078125,0.0
stagekv_bidirectional_r0,bidirectional,0,4096,5,30,decode_steady,4,3613.0447457544506,3602.252685546875,0.0
stagekv_bidirectional_r0,bidirectional,0,4096,5,31,decode_steady,220,4086.9784862734377,4086.91162109375,0.0
stagekv_bidirectional_r0,bidirectional,0,4096,5,32,decode_steady,16,3515.065322164446,3515.005859375,0.0
stagekv_bidirectional_r1,bidirectional,1,4096,5,1,prefill_ttft,220,2966.6709206067026,2962.534423828125,0.0
stagekv_bidirectional_r1,bidirectional,1,4096,5,2,decode_first,16,2119.6973989717662,2119.68310546875,0.0
stagekv_bidirectional_r1,bidirectional,1,4096,5,3,decode_steady,15,2902.635403908789,2902.5791015625,0.0
stagekv_bidirectional_r1,bidirectional,1,4096,5,4,decode_steady,15,2106.6600792109966,2100.974609375,0.0
stagekv_bidirectional_r1,bidirectional,1,4096,5,5,decode_steady,4,2790.3843433596194,2790.335205078125,0.0
stagekv_bidirectional_r1,bidirectional,1,4096,5,6,decode_steady,220,2979.721150826663,2908.475341796875,0.0
stagekv_bidirectional_r1,bidirectional,1,4096,5,7,decode_steady,16,2821.963593363762,2821.919677734375,0.0
stagekv_bidirectional_r1,bidirectional,1,4096,5,8,decode_steady,15,2281.1211929656565,2281.082763671875,0.0
stagekv_bidirectional_r1,bidirectional,1,4096,5,9,decode_steady,15,2918.308014050126,2918.254638671875,0.0
stagekv_bidirectional_r1,bidirectional,1,4096,5,10,decode_steady,4,2000.065297819674,2000.0286865234375,0.0
stagekv_bidirectional_r1,bidirectional,1,4096,5,11,decode_steady,220,2200.3650567494333,2200.326171875,0.0
stagekv_bidirectional_r1,bidirectional,1,4096,5,12,decode_steady,16,2782.7552668750286,2782.70263671875,0.0
stagekv_bidirectional_r1,bidirectional,1,4096,5,13,decode_steady,15,2816.2549319677055,2816.2099609375,0.0
stagekv_bidirectional_r1,bidirectional,1,4096,5,14,decode_steady,15,2683.704312890768,2683.6611328125,0.0
stagekv_bidirectional_r1,bidirectional,1,4096,5,15,decode_steady,4,2097.568390890956,2097.5341796875,0.0
stagekv_bidirectional_r1,bidirectional,1,4096,5,16,decode_steady,220,2299.240405205637,2299.20263671875,0.0
stagekv_bidirectional_r1,bidirectional,1,4096,5,17,decode_steady,16,2400.743344798684,2400.704833984375,0.0
stagekv_bidirectional_r1,bidirectional,1,4096,5,18,decode_steady,15,2300.6898160092533,2300.652587890625,0.0
stagekv_bidirectional_r1,bidirectional,1,4096,5,19,decode_steady,15,2798.995701596141,2798.950439453125,0.0
stagekv_bidirectional_r1,bidirectional,1,4096,5,20,decode_steady,4,1917.709578294307,1917.6776123046875,0.0
stagekv_bidirectional_r1,bidirectional,1,4096,5,21,decode_steady,220,2084.176804870367,2084.142333984375,0.0
stagekv_bidirectional_r1,bidirectional,1,4096,5,22,decode_steady,16,1903.7044737488031,1903.67333984375,0.0
stagekv_bidirectional_r1,bidirectional,1,4096,5,23,decode_steady,15,2011.1681851558387,2011.135986328125,0.0
stagekv_bidirectional_r1,bidirectional,1,4096,5,24,decode_steady,15,2182.7526642009616,2182.717529296875,0.0
stagekv_bidirectional_r1,bidirectional,1,4096,5,25,decode_steady,4,1917.529788799584,1917.498291015625,0.0
stagekv_bidirectional_r1,bidirectional,1,4096,5,26,decode_steady,220,1884.002935141325,1883.97265625,0.0
stagekv_bidirectional_r1,bidirectional,1,4096,5,27,decode_steady,16,1998.6014501191676,1998.5693359375,0.0
stagekv_bidirectional_r1,bidirectional,1,4096,5,28,decode_steady,15,2506.668675225228,2506.628173828125,0.0
stagekv_bidirectional_r1,bidirectional,1,4096,5,29,decode_steady,15,1893.6598901636899,1893.6279296875,0.0
stagekv_bidirectional_r1,bidirectional,1,4096,5,30,decode_steady,4,1915.3851447626948,1915.35400390625,0.0
stagekv_bidirectional_r1,bidirectional,1,4096,5,31,decode_steady,220,2179.9648157320917,2179.921142578125,0.0
stagekv_bidirectional_r1,bidirectional,1,4096,5,32,decode_steady,16,1803.201163187623,1803.1708984375,0.0
stagekv_bidirectional_r2,bidirectional,2,4096,5,1,prefill_ttft,220,3511.7719247937202,3444.876220703125,0.0
stagekv_bidirectional_r2,bidirectional,2,4096,5,2,decode_first,16,2521.3243342004716,2521.282470703125,0.0
stagekv_bidirectional_r2,bidirectional,2,4096,5,3,decode_steady,15,3183.584582991898,3183.5341796875,0.0
stagekv_bidirectional_r2,bidirectional,2,4096,5,4,decode_steady,15,2716.292125172913,2716.248046875,0.0
stagekv_bidirectional_r2,bidirectional,2,4096,5,5,decode_steady,4,1999.7705980204046,1999.73681640625,0.0
stagekv_bidirectional_r2,bidirectional,2,4096,5,6,decode_steady,220,2381.395780015737,2381.35009765625,0.0
stagekv_bidirectional_r2,bidirectional,2,4096,5,7,decode_steady,16,2000.0870120711625,2000.0501708984375,0.0
stagekv_bidirectional_r2,bidirectional,2,4096,5,8,decode_steady,15,1817.6559801213443,1817.6224365234375,0.0
stagekv_bidirectional_r2,bidirectional,2,4096,5,9,decode_steady,15,1688.9986130408943,1688.9671630859375,0.0
stagekv_bidirectional_r2,bidirectional,2,4096,5,10,decode_steady,4,1597.14361326769,1597.1163330078125,0.0
stagekv_bidirectional_r2,bidirectional,2,4096,5,11,decode_steady,220,1897.5714440457523,1897.539794921875,0.0
stagekv_bidirectional_r2,bidirectional,2,4096,5,12,decode_steady,16,1699.4633488357067,1699.4332275390625,0.0
stagekv_bidirectional_r2,bidirectional,2,4096,5,13,decode_steady,15,1904.275856912136,1904.24365234375,0.0
stagekv_bidirectional_r2,bidirectional,2,4096,5,14,decode_steady,15,1894.088139757514,1893.861328125,0.0
stagekv_bidirectional_r2,bidirectional,2,4096,5,15,decode_steady,4,1703.0279282480478,1702.9989013671875,0.0
stagekv_bidirectional_r2,bidirectional,2,4096,5,16,decode_steady,220,1697.935314849019,1697.90673828125,0.0
stagekv_bidirectional_r2,bidirectional,2,4096,5,17,decode_steady,16,1600.6798632442951,1600.6533203125,0.0
stagekv_bidirectional_r2,bidirectional,2,4096,5,18,decode_steady,15,1814.553297124803,1814.52099609375,0.0
stagekv_bidirectional_r2,bidirectional,2,4096,5,19,decode_steady,15,1588.8046962209046,1588.7772216796875,0.0
stagekv_bidirectional_r2,bidirectional,2,4096,5,20,decode_steady,4,1692.9752631112933,1692.947509765625,0.0
stagekv_bidirectional_r2,bidirectional,2,4096,5,21,decode_steady,220,1600.7672064006329,1600.7401123046875,0.0
stagekv_bidirectional_r2,bidirectional,2,4096,5,22,decode_steady,16,1502.2097611799836,1502.1834716796875,0.0
stagekv_bidirectional_r2,bidirectional,2,4096,5,23,decode_steady,15,1597.85612905398,1597.8270263671875,0.0
stagekv_bidirectional_r2,bidirectional,2,4096,5,24,decode_steady,15,1801.873211748898,1801.8426513671875,0.0
stagekv_bidirectional_r2,bidirectional,2,4096,5,25,decode_steady,4,1896.252719219774,1896.2216796875,0.0
stagekv_bidirectional_r2,bidirectional,2,4096,5,26,decode_steady,220,1616.4637538604438,1605.55810546875,0.0
stagekv_bidirectional_r2,bidirectional,2,4096,5,27,decode_steady,16,1889.2681957222521,1889.2369384765625,0.0
stagekv_bidirectional_r2,bidirectional,2,4096,5,28,decode_steady,15,1497.1072380430996,1497.0819091796875,0.0
stagekv_bidirectional_r2,bidirectional,2,4096,5,29,decode_steady,15,1799.807844683528,1799.7772216796875,0.0
stagekv_bidirectional_r2,bidirectional,2,4096,5,30,decode_steady,4,2498.350088018924,2498.311279296875,0.0
stagekv_bidirectional_r2,bidirectional,2,4096,5,31,decode_steady,220,1699.7785940766335,1699.7498779296875,0.0
stagekv_bidirectional_r2,bidirectional,2,4096,5,32,decode_steady,16,2100.0100867822766,2099.976806640625,0.0
stagekv_bidirectional_r4,bidirectional,4,4096,5,1,prefill_ttft,220,416.52726707980037,416.51611328125,0.0
stagekv_bidirectional_r4,bidirectional,4,4096,5,2,decode_first,16,23.73457234352827,23.730144500732422,0.0
stagekv_bidirectional_r4,bidirectional,4,4096,5,3,decode_steady,15,23.186373990029097,23.181312561035156,0.0
stagekv_bidirectional_r4,bidirectional,4,4096,5,4,decode_steady,15,22.740169893950224,22.735872268676758,0.0
stagekv_bidirectional_r4,bidirectional,4,4096,5,5,decode_steady,4,22.826572880148888,22.821792602539062,0.0
stagekv_bidirectional_r4,bidirectional,4,4096,5,6,decode_steady,220,22.983619943261147,22.978559494018555,0.0
stagekv_bidirectional_r4,bidirectional,4,4096,5,7,decode_steady,16,22.768914233893156,22.764543533325195,0.0
stagekv_bidirectional_r4,bidirectional,4,4096,5,8,decode_steady,15,22.815502248704433,22.810623168945312,0.0
stagekv_bidirectional_r4,bidirectional,4,4096,5,9,decode_steady,15,22.80167629942298,22.796287536621094,0.0
stagekv_bidirectional_r4,bidirectional,4,4096,5,10,decode_steady,4,22.777489852160215,22.772735595703125,0.0
stagekv_bidirectional_r4,bidirectional,4,4096,5,11,decode_steady,220,23.009309079498053,23.004159927368164,0.0
stagekv_bidirectional_r4,bidirectional,4,4096,5,12,decode_steady,16,23.39526917785406,23.390207290649414,0.0
stagekv_bidirectional_r4,bidirectional,4,4096,5,13,decode_steady,15,23.33176927641034,23.326719284057617,0.0
stagekv_bidirectional_r4,bidirectional,4,4096,5,14,decode_steady,15,23.574728053063154,23.569408416748047,0.0
stagekv_bidirectional_r4,bidirectional,4,4096,5,15,decode_steady,4,23.61124660819769,23.606143951416016,0.0
stagekv_bidirectional_r4,bidirectional,4,4096,5,16,decode_steady,220,23.682712577283382,23.67692756652832,0.0
stagekv_bidirectional_r4,bidirectional,4,4096,5,17,decode_steady,16,23.72834924608469,23.723007202148438,0.0
stagekv_bidirectional_r4,bidirectional,4,4096,5,18,decode_steady,15,23.64445012062788,23.639039993286133,0.0
stagekv_bidirectional_r4,bidirectional,4,4096,5,19,decode_steady,15,23.646283894777298,23.641088485717773,0.0
stagekv_bidirectional_r4,bidirectional,4,4096,5,20,decode_steady,4,23.700166027992964,23.694528579711914,0.0
stagekv_bidirectional_r4,bidirectional,4,4096,5,21,decode_steady,220,23.600226268172264,23.595008850097656,0.0
stagekv_bidirectional_r4,bidirectional,4,4096,5,22,decode_steady,16,23.700908292084932,23.69536018371582,0.0
stagekv_bidirectional_r4,bidirectional,4,4096,5,23,decode_steady,15,23.67111062631011,23.665664672851562,0.0
stagekv_bidirectional_r4,bidirectional,4,4096,5,24,decode_steady,15,23.626847192645073,23.621631622314453,0.0
stagekv_bidirectional_r4,bidirectional,4,4096,5,25,decode_steady,4,23.598934058099985,23.593856811523438,0.0
stagekv_bidirectional_r4,bidirectional,4,4096,5,26,decode_steady,220,23.605416994541883,23.600128173828125,0.0
stagekv_bidirectional_r4,bidirectional,4,4096,5,27,decode_steady,16,23.644660133868456,23.639039993286133,0.0
stagekv_bidirectional_r4,bidirectional,4,4096,5,28,decode_steady,15,23.68289278820157,23.677791595458984,0.0
stagekv_bidirectional_r4,bidirectional,4,4096,5,29,decode_steady,15,23.671762086451054,23.666688919067383,0.0
stagekv_bidirectional_r4,bidirectional,4,4096,5,30,decode_steady,4,23.66458810865879,23.65951919555664,0.0
stagekv_bidirectional_r4,bidirectional,4,4096,5,31,decode_steady,220,23.58403615653515,23.578624725341797,0.0
stagekv_bidirectional_r4,bidirectional,4,4096,5,32,decode_steady,16,23.67222309112549,23.667680740356445,0.0
standard,standard,,4096,5,1,prefill_ttft,220,408.74347602948546,408.732666015625,0.0
standard,standard,,4096,5,2,decode_first,16,22.419572807848454,22.414335250854492,0.0
standard,standard,,4096,5,3,decode_steady,15,22.150684613734484,22.145023345947266,0.0
standard,standard,,4096,5,4,decode_steady,15,22.13732898235321,22.131711959838867,0.0
standard,standard,,4096,5,5,decode_steady,4,22.03764021396637,22.032384872436523,0.0
standard,standard,,4096,5,6,decode_steady,220,22.06319896504283,22.0579833984375,0.0
standard,standard,,4096,5,7,decode_steady,16,21.891352720558643,21.88684844970703,0.0
standard,standard,,4096,5,8,decode_steady,15,21.993156988173723,21.987327575683594,0.0
standard,standard,,4096,5,9,decode_steady,15,21.982856560498476,21.977088928222656,0.0
standard,standard,,4096,5,10,decode_steady,4,21.959672681987286,21.954559326171875,0.0
standard,standard,,4096,5,11,decode_steady,220,22.026379127055407,22.021120071411133,0.0
standard,standard,,4096,5,12,decode_steady,16,21.986253559589386,21.981184005737305,0.0
standard,standard,,4096,5,13,decode_steady,15,21.964712999761105,21.959680557250977,0.0
standard,standard,,4096,5,14,decode_steady,15,22.83453894779086,22.830080032348633,0.0
standard,standard,,4096,5,15,decode_steady,4,21.01432392373681,21.009536743164062,0.0
standard,standard,,4096,5,16,decode_steady,220,21.07829600572586,21.07391929626465,0.0
standard,standard,,4096,5,17,decode_steady,16,21.078105084598064,21.07302474975586,0.0
standard,standard,,4096,5,18,decode_steady,15,21.111007779836655,21.106367111206055,0.0
standard,standard,,4096,5,19,decode_steady,15,21.75434399396181,21.74947166442871,0.0
standard,standard,,4096,5,20,decode_steady,4,22.01161114498973,22.006784439086914,0.0
standard,standard,,4096,5,21,decode_steady,220,21.97794709354639,21.97225570678711,0.0
standard,standard,,4096,5,22,decode_steady,16,21.910259034484625,21.90540885925293,0.0
standard,standard,,4096,5,23,decode_steady,15,21.868310868740082,21.86342430114746,0.0
standard,standard,,4096,5,24,decode_steady,15,21.978307981044054,21.97382354736328,0.0
standard,standard,,4096,5,25,decode_steady,4,21.933793555945158,21.9289608001709,0.0
standard,standard,,4096,5,26,decode_steady,220,22.226769011467695,22.22185516357422,0.0
standard,standard,,4096,5,27,decode_steady,16,21.928024012595415,21.922815322875977,0.0
standard,standard,,4096,5,28,decode_steady,15,22.001050878316164,21.995519638061523,0.0
standard,standard,,4096,5,29,decode_steady,15,21.96426084265113,21.958656311035156,0.0
standard,standard,,4096,5,30,decode_steady,4,22.06376986578107,22.05891227722168,0.0
standard,standard,,4096,5,31,decode_steady,220,21.862519439309835,21.857280731201172,0.0
standard,standard,,4096,5,32,decode_steady,16,22.063169162720442,22.05695915222168,0.0
