method,family,resident_kv_heads_r,sequence_length,trial,generated_token_position,phase,token_id,wall_ms,cuda_ms,h2d_event_ms
stagekv_async_r1,async,1,4096,1,1,prefill_ttft,220,2524.9934080056846,2461.567138671875,0.0
stagekv_async_r1,async,1,4096,1,2,decode_first,16,3621.36443099007,3621.34423828125,3235.6616888940334
stagekv_async_r1,async,1,4096,1,3,decode_steady,15,2305.4753011092544,2305.457763671875,2154.8579252660275
stagekv_async_r1,async,1,4096,1,4,decode_steady,15,1493.1900016963482,1417.5457763671875,1040.1179143339396
stagekv_async_r1,async,1,4096,1,5,decode_steady,4,2221.1484061554074,2221.130859375,1919.3248042166233
stagekv_async_r1,async,1,4096,1,6,decode_steady,220,2801.581025123596,2801.564453125,2575.6227001845837
stagekv_async_r1,async,1,4096,1,7,decode_steady,16,2604.9088640138507,2604.886962890625,2133.4135241657495
stagekv_async_r1,async,1,4096,1,8,decode_steady,15,2568.369315005839,2493.206298828125,2253.1926138699055
stagekv_async_r1,async,1,4096,1,9,decode_steady,15,1898.2224222272635,1822.2049560546875,1314.4029778689146
stagekv_async_r1,async,1,4096,1,10,decode_steady,4,2401.7779799178243,2401.754150390625,1770.5464634597301
stagekv_async_r1,async,1,4096,1,11,decode_steady,220,2313.8166782446206,2298.526611328125,2063.175718486309
stagekv_async_r1,async,1,4096,1,12,decode_steady,16,2683.3157795481384,2683.2998046875,2630.6758141964674
stagekv_async_r1,async,1,4096,1,13,decode_steady,15,2298.28395973891,2298.269775390625,2214.3958028554916
stagekv_async_r1,async,1,4096,1,14,decode_steady,15,1798.9899623207748,1798.9754638671875,1524.1892753243446
stagekv_async_r1,async,1,4096,1,15,decode_steady,4,1998.3122148551047,1998.298095703125,1829.9253422170877
stagekv_async_r1,async,1,4096,1,16,decode_steady,220,2297.113903798163,2297.09716796875,2096.6921034008265
stagekv_async_r1,async,1,4096,1,17,decode_steady,16,2195.3254789114,2183.056396484375,1868.657792210579
stagekv_async_r1,async,1,4096,1,18,decode_steady,15,2192.1547492966056,2185.81494140625,2016.70050907135
stagekv_async_r1,async,1,4096,1,19,decode_steady,15,2476.262231823057,2476.24609375,2392.936320632696
stagekv_async_r1,async,1,4096,1,20,decode_steady,4,2698.2352640479803,2698.21435546875,2552.3299127072096
stagekv_async_r1,async,1,4096,1,21,decode_steady,220,2194.886722136289,2194.870361328125,1852.290966719389
stagekv_async_r1,async,1,4096,1,22,decode_steady,16,3001.668445300311,3001.64306640625,2674.9595779925585
stagekv_async_r1,async,1,4096,1,23,decode_steady,15,1495.8946551196277,1495.8807373046875,1178.4612838327885
stagekv_async_r1,async,1,4096,1,24,decode_steady,15,1405.8574419468641,1405.8475341796875,1160.1565673947334
stagekv_async_r1,async,1,4096,1,25,decode_steady,4,1481.050290632993,1481.0399169921875,1245.0404786765575
stagekv_async_r1,async,1,4096,1,26,decode_steady,220,1383.9701893739402,1383.95849609375,1061.5731593072414
stagekv_async_r1,async,1,4096,1,27,decode_steady,16,1485.0904759950936,1485.0784912109375,960.0286352932453
stagekv_async_r1,async,1,4096,1,28,decode_steady,15,2094.989388715476,2094.97509765625,2031.7720099240541
stagekv_async_r1,async,1,4096,1,29,decode_steady,15,1497.342857066542,1485.850341796875,1169.1630120128393
stagekv_async_r1,async,1,4096,1,30,decode_steady,4,1580.569192301482,1580.558349609375,1175.3655981570482
stagekv_async_r1,async,1,4096,1,31,decode_steady,220,2383.47372924909,2383.459228515625,2240.057031363249
stagekv_async_r1,async,1,4096,1,32,decode_steady,16,44.24504190683365,44.2501106262207,21.490239933133125
stagekv_async_r2,async,2,4096,1,1,prefill_ttft,220,2250.2786917611957,2250.261474609375,0.0
stagekv_async_r2,async,2,4096,1,2,decode_first,16,2585.6819949112833,2585.662109375,2438.1468529701233
stagekv_async_r2,async,2,4096,1,3,decode_steady,15,2304.9543760716915,2304.93896484375,2097.790458679199
stagekv_async_r2,async,2,4096,1,4,decode_steady,15,1898.0653663165867,1898.0526123046875,1753.0941009521484
stagekv_async_r2,async,2,4096,1,5,decode_steady,4,1995.3478020615876,1995.335693359375,1705.1342078447342
stagekv_async_r2,async,2,4096,1,6,decode_steady,220,1795.7628890872002,1795.7293701171875,1469.5226689577103
stagekv_async_r2,async,2,4096,1,7,decode_steady,16,1899.575195275247,1883.19140625,1575.1630872488022
stagekv_async_r2,async,2,4096,1,8,decode_steady,15,1403.7548741325736,1403.7449951171875,1110.4365788698196
stagekv_async_r2,async,2,4096,1,9,decode_steady,15,1896.5614289045334,1896.54833984375,1541.5226328372955
stagekv_async_r2,async,2,4096,1,10,decode_steady,4,1803.3692138269544,1803.357177734375,1540.9188183546066
stagekv_async_r2,async,2,4096,1,11,decode_steady,220,1877.0539378747344,1877.0390625,1657.8312330245972
stagekv_async_r2,async,2,4096,1,12,decode_steady,16,3100.9099590592086,3100.89208984375,2735.19447350502
stagekv_async_r2,async,2,4096,1,13,decode_steady,15,1717.0929443091154,1717.0770263671875,1598.5729603767395
stagekv_async_r2,async,2,4096,1,14,decode_steady,15,1598.3438859693706,1598.331787109375,1429.5250861644745
stagekv_async_r2,async,2,4096,1,15,decode_steady,4,1495.9507738240063,1495.94091796875,1259.6358159780502
stagekv_async_r2,async,2,4096,1,16,decode_steady,220,1095.927809830755,1095.9185791015625,832.9699527025223
stagekv_async_r2,async,2,4096,1,17,decode_steady,16,1295.8378861658275,1295.8277587890625,1113.5025572180748
stagekv_async_r2,async,2,4096,1,18,decode_steady,15,979.9807057715952,979.970947265625,655.5809046030045
stagekv_async_r2,async,2,4096,1,19,decode_steady,15,2116.59401608631,2116.580322265625,1887.107812345028
stagekv_async_r2,async,2,4096,1,20,decode_steady,4,1300.9060192853212,1300.89501953125,870.8270002603531
stagekv_async_r2,async,2,4096,1,21,decode_steady,220,1279.158647172153,1279.14599609375,993.8023562431335
stagekv_async_r2,async,2,4096,1,22,decode_steady,16,1218.402469996363,1218.39208984375,933.2027702927589
stagekv_async_r2,async,2,4096,1,23,decode_steady,15,1897.265087813139,1897.2528076171875,1635.7728377580643
stagekv_async_r2,async,2,4096,1,24,decode_steady,15,1203.8192828185856,1203.809326171875,843.4555286169052
stagekv_async_r2,async,2,4096,1,25,decode_steady,4,1472.382202744484,1395.8668212890625,990.3423628807068
stagekv_async_r2,async,2,4096,1,26,decode_steady,220,1020.3998712822795,1020.391357421875,636.3062821626663
stagekv_async_r2,async,2,4096,1,27,decode_steady,16,1019.6685828268528,1019.6599731445312,925.8375633955002
stagekv_async_r2,async,2,4096,1,28,decode_steady,15,1219.7027560323477,1219.6917724609375,799.8579480648041
stagekv_async_r2,async,2,4096,1,29,decode_steady,15,1119.7959282435477,1119.7890625,997.3108080625534
stagekv_async_r2,async,2,4096,1,30,decode_steady,4,1198.1170265935361,1198.107421875,954.2959697246552
stagekv_async_r2,async,2,4096,1,31,decode_steady,220,1097.726748790592,1097.7177734375,915.8808220624924
stagekv_async_r2,async,2,4096,1,32,decode_steady,16,33.716256730258465,33.71110534667969,10.868063986301422
stagekv_async_r4,async,4,4096,1,1,prefill_ttft,220,425.24972511455417,425.2375183105469,0.0
stagekv_async_r4,async,4,4096,1,2,decode_first,16,25.389079935848713,25.382911682128906,0.0
stagekv_async_r4,async,4,4096,1,3,decode_steady,15,23.960722144693136,23.95644760131836,0.0
stagekv_async_r4,async,4,4096,1,4,decode_steady,15,23.864852264523506,23.85919952392578,0.0
stagekv_async_r4,async,4,4096,1,5,decode_steady,4,24.09227006137371,24.088159561157227,0.0
stagekv_async_r4,async,4,4096,1,6,decode_steady,220,24.021275341510773,24.015871047973633,0.0
stagekv_async_r4,async,4,4096,1,7,decode_steady,16,24.01180798187852,24.005695343017578,0.0
stagekv_async_r4,async,4,4096,1,8,decode_steady,15,24.026055354624987,24.019968032836914,0.0
stagekv_async_r4,async,4,4096,1,9,decode_steady,15,23.92602665349841,23.92064094543457,0.0
stagekv_async_r4,async,4,4096,1,10,decode_steady,4,24.000416975468397,23.995647430419922,0.0
stagekv_async_r4,async,4,4096,1,11,decode_steady,220,24.017789866775274,24.012800216674805,0.0
stagekv_async_r4,async,4,4096,1,12,decode_steady,16,23.999615106731653,23.994367599487305,0.0
stagekv_async_r4,async,4,4096,1,13,decode_steady,15,24.162822868674994,24.152063369750977,0.0
stagekv_async_r4,async,4,4096,1,14,decode_steady,15,24.11083411425352,24.106111526489258,0.0
stagekv_async_r4,async,4,4096,1,15,decode_steady,4,24.18635692447424,24.181760787963867,0.0
stagekv_async_r4,async,4,4096,1,16,decode_steady,220,24.17707908898592,24.172351837158203,0.0
stagekv_async_r4,async,4,4096,1,17,decode_steady,16,24.400298949331045,24.394624710083008,0.0
stagekv_async_r4,async,4,4096,1,18,decode_steady,15,24.453388992697,24.447999954223633,0.0
stagekv_async_r4,async,4,4096,1,19,decode_steady,15,24.487663060426712,24.481792449951172,0.0
stagekv_async_r4,async,4,4096,1,20,decode_steady,4,24.564026854932308,24.558591842651367,0.0
stagekv_async_r4,async,4,4096,1,21,decode_steady,220,24.711355101317167,24.705856323242188,0.0
stagekv_async_r4,async,4,4096,1,22,decode_steady,16,24.27635481581092,24.27084732055664,0.0
stagekv_async_r4,async,4,4096,1,23,decode_steady,15,24.290591944009066,24.285184860229492,0.0
stagekv_async_r4,async,4,4096,1,24,decode_steady,15,24.264784064143896,24.259584426879883,0.0
stagekv_async_r4,async,4,4096,1,25,decode_steady,4,24.62375909090042,24.617984771728516,0.0
stagekv_async_r4,async,4,4096,1,26,decode_steady,220,24.527006782591343,24.521728515625,0.0
stagekv_async_r4,async,4,4096,1,27,decode_steady,16,24.49651015922427,24.491008758544922,0.0
stagekv_async_r4,async,4,4096,1,28,decode_steady,15,24.456695187836885,24.452096939086914,0.0
stagekv_async_r4,async,4,4096,1,29,decode_steady,15,24.478826206177473,24.473663330078125,0.0
stagekv_async_r4,async,4,4096,1,30,decode_steady,4,24.512189906090498,24.50739288330078,0.0
stagekv_async_r4,async,4,4096,1,31,decode_steady,220,24.53354001045227,24.52889633178711,0.0
stagekv_async_r4,async,4,4096,1,32,decode_steady,16,24.4748592376709,24.468576431274414,0.0
standard,standard,,4096,1,1,prefill_ttft,220,409.1708017513156,409.12384033203125,0.0
standard,standard,,4096,1,2,decode_first,16,21.56927203759551,21.56438446044922,0.0
standard,standard,,4096,1,3,decode_steady,15,21.075292956084013,21.06982421875,0.0
standard,standard,,4096,1,4,decode_steady,15,21.110399160534143,21.105663299560547,0.0
standard,standard,,4096,1,5,decode_steady,4,21.024847868829966,21.020416259765625,0.0
standard,standard,,4096,1,6,decode_steady,220,21.05386322364211,21.048320770263672,0.0
standard,standard,,4096,1,7,decode_steady,16,20.987657830119133,20.982784271240234,0.0
standard,standard,,4096,1,8,decode_steady,15,21.001614164561033,20.996095657348633,0.0
standard,standard,,4096,1,9,decode_steady,15,20.999090280383825,20.994047164916992,0.0
standard,standard,,4096,1,10,decode_steady,4,20.996403880417347,20.990751266479492,0.0
standard,standard,,4096,1,11,decode_steady,220,21.00936882197857,21.004287719726562,0.0
standard,standard,,4096,1,12,decode_steady,16,20.977579057216644,20.972543716430664,0.0
standard,standard,,4096,1,13,decode_steady,15,20.98134672269225,20.975616455078125,0.0
standard,standard,,4096,1,14,decode_steady,15,21.036981139332056,21.031936645507812,0.0
standard,standard,,4096,1,15,decode_steady,4,21.000482141971588,20.995071411132812,0.0
standard,standard,,4096,1,16,decode_steady,220,21.12071868032217,21.112831115722656,0.0
standard,standard,,4096,1,17,decode_steady,16,20.967830903828144,20.962432861328125,0.0
standard,standard,,4096,1,18,decode_steady,15,20.966427866369486,20.961280822753906,0.0
standard,standard,,4096,1,19,decode_steady,15,20.97826125100255,20.972543716430664,0.0
standard,standard,,4096,1,20,decode_steady,4,21.11956663429737,21.113855361938477,0.0
standard,standard,,4096,1,21,decode_steady,220,20.966749172657728,20.960256576538086,0.0
standard,standard,,4096,1,22,decode_steady,16,20.990863908082247,20.985855102539062,0.0
standard,standard,,4096,1,23,decode_steady,15,20.98658587783575,20.980735778808594,0.0
standard,standard,,4096,1,24,decode_steady,15,20.972678903490305,20.966400146484375,0.0
standard,standard,,4096,1,25,decode_steady,4,20.982267800718546,20.976640701293945,0.0
standard,standard,,4096,1,26,decode_steady,220,20.99273819476366,20.986879348754883,0.0
standard,standard,,4096,1,27,decode_steady,16,20.9706355817616,20.965375900268555,0.0
standard,standard,,4096,1,28,decode_steady,15,20.97279019653797,20.96735954284668,0.0
standard,standard,,4096,1,29,decode_steady,15,20.985723938792944,20.979711532592773,0.0
standard,standard,,4096,1,30,decode_steady,4,20.95910534262657,20.954111099243164,0.0
standard,standard,,4096,1,31,decode_steady,220,20.974833983927965,20.970239639282227,0.0
standard,standard,,4096,1,32,decode_steady,16,20.997947081923485,20.992000579833984,0.0
stagekv_sync_r0,sync,0,4096,1,1,prefill_ttft,220,3170.1065092347562,3170.082763671875,0.0
stagekv_sync_r0,sync,0,4096,1,2,decode_first,16,4192.494387738407,4192.47314453125,0.0
stagekv_sync_r0,sync,0,4096,1,3,decode_steady,15,1205.9199451468885,1198.160888671875,0.0
stagekv_sync_r0,sync,0,4096,1,4,decode_steady,15,1389.9251632392406,1389.9149169921875,0.0
stagekv_sync_r0,sync,0,4096,1,5,decode_steady,4,1201.4534031040967,1201.4437255859375,0.0
stagekv_sync_r0,sync,0,4096,1,6,decode_steady,220,1298.7824929878116,1298.77197265625,0.0
stagekv_sync_r0,sync,0,4096,1,7,decode_steady,16,1501.4325599186122,1501.408203125,0.0
stagekv_sync_r0,sync,0,4096,1,8,decode_steady,15,1496.7616759240627,1496.7508544921875,0.0
stagekv_sync_r0,sync,0,4096,1,9,decode_steady,15,1202.9973468743265,1202.987060546875,0.0
stagekv_sync_r0,sync,0,4096,1,10,decode_steady,4,1307.7543801628053,1299.651611328125,0.0
stagekv_sync_r0,sync,0,4096,1,11,decode_steady,220,1487.8382738679647,1487.828857421875,0.0
stagekv_sync_r0,sync,0,4096,1,12,decode_steady,16,1902.872194070369,1902.8592529296875,0.0
stagekv_sync_r0,sync,0,4096,1,13,decode_steady,15,2197.1951192244887,2197.180419921875,0.0
stagekv_sync_r0,sync,0,4096,1,14,decode_steady,15,2399.868046864867,2399.853515625,0.0
stagekv_sync_r0,sync,0,4096,1,15,decode_steady,4,2398.3543259091675,2398.340087890625,0.0
stagekv_sync_r0,sync,0,4096,1,16,decode_steady,220,3200.3022208809853,3200.28466796875,0.0
stagekv_sync_r0,sync,0,4096,1,17,decode_steady,16,3001.052729319781,3001.03466796875,0.0
stagekv_sync_r0,sync,0,4096,1,18,decode_steady,15,1805.2234798669815,1805.2105712890625,0.0
stagekv_sync_r0,sync,0,4096,1,19,decode_steady,15,1992.964802775532,1992.95263671875,0.0
stagekv_sync_r0,sync,0,4096,1,20,decode_steady,4,3179.7839156351984,3104.2353515625,0.0
stagekv_sync_r0,sync,0,4096,1,21,decode_steady,220,2120.804511010647,2120.7919921875,0.0
stagekv_sync_r0,sync,0,4096,1,22,decode_steady,16,2278.6802076734602,2202.393310546875,0.0
stagekv_sync_r0,sync,0,4096,1,23,decode_steady,15,1800.9194117039442,1800.905517578125,0.0
stagekv_sync_r0,sync,0,4096,1,24,decode_steady,15,2522.68785610795,2522.673095703125,0.0
stagekv_sync_r0,sync,0,4096,1,25,decode_steady,4,2496.1591633036733,2496.145263671875,0.0
stagekv_sync_r0,sync,0,4096,1,26,decode_steady,220,1800.4169263876975,1800.4058837890625,0.0
stagekv_sync_r0,sync,0,4096,1,27,decode_steady,16,3102.3815451189876,3102.36669921875,0.0
stagekv_sync_r0,sync,0,4096,1,28,decode_steady,15,3479.254975914955,3479.237548828125,0.0
stagekv_sync_r0,sync,0,4096,1,29,decode_steady,15,1704.538383986801,1704.52685546875,0.0
stagekv_sync_r0,sync,0,4096,1,30,decode_steady,4,1492.432340979576,1398.998046875,0.0
stagekv_sync_r0,sync,0,4096,1,31,decode_steady,220,1399.8077963478863,1306.745849609375,0.0
stagekv_sync_r0,sync,0,4096,1,32,decode_steady,16,42.45270788669586,42.482688903808594,0.0
stagekv_sync_r1,sync,1,4096,1,1,prefill_ttft,220,2435.6825510039926,2435.621826171875,0.0
stagekv_sync_r1,sync,1,4096,1,2,decode_first,16,3420.5023609101772,3420.484619140625,0.0
stagekv_sync_r1,sync,1,4096,1,3,decode_steady,15,2400.1811146736145,2400.1650390625,0.0
stagekv_sync_r1,sync,1,4096,1,4,decode_steady,15,1500.600507017225,1500.590087890625,0.0
stagekv_sync_r1,sync,1,4096,1,5,decode_steady,4,1308.5008370690048,1301.0872802734375,0.0
stagekv_sync_r1,sync,1,4096,1,6,decode_steady,220,1868.88277111575,1793.138427734375,0.0
stagekv_sync_r1,sync,1,4096,1,7,decode_steady,16,1620.640380308032,1620.6285400390625,0.0
stagekv_sync_r1,sync,1,4096,1,8,decode_steady,15,1701.4310378581285,1701.41796875,0.0
stagekv_sync_r1,sync,1,4096,1,9,decode_steady,15,1680.5295287631452,1680.5167236328125,0.0
stagekv_sync_r1,sync,1,4096,1,10,decode_steady,4,1518.1191978044808,1518.1087646484375,0.0
stagekv_sync_r1,sync,1,4096,1,11,decode_steady,220,2782.0100798271596,2781.993896484375,0.0
stagekv_sync_r1,sync,1,4096,1,12,decode_steady,16,1197.9644242674112,1197.955078125,0.0
stagekv_sync_r1,sync,1,4096,1,13,decode_steady,15,1020.411086268723,1020.402587890625,0.0
stagekv_sync_r1,sync,1,4096,1,14,decode_steady,15,1499.18999010697,1499.1800537109375,0.0
stagekv_sync_r1,sync,1,4096,1,15,decode_steady,4,1901.3998270966113,1901.38671875,0.0
stagekv_sync_r1,sync,1,4096,1,16,decode_steady,220,2798.3326371759176,2798.316650390625,0.0
stagekv_sync_r1,sync,1,4096,1,17,decode_steady,16,1578.9085370488465,1578.778564453125,0.0
stagekv_sync_r1,sync,1,4096,1,18,decode_steady,15,1821.7724421992898,1821.750244140625,0.0
stagekv_sync_r1,sync,1,4096,1,19,decode_steady,15,1979.443583637476,1979.4278564453125,0.0
stagekv_sync_r1,sync,1,4096,1,20,decode_steady,4,2700.8022139780223,2700.78759765625,0.0
stagekv_sync_r1,sync,1,4096,1,21,decode_steady,220,2318.6009828932583,2318.587890625,0.0
stagekv_sync_r1,sync,1,4096,1,22,decode_steady,16,1782.0928283035755,1782.08056640625,0.0
stagekv_sync_r1,sync,1,4096,1,23,decode_steady,15,1503.1987051479518,1503.188232421875,0.0
stagekv_sync_r1,sync,1,4096,1,24,decode_steady,15,1397.92695408687,1397.9166259765625,0.0
stagekv_sync_r1,sync,1,4096,1,25,decode_steady,4,1299.401257187128,1299.3916015625,0.0
stagekv_sync_r1,sync,1,4096,1,26,decode_steady,220,1300.4782097414136,1300.46875,0.0
stagekv_sync_r1,sync,1,4096,1,27,decode_steady,16,1397.850260604173,1397.8409423828125,0.0
stagekv_sync_r1,sync,1,4096,1,28,decode_steady,15,1305.2757000550628,1305.266845703125,0.0
stagekv_sync_r1,sync,1,4096,1,29,decode_steady,15,1410.1212709210813,1410.0694580078125,0.0
stagekv_sync_r1,sync,1,4096,1,30,decode_steady,4,1399.5258137583733,1387.526123046875,0.0
stagekv_sync_r1,sync,1,4096,1,31,decode_steady,220,1502.119397278875,1502.1097412109375,0.0
stagekv_sync_r1,sync,1,4096,1,32,decode_steady,16,107.54679376259446,107.54252624511719,0.0
stagekv_sync_r2,sync,2,4096,1,1,prefill_ttft,220,2563.736518844962,2515.395263671875,0.0
stagekv_sync_r2,sync,2,4096,1,2,decode_first,16,2426.8920398317277,2426.859619140625,0.0
stagekv_sync_r2,sync,2,4096,1,3,decode_steady,15,2394.085784908384,2394.056640625,0.0
stagekv_sync_r2,sync,2,4096,1,4,decode_steady,15,1403.2608051784337,1403.2322998046875,0.0
stagekv_sync_r2,sync,2,4096,1,5,decode_steady,4,1197.8720747865736,1197.86083984375,0.0
stagekv_sync_r2,sync,2,4096,1,6,decode_steady,220,1699.7208148241043,1699.7095947265625,0.0
stagekv_sync_r2,sync,2,4096,1,7,decode_steady,16,2102.3081140592694,2102.295654296875,0.0
stagekv_sync_r2,sync,2,4096,1,8,decode_steady,15,1196.351245045662,1196.34326171875,0.0
stagekv_sync_r2,sync,2,4096,1,9,decode_steady,15,1002.3919898085296,1002.3843383789062,0.0
stagekv_sync_r2,sync,2,4096,1,10,decode_steady,4,1195.950928144157,1195.941650390625,0.0
stagekv_sync_r2,sync,2,4096,1,11,decode_steady,220,1199.5996399782598,1199.5904541015625,0.0
stagekv_sync_r2,sync,2,4096,1,12,decode_steady,16,1303.2602877356112,1303.2506103515625,0.0
stagekv_sync_r2,sync,2,4096,1,13,decode_steady,15,1797.047391999513,1797.033935546875,0.0
stagekv_sync_r2,sync,2,4096,1,14,decode_steady,15,1700.8447581902146,1700.8221435546875,0.0
stagekv_sync_r2,sync,2,4096,1,15,decode_steady,4,2683.3523800596595,2683.337646484375,0.0
stagekv_sync_r2,sync,2,4096,1,16,decode_steady,220,3212.7015092410147,3204.2138671875,0.0
stagekv_sync_r2,sync,2,4096,1,17,decode_steady,16,2084.3144771642983,2084.302734375,0.0
stagekv_sync_r2,sync,2,4096,1,18,decode_steady,15,1717.0878993347287,1717.0626220703125,0.0
stagekv_sync_r2,sync,2,4096,1,19,decode_steady,15,1501.2109940871596,1501.1993408203125,0.0
stagekv_sync_r2,sync,2,4096,1,20,decode_steady,4,2098.0288488790393,2098.01220703125,0.0
stagekv_sync_r2,sync,2,4096,1,21,decode_steady,220,2399.708703160286,2399.689697265625,0.0
stagekv_sync_r2,sync,2,4096,1,22,decode_steady,16,2480.0007101148367,2403.5146484375,0.0
stagekv_sync_r2,sync,2,4096,1,23,decode_steady,15,2704.875934869051,2704.861328125,0.0
stagekv_sync_r2,sync,2,4096,1,24,decode_steady,15,2597.5610241293907,2597.5439453125,0.0
stagekv_sync_r2,sync,2,4096,1,25,decode_steady,4,2616.7545402422547,2616.732666015625,0.0
stagekv_sync_r2,sync,2,4096,1,26,decode_steady,220,2083.566676825285,2083.564453125,0.0
stagekv_sync_r2,sync,2,4096,1,27,decode_steady,16,1996.0798709653318,1902.740478515625,0.0
stagekv_sync_r2,sync,2,4096,1,28,decode_steady,15,1903.7452973425388,1903.7327880859375,0.0
stagekv_sync_r2,sync,2,4096,1,29,decode_steady,15,1900.7249702699482,1900.7109375,0.0
stagekv_sync_r2,sync,2,4096,1,30,decode_steady,4,1700.0116975978017,1700.000732421875,0.0
stagekv_sync_r2,sync,2,4096,1,31,decode_steady,220,1900.9425500407815,1900.9290771484375,0.0
stagekv_sync_r2,sync,2,4096,1,32,decode_steady,16,129.9820481799543,129.97702026367188,0.0
stagekv_sync_r4,sync,4,4096,1,1,prefill_ttft,220,422.4639660678804,422.4529724121094,0.0
stagekv_sync_r4,sync,4,4096,1,2,decode_first,16,23.910709656774998,23.90630340576172,0.0
stagekv_sync_r4,sync,4,4096,1,3,decode_steady,15,23.703841026872396,23.699296951293945,0.0
stagekv_sync_r4,sync,4,4096,1,4,decode_steady,15,23.72350776568055,23.718591690063477,0.0
stagekv_sync_r4,sync,4,4096,1,5,decode_steady,4,23.62171607092023,23.61676788330078,0.0
stagekv_sync_r4,sync,4,4096,1,6,decode_steady,220,23.654809221625328,23.64998435974121,0.0
stagekv_sync_r4,sync,4,4096,1,7,decode_steady,16,23.728476837277412,23.724000930786133,0.0
stagekv_sync_r4,sync,4,4096,1,8,decode_steady,15,23.712647147476673,23.70844841003418,0.0
stagekv_sync_r4,sync,4,4096,1,9,decode_steady,15,23.64477002993226,23.640064239501953,0.0
stagekv_sync_r4,sync,4,4096,1,10,decode_steady,4,23.671188857406378,23.666688919067383,0.0
stagekv_sync_r4,sync,4,4096,1,11,decode_steady,220,23.719250224530697,23.71379280090332,0.0
stagekv_sync_r4,sync,4,4096,1,12,decode_steady,16,23.583754897117615,23.578624725341797,0.0
stagekv_sync_r4,sync,4,4096,1,13,decode_steady,15,23.660148959606886,23.655424118041992,0.0
stagekv_sync_r4,sync,4,4096,1,14,decode_steady,15,23.97140534594655,23.966720581054688,0.0
stagekv_sync_r4,sync,4,4096,1,15,decode_steady,4,23.663985077291727,23.65951919555664,0.0
stagekv_sync_r4,sync,4,4096,1,16,decode_steady,220,23.758484050631523,23.75369644165039,0.0
stagekv_sync_r4,sync,4,4096,1,17,decode_steady,16,23.6533060669899,23.648256301879883,0.0
stagekv_sync_r4,sync,4,4096,1,18,decode_steady,15,23.833103943616152,23.827455520629883,0.0
stagekv_sync_r4,sync,4,4096,1,19,decode_steady,15,23.696045856922865,23.69126319885254,0.0
stagekv_sync_r4,sync,4,4096,1,20,decode_steady,4,23.994888179004192,23.989248275756836,0.0
stagekv_sync_r4,sync,4,4096,1,21,decode_steady,220,23.933683056384325,23.92780876159668,0.0
stagekv_sync_r4,sync,4,4096,1,22,decode_steady,16,23.967135697603226,23.961599349975586,0.0
stagekv_sync_r4,sync,4,4096,1,23,decode_steady,15,23.93648773431778,23.929855346679688,0.0
stagekv_sync_r4,sync,4,4096,1,24,decode_steady,15,23.986993823200464,23.982080459594727,0.0
stagekv_sync_r4,sync,4,4096,1,25,decode_steady,4,24.024984799325466,24.019968032836914,0.0
stagekv_sync_r4,sync,4,4096,1,26,decode_steady,220,23.979298770427704,23.97475242614746,0.0
stagekv_sync_r4,sync,4,4096,1,27,decode_steady,16,23.957087192684412,23.95238494873047,0.0
stagekv_sync_r4,sync,4,4096,1,28,decode_steady,15,24.00216180831194,23.997440338134766,0.0
stagekv_sync_r4,sync,4,4096,1,29,decode_steady,15,24.145732168108225,24.14080047607422,0.0
stagekv_sync_r4,sync,4,4096,1,30,decode_steady,4,24.017862044274807,24.012800216674805,0.0
stagekv_sync_r4,sync,4,4096,1,31,decode_steady,220,24.1980510763824,24.192096710205078,0.0
stagekv_sync_r4,sync,4,4096,1,32,decode_steady,16,24.030955974012613,24.026111602783203,0.0
stagekv_async_r0,async,0,4096,1,1,prefill_ttft,220,3121.349514927715,3121.333251953125,0.0
stagekv_async_r0,async,0,4096,1,2,decode_first,16,2465.3675947338343,2395.102294921875,2279.7482491135597
stagekv_async_r0,async,0,4096,1,3,decode_steady,15,2799.4630630128086,2727.75146484375,2219.5871608257294
stagekv_async_r0,async,0,4096,1,4,decode_steady,15,1919.9885851703584,1919.9754638671875,1730.8390071988106
stagekv_async_r0,async,0,4096,1,5,decode_steady,4,1899.0380889736116,1899.0244140625,1707.2672780752182
stagekv_async_r0,async,0,4096,1,6,decode_steady,220,1899.9755969271064,1899.96337890625,1579.0034428238869
stagekv_async_r0,async,0,4096,1,7,decode_steady,16,1698.4439110383391,1698.4317626953125,1415.0889312028885
stagekv_async_r0,async,0,4096,1,8,decode_steady,15,3000.965192914009,3000.947998046875,2716.585432589054
stagekv_async_r0,async,0,4096,1,9,decode_steady,15,3079.772491939366,3079.7568359375,2799.898238658905
stagekv_async_r0,async,0,4096,1,10,decode_steady,4,3317.835232708603,3317.818359375,3080.3199541568756
stagekv_async_r0,async,0,4096,1,11,decode_steady,220,2891.5191339328885,2891.501953125,2360.8698654174805
stagekv_async_r0,async,0,4096,1,12,decode_steady,16,3497.300853021443,3497.28369140625,3220.568186044693
stagekv_async_r0,async,0,4096,1,13,decode_steady,15,2699.472846928984,2699.45849609375,2330.699633359909
stagekv_async_r0,async,0,4096,1,14,decode_steady,15,2720.5099910497665,2720.49560546875,2445.6607649326324
stagekv_async_r0,async,0,4096,1,15,decode_steady,4,2219.0352589823306,2219.022216796875,1976.9774680137634
stagekv_async_r0,async,0,4096,1,16,decode_steady,220,2377.3027500137687,2301.69677734375,2088.554685473442
stagekv_async_r0,async,0,4096,1,17,decode_steady,16,2895.189112983644,2895.1728515625,2568.316599726677
stagekv_async_r0,async,0,4096,1,18,decode_steady,15,4215.43948771432,4215.4208984375,4176.244349002838
stagekv_async_r0,async,0,4096,1,19,decode_steady,15,2581.5614298917353,2581.548095703125,2468.336960196495
stagekv_async_r0,async,0,4096,1,20,decode_steady,4,1879.210284911096,1879.19873046875,1549.695617377758
stagekv_async_r0,async,0,4096,1,21,decode_steady,220,2301.900257822126,2301.879150390625,1783.109849512577
stagekv_async_r0,async,0,4096,1,22,decode_steady,16,1692.4739070236683,1681.19189453125,1629.638163626194
stagekv_async_r0,async,0,4096,1,23,decode_steady,15,1581.9570920430124,1581.94580078125,1073.6260205507278
stagekv_async_r0,async,0,4096,1,24,decode_steady,15,1998.7981207668781,1987.0556640625,1755.8645310401917
stagekv_async_r0,async,0,4096,1,25,decode_steady,4,1582.6298999600112,1582.61962890625,1264.047568678856
stagekv_async_r0,async,0,4096,1,26,decode_steady,220,2294.7972817346454,2294.782958984375,1842.4360342621803
stagekv_async_r0,async,0,4096,1,27,decode_steady,16,2197.712198831141,2197.699462890625,1935.418497622013
stagekv_async_r0,async,0,4096,1,28,decode_steady,15,1986.5719308145344,1986.5589599609375,1562.3258192539215
stagekv_async_r0,async,0,4096,1,29,decode_steady,15,1707.872232887894,1707.8558349609375,1007.3011739253998
stagekv_async_r0,async,0,4096,1,30,decode_steady,4,1682.1095091290772,1682.0999755859375,1191.2755870819092
stagekv_async_r0,async,0,4096,1,31,decode_steady,220,1498.3787848614156,1498.366943359375,982.7413328886032
stagekv_async_r0,async,0,4096,1,32,decode_steady,16,45.54785927757621,45.54246520996094,22.969600081443787
stagekv_async_r4,async,4,4096,2,1,prefill_ttft,220,423.99522429332137,423.96856689453125,0.0
stagekv_async_r4,async,4,4096,2,2,decode_first,16,24.872547015547752,24.86774444580078,0.0
stagekv_async_r4,async,4,4096,2,3,decode_steady,15,24.23528814688325,24.229888916015625,0.0
stagekv_async_r4,async,4,4096,2,4,decode_steady,15,24.1397088393569,24.13465690612793,0.0
stagekv_async_r4,async,4,4096,2,5,decode_steady,4,24.183209985494614,24.177663803100586,0.0
stagekv_async_r4,async,4,4096,2,6,decode_steady,220,24.094913620501757,24.090496063232422,0.0
stagekv_async_r4,async,4,4096,2,7,decode_steady,16,24.10310972481966,24.09779167175293,0.0
stagekv_async_r4,async,4,4096,2,8,decode_steady,15,24.04519123956561,24.040447235107422,0.0
stagekv_async_r4,async,4,4096,2,9,decode_steady,15,24.139036890119314,24.1343994140625,0.0
stagekv_async_r4,async,4,4096,2,10,decode_steady,4,24.135340005159378,24.13055992126465,0.0
stagekv_async_r4,async,4,4096,2,11,decode_steady,220,24.15126981213689,24.146656036376953,0.0
stagekv_async_r4,async,4,4096,2,12,decode_steady,16,24.007189087569714,24.002208709716797,0.0
stagekv_async_r4,async,4,4096,2,13,decode_steady,15,24.284299928694963,24.27801513671875,0.0
stagekv_async_r4,async,4,4096,2,14,decode_steady,15,24.13042075932026,24.12505531311035,0.0
stagekv_async_r4,async,4,4096,2,15,decode_steady,4,24.09793995320797,24.09267234802246,0.0
stagekv_async_r4,async,4,4096,2,16,decode_steady,220,24.044860154390335,24.039775848388672,0.0
stagekv_async_r4,async,4,4096,2,17,decode_steady,16,24.099071975797415,24.093408584594727,0.0
stagekv_async_r4,async,4,4096,2,18,decode_steady,15,23.99243088439107,23.98736000061035,0.0
stagekv_async_r4,async,4,4096,2,19,decode_steady,15,24.299959652125835,24.29542350769043,0.0
stagekv_async_r4,async,4,4096,2,20,decode_steady,4,24.398005101829767,24.392704010009766,0.0
stagekv_async_r4,async,4,4096,2,21,decode_steady,220,24.423663038760424,24.418304443359375,0.0
stagekv_async_r4,async,4,4096,2,22,decode_steady,16,24.377556052058935,24.3723201751709,0.0
stagekv_async_r4,async,4,4096,2,23,decode_steady,15,24.37155367806554,24.366079330444336,0.0
stagekv_async_r4,async,4,4096,2,24,decode_steady,15,24.272076785564423,24.2675838470459,0.0
stagekv_async_r4,async,4,4096,2,25,decode_steady,4,24.627847131341696,24.622079849243164,0.0
stagekv_async_r4,async,4,4096,2,26,decode_steady,220,24.36694595962763,24.361984252929688,0.0
stagekv_async_r4,async,4,4096,2,27,decode_steady,16,24.339323863387108,24.333311080932617,0.0
stagekv_async_r4,async,4,4096,2,28,decode_steady,15,24.381502997130156,24.376319885253906,0.0
stagekv_async_r4,async,4,4096,2,29,decode_steady,15,24.45122506469488,24.445951461791992,0.0
stagekv_async_r4,async,4,4096,2,30,decode_steady,4,24.335546884685755,24.33020782470703,0.0
stagekv_async_r4,async,4,4096,2,31,decode_steady,220,24.43985315039754,24.434688568115234,0.0
stagekv_async_r4,async,4,4096,2,32,decode_steady,16,24.310708977282047,24.3056640625,0.0
standard,standard,,4096,2,1,prefill_ttft,220,410.0107070989907,409.9953308105469,0.0
standard,standard,,4096,2,2,decode_first,16,21.771944127976894,21.765920639038086,0.0
standard,standard,,4096,2,3,decode_steady,15,21.046309731900692,21.041088104248047,0.0
standard,standard,,4096,2,4,decode_steady,15,20.999552216380835,20.994848251342773,0.0
standard,standard,,4096,2,5,decode_steady,4,21.042692940682173,21.0380802154541,0.0
standard,standard,,4096,2,6,decode_steady,220,21.005321759730577,20.999168395996094,0.0
standard,standard,,4096,2,7,decode_steady,16,20.97000600770116,20.964351654052734,0.0
standard,standard,,4096,2,8,decode_steady,15,20.96850285306573,20.962528228759766,0.0
standard,standard,,4096,2,9,decode_steady,15,20.974735263735056,20.969472885131836,0.0
standard,standard,,4096,2,10,decode_steady,4,20.98085591569543,20.975616455078125,0.0
standard,standard,,4096,2,11,decode_steady,220,20.962612237781286,20.958080291748047,0.0
standard,standard,,4096,2,12,decode_steady,16,20.98361123353243,20.978559494018555,0.0
standard,standard,,4096,2,13,decode_steady,15,20.97087725996971,20.965343475341797,0.0
standard,standard,,4096,2,14,decode_steady,15,20.98207827657461,20.976640701293945,0.0
standard,standard,,4096,2,15,decode_steady,4,20.986116025596857,20.980735778808594,0.0
standard,standard,,4096,2,16,decode_steady,220,20.984201692044735,20.979711532592773,0.0
standard,standard,,4096,2,17,decode_steady,16,20.96918411552906,20.96406364440918,0.0
standard,standard,,4096,2,18,decode_steady,15,20.98805969581008,20.981760025024414,0.0
standard,standard,,4096,2,19,decode_steady,15,20.983672235161066,20.978559494018555,0.0
standard,standard,,4096,2,20,decode_steady,4,21.003769244998693,20.999008178710938,0.0
standard,standard,,4096,2,21,decode_steady,220,20.994883030653,20.989696502685547,0.0
standard,standard,,4096,2,22,decode_steady,16,20.999351050704718,20.994047164916992,0.0
standard,standard,,4096,2,23,decode_steady,15,20.986938383430243,20.980735778808594,0.0
standard,standard,,4096,2,24,decode_steady,15,20.983981899917126,20.977664947509766,0.0
standard,standard,,4096,2,25,decode_steady,4,20.994021091610193,20.9815673828125,0.0
standard,standard,,4096,2,26,decode_steady,220,20.987919066101313,20.98271942138672,0.0
standard,standard,,4096,2,27,decode_steady,16,20.990504883229733,20.984832763671875,0.0
standard,standard,,4096,2,28,decode_steady,15,20.97339229658246,20.967519760131836,0.0
standard,standard,,4096,2,29,decode_steady,15,20.98675724118948,20.980735778808594,0.0
standard,standard,,4096,2,30,decode_steady,4,20.97575692459941,20.970304489135742,0.0
standard,standard,,4096,2,31,decode_steady,220,20.98134672269225,20.975616455078125,0.0
standard,standard,,4096,2,32,decode_steady,16,20.982608664780855,20.977664947509766,0.0
stagekv_sync_r0,sync,0,4096,2,1,prefill_ttft,220,3421.2080370634794,3421.1904296875,0.0
stagekv_sync_r0,sync,0,4096,2,2,decode_first,16,1787.1109209954739,1787.09814453125,0.0
stagekv_sync_r0,sync,0,4096,2,3,decode_steady,15,1302.70282831043,1302.69189453125,0.0
stagekv_sync_r0,sync,0,4096,2,4,decode_steady,15,1493.9128728583455,1401.1412353515625,0.0
stagekv_sync_r0,sync,0,4096,2,5,decode_steady,4,1902.8711221180856,1902.8604736328125,0.0
stagekv_sync_r0,sync,0,4096,2,6,decode_steady,220,1596.742995083332,1503.786865234375,0.0
stagekv_sync_r0,sync,0,4096,2,7,decode_steady,16,1603.8891351781785,1603.879638671875,0.0
stagekv_sync_r0,sync,0,4096,2,8,decode_steady,15,1304.9517860636115,1304.9415283203125,0.0
stagekv_sync_r0,sync,0,4096,2,9,decode_steady,15,1593.8983759842813,1593.887939453125,0.0
stagekv_sync_r0,sync,0,4096,2,10,decode_steady,4,2000.8481619879603,2000.8365478515625,0.0
stagekv_sync_r0,sync,0,4096,2,11,decode_steady,220,1499.5400770567358,1499.530029296875,0.0
stagekv_sync_r0,sync,0,4096,2,12,decode_steady,16,1400.3442018292844,1400.3341064453125,0.0
stagekv_sync_r0,sync,0,4096,2,13,decode_steady,15,1599.9002419412136,1599.890380859375,0.0
stagekv_sync_r0,sync,0,4096,2,14,decode_steady,15,1698.895974084735,1698.8846435546875,0.0
stagekv_sync_r0,sync,0,4096,2,15,decode_steady,4,1404.0291463024914,1404.0186767578125,0.0
stagekv_sync_r0,sync,0,4096,2,16,decode_steady,220,1697.4685732275248,1697.4571533203125,0.0
stagekv_sync_r0,sync,0,4096,2,17,decode_steady,16,1403.0445590615273,1403.03466796875,0.0
stagekv_sync_r0,sync,0,4096,2,18,decode_steady,15,1494.749075267464,1494.7398681640625,0.0
stagekv_sync_r0,sync,0,4096,2,19,decode_steady,15,1515.4921310022473,1515.43603515625,0.0
stagekv_sync_r0,sync,0,4096,2,20,decode_steady,4,1485.832218080759,1485.822265625,0.0
stagekv_sync_r0,sync,0,4096,2,21,decode_steady,220,1499.0947521291673,1499.0848388671875,0.0
stagekv_sync_r0,sync,0,4096,2,22,decode_steady,16,1499.3277369067073,1499.31005859375,0.0
stagekv_sync_r0,sync,0,4096,2,23,decode_steady,15,1504.3095662258565,1504.298828125,0.0
stagekv_sync_r0,sync,0,4096,2,24,decode_steady,15,1399.0113739855587,1398.9949951171875,0.0
stagekv_sync_r0,sync,0,4096,2,25,decode_steady,4,1513.2838212884963,1513.2733154296875,0.0
stagekv_sync_r0,sync,0,4096,2,26,decode_steady,220,1483.3254260011017,1483.3150634765625,0.0
stagekv_sync_r0,sync,0,4096,2,27,decode_steady,16,1602.806129027158,1602.7945556640625,0.0
stagekv_sync_r0,sync,0,4096,2,28,decode_steady,15,1498.4404928982258,1498.421142578125,0.0
stagekv_sync_r0,sync,0,4096,2,29,decode_steady,15,1398.390956223011,1398.381591796875,0.0
stagekv_sync_r0,sync,0,4096,2,30,decode_steady,4,2404.653520323336,2404.640869140625,0.0
stagekv_sync_r0,sync,0,4096,2,31,decode_steady,220,2196.140138898045,2196.126708984375,0.0
stagekv_sync_r0,sync,0,4096,2,32,decode_steady,16,54.99843182042241,54.99388885498047,0.0
stagekv_sync_r1,sync,1,4096,2,1,prefill_ttft,220,2551.2732290662825,2551.26025390625,0.0
stagekv_sync_r1,sync,1,4096,2,2,decode_first,16,891.4660266600549,891.459228515625,0.0
stagekv_sync_r1,sync,1,4096,2,3,decode_steady,15,899.1771512664855,899.1685180664062,0.0
stagekv_sync_r1,sync,1,4096,2,4,decode_steady,15,994.8439686559141,994.8364868164062,0.0
stagekv_sync_r1,sync,1,4096,2,5,decode_steady,4,802.6317865587771,802.6234741210938,0.0
stagekv_sync_r1,sync,1,4096,2,6,decode_steady,220,1199.7003918513656,1199.691650390625,0.0
stagekv_sync_r1,sync,1,4096,2,7,decode_steady,16,1097.374484874308,1097.364501953125,0.0
stagekv_sync_r1,sync,1,4096,2,8,decode_steady,15,999.1825348697603,999.17431640625,0.0
stagekv_sync_r1,sync,1,4096,2,9,decode_steady,15,1297.8868838399649,1297.8544921875,0.0
stagekv_sync_r1,sync,1,4096,2,10,decode_steady,4,1100.835690740496,1100.82763671875,0.0
stagekv_sync_r1,sync,1,4096,2,11,decode_steady,220,1003.4873783588409,1003.4779052734375,0.0
stagekv_sync_r1,sync,1,4096,2,12,decode_steady,16,998.9303862676024,998.921875,0.0
stagekv_sync_r1,sync,1,4096,2,13,decode_steady,15,1297.2696973010898,1297.258544921875,0.0
stagekv_sync_r1,sync,1,4096,2,14,decode_steady,15,1100.8693790063262,1100.8602294921875,0.0
stagekv_sync_r1,sync,1,4096,2,15,decode_steady,4,1004.0687769651413,1004.0594482421875,0.0
stagekv_sync_r1,sync,1,4096,2,16,decode_steady,220,2498.21879575029,2498.20068359375,0.0
stagekv_sync_r1,sync,1,4096,2,17,decode_steady,16,2201.5783530659974,2201.545654296875,0.0
stagekv_sync_r1,sync,1,4096,2,18,decode_steady,15,2899.0149907767773,2898.9970703125,0.0
stagekv_sync_r1,sync,1,4096,2,19,decode_steady,15,2495.3517629764974,2495.33740234375,0.0
stagekv_sync_r1,sync,1,4096,2,20,decode_steady,4,2505.130529869348,2505.114501953125,0.0
stagekv_sync_r1,sync,1,4096,2,21,decode_steady,220,3097.8791839443147,3097.862060546875,0.0
stagekv_sync_r1,sync,1,4096,2,22,decode_steady,16,1971.916798967868,1971.90234375,0.0
stagekv_sync_r1,sync,1,4096,2,23,decode_steady,15,2819.478476885706,2819.461181640625,0.0
stagekv_sync_r1,sync,1,4096,2,24,decode_steady,15,1704.3267344124615,1704.3138427734375,0.0
stagekv_sync_r1,sync,1,4096,2,25,decode_steady,4,1695.4079335555434,1619.272705078125,0.0
stagekv_sync_r1,sync,1,4096,2,26,decode_steady,220,1399.6055191382766,1323.0009765625,0.0
stagekv_sync_r1,sync,1,4096,2,27,decode_steady,16,1703.2371326349676,1703.2274169921875,0.0
stagekv_sync_r1,sync,1,4096,2,28,decode_steady,15,2199.3730696849525,2199.3583984375,0.0
stagekv_sync_r1,sync,1,4096,2,29,decode_steady,15,1201.0111552663147,1201.00244140625,0.0
stagekv_sync_r1,sync,1,4096,2,30,decode_steady,4,1401.524730026722,1401.5140380859375,0.0
stagekv_sync_r1,sync,1,4096,2,31,decode_steady,220,1096.1116403341293,1096.1029052734375,0.0
stagekv_sync_r1,sync,1,4096,2,32,decode_steady,16,38.3855109103024,38.37849426269531,0.0
stagekv_sync_r2,sync,2,4096,2,1,prefill_ttft,220,1597.0679707825184,1530.082275390625,0.0
stagekv_sync_r2,sync,2,4096,2,2,decode_first,16,1017.6673890091479,1007.1456909179688,0.0
stagekv_sync_r2,sync,2,4096,2,3,decode_steady,15,1087.0693465694785,1087.0609130859375,0.0
stagekv_sync_r2,sync,2,4096,2,4,decode_steady,15,2012.6376282423735,2001.2738037109375,0.0
stagekv_sync_r2,sync,2,4096,2,5,decode_steady,4,1181.1787700280547,1088.2742919921875,0.0
stagekv_sync_r2,sync,2,4096,2,6,decode_steady,220,906.8841161206365,906.8779296875,0.0
stagekv_sync_r2,sync,2,4096,2,7,decode_steady,16,897.5109439343214,897.5025634765625,0.0
stagekv_sync_r2,sync,2,4096,2,8,decode_steady,15,1700.8986161090434,1700.8885498046875,0.0
stagekv_sync_r2,sync,2,4096,2,9,decode_steady,15,1596.863348968327,1596.853271484375,0.0
stagekv_sync_r2,sync,2,4096,2,10,decode_steady,4,1000.133887398988,1000.1264038085938,0.0
stagekv_sync_r2,sync,2,4096,2,11,decode_steady,220,904.7134579159319,904.7039794921875,0.0
stagekv_sync_r2,sync,2,4096,2,12,decode_steady,16,1593.6360945925117,1593.626708984375,0.0
stagekv_sync_r2,sync,2,4096,2,13,decode_steady,15,1098.4096149913967,1005.3280639648438,0.0
stagekv_sync_r2,sync,2,4096,2,14,decode_steady,15,720.5176339484751,720.51171875,0.0
stagekv_sync_r2,sync,2,4096,2,15,decode_steady,4,879.1743363253772,786.0028076171875,0.0
stagekv_sync_r2,sync,2,4096,2,16,decode_steady,220,905.6157586164773,905.607177734375,0.0
stagekv_sync_r2,sync,2,4096,2,17,decode_steady,16,1596.6078848578036,1596.5972900390625,0.0
stagekv_sync_r2,sync,2,4096,2,18,decode_steady,15,1500.4843529313803,1500.46923828125,0.0
stagekv_sync_r2,sync,2,4096,2,19,decode_steady,15,1802.018181886524,1802.0003662109375,0.0
stagekv_sync_r2,sync,2,4096,2,20,decode_steady,4,1099.600053858012,1099.5906982421875,0.0
stagekv_sync_r2,sync,2,4096,2,21,decode_steady,220,1098.0222458019853,1098.0128173828125,0.0
stagekv_sync_r2,sync,2,4096,2,22,decode_steady,16,1101.836368907243,1101.8275146484375,0.0
stagekv_sync_r2,sync,2,4096,2,23,decode_steady,15,996.7427840456367,996.7340087890625,0.0
stagekv_sync_r2,sync,2,4096,2,24,decode_steady,15,1200.7152391597629,1200.7044677734375,0.0
stagekv_sync_r2,sync,2,4096,2,25,decode_steady,4,1202.8245883993804,1202.8153076171875,0.0
stagekv_sync_r2,sync,2,4096,2,26,decode_steady,220,1002.4431222118437,1002.4314575195312,0.0
stagekv_sync_r2,sync,2,4096,2,27,decode_steady,16,997.1255911514163,997.1177368164062,0.0
stagekv_sync_r2,sync,2,4096,2,28,decode_steady,15,1398.7521450035274,1398.65283203125,0.0
stagekv_sync_r2,sync,2,4096,2,29,decode_steady,15,1816.2927809171379,1816.28173828125,0.0
stagekv_sync_r2,sync,2,4096,2,30,decode_steady,4,1582.2644312866032,1582.251953125,0.0
stagekv_sync_r2,sync,2,4096,2,31,decode_steady,220,2800.0805219635367,2800.0625,0.0
stagekv_sync_r2,sync,2,4096,2,32,decode_steady,16,34.04411440715194,34.03878402709961,0.0
stagekv_sync_r4,sync,4,4096,2,1,prefill_ttft,220,427.12402110919356,427.0715026855469,0.0
stagekv_sync_r4,sync,4,4096,2,2,decode_first,16,28.021725825965405,28.01759910583496,0.0
stagekv_sync_r4,sync,4,4096,2,3,decode_steady,15,26.199469342827797,26.19388771057129,0.0
stagekv_sync_r4,sync,4,4096,2,4,decode_steady,15,26.080205105245113,26.075071334838867,0.0
stagekv_sync_r4,sync,4,4096,2,5,decode_steady,4,26.1238357052207,26.11814308166504,0.0
stagekv_sync_r4,sync,4,4096,2,6,decode_steady,220,26.305288076400757,26.300416946411133,0.0
stagekv_sync_r4,sync,4,4096,2,7,decode_steady,16,26.399074122309685,26.39142417907715,0.0
stagekv_sync_r4,sync,4,4096,2,8,decode_steady,15,26.392361149191856,26.3874568939209,0.0
stagekv_sync_r4,sync,4,4096,2,9,decode_steady,15,26.35010192170739,26.345216751098633,0.0
stagekv_sync_r4,sync,4,4096,2,10,decode_steady,4,26.446163188666105,26.44086456298828,0.0
stagekv_sync_r4,sync,4,4096,2,11,decode_steady,220,26.42246801406145,26.417152404785156,0.0
stagekv_sync_r4,sync,4,4096,2,12,decode_steady,16,26.31118893623352,26.3055362701416,0.0
stagekv_sync_r4,sync,4,4096,2,13,decode_steady,15,26.381411124020815,26.376192092895508,0.0
stagekv_sync_r4,sync,4,4096,2,14,decode_steady,15,26.422749273478985,26.417152404785156,0.0
stagekv_sync_r4,sync,4,4096,2,15,decode_steady,4,26.451783254742622,26.445568084716797,0.0
stagekv_sync_r4,sync,4,4096,2,16,decode_steady,220,26.41024487093091,26.404863357543945,0.0
stagekv_sync_r4,sync,4,4096,2,17,decode_steady,16,26.395257096737623,26.39049530029297,0.0
stagekv_sync_r4,sync,4,4096,2,18,decode_steady,15,26.503371074795723,26.4979190826416,0.0
stagekv_sync_r4,sync,4,4096,2,19,decode_steady,15,26.35528100654483,26.34934425354004,0.0
stagekv_sync_r4,sync,4,4096,2,20,decode_steady,4,26.39392390847206,26.3874568939209,0.0
stagekv_sync_r4,sync,4,4096,2,21,decode_steady,220,26.32469404488802,26.31977653503418,0.0
stagekv_sync_r4,sync,4,4096,2,22,decode_steady,16,26.37416683137417,26.368160247802734,0.0
stagekv_sync_r4,sync,4,4096,2,23,decode_steady,15,26.35532198473811,26.35036849975586,0.0
stagekv_sync_r4,sync,4,4096,2,24,decode_steady,15,26.359368581324816,26.354368209838867,0.0
stagekv_sync_r4,sync,4,4096,2,25,decode_steady,4,26.389617007225752,26.384384155273438,0.0
stagekv_sync_r4,sync,4,4096,2,26,decode_steady,220,26.344682089984417,26.34003257751465,0.0
stagekv_sync_r4,sync,4,4096,2,27,decode_steady,16,26.38523792847991,26.37926483154297,0.0
stagekv_sync_r4,sync,4,4096,2,28,decode_steady,15,26.486970018595457,26.481599807739258,0.0
stagekv_sync_r4,sync,4,4096,2,29,decode_steady,15,26.33759891614318,26.33216094970703,0.0
stagekv_sync_r4,sync,4,4096,2,30,decode_steady,4,26.431736070662737,26.426271438598633,0.0
stagekv_sync_r4,sync,4,4096,2,31,decode_steady,220,26.399916037917137,26.394655227661133,0.0
stagekv_sync_r4,sync,4,4096,2,32,decode_steady,16,26.38290310278535,26.377216339111328,0.0
stagekv_async_r0,async,0,4096,2,1,prefill_ttft,220,3467.080740723759,3467.069091796875,0.0
stagekv_async_r0,async,0,4096,2,2,decode_first,16,3487.3597524128854,3487.341552734375,3223.6308892965317
stagekv_async_r0,async,0,4096,2,3,decode_steady,15,2597.86785999313,2597.854248046875,2466.7803398370743
stagekv_async_r0,async,0,4096,2,4,decode_steady,15,3103.03659318015,3103.02197265625,2687.2838386297226
stagekv_async_r0,async,0,4096,2,5,decode_steady,4,2695.121397729963,2695.105712890625,2477.937054514885
stagekv_async_r0,async,0,4096,2,6,decode_steady,220,2800.084964837879,2800.069580078125,2576.055167198181
stagekv_async_r0,async,0,4096,2,7,decode_steady,16,3103.5412666387856,3103.520751953125,2962.8043913841248
stagekv_async_r0,async,0,4096,2,8,decode_steady,15,4896.19778515771,4896.1728515625,4430.489087462425
stagekv_async_r0,async,0,4096,2,9,decode_steady,15,3496.813664678484,3496.7919921875,3207.515914440155
stagekv_async_r0,async,0,4096,2,10,decode_steady,4,2695.982316043228,2695.9677734375,2369.7109627723694
stagekv_async_r0,async,0,4096,2,11,decode_steady,220,2321.615071967244,2321.6025390625,1961.2458599805832
stagekv_async_r0,async,0,4096,2,12,decode_steady,16,2390.7810100354254,2390.767578125,2164.2644827365875
stagekv_async_r0,async,0,4096,2,13,decode_steady,15,3298.7718880176544,3298.75341796875,2934.068307518959
stagekv_async_r0,async,0,4096,2,14,decode_steady,15,2796.611220110208,2796.59716796875,2446.2739313840866
stagekv_async_r0,async,0,4096,2,15,decode_steady,4,3396.2204279378057,3396.202392578125,2737.704576730728
stagekv_async_r0,async,0,4096,2,16,decode_steady,220,5279.331367928535,5279.302734375,4958.346167206764
stagekv_async_r0,async,0,4096,2,17,decode_steady,16,4817.490256857127,4817.46630859375,4665.65441763401
stagekv_async_r0,async,0,4096,2,18,decode_steady,15,4302.57353419438,4302.55419921875,4150.319265127182
stagekv_async_r0,async,0,4096,2,19,decode_steady,15,3184.247145894915,3184.2314453125,2898.728961586952
stagekv_async_r0,async,0,4096,2,20,decode_steady,4,2408.133516088128,2408.1201171875,2330.471366047859
stagekv_async_r0,async,0,4096,2,21,decode_steady,220,3199.858733918518,3199.805419921875,2914.308680534363
stagekv_async_r0,async,0,4096,2,22,decode_steady,16,2804.832781665027,2804.81787109375,2731.986997485161
stagekv_async_r0,async,0,4096,2,23,decode_steady,15,2706.7979387938976,2706.779541015625,2661.631888628006
stagekv_async_r0,async,0,4096,2,24,decode_steady,15,2790.7683779485524,2790.75439453125,2517.7902480363846
stagekv_async_r0,async,0,4096,2,25,decode_steady,4,3198.405130300671,3198.38818359375,3125.326370716095
stagekv_async_r0,async,0,4096,2,26,decode_steady,220,2885.5771739035845,2885.559326171875,2754.049091696739
stagekv_async_r0,async,0,4096,2,27,decode_steady,16,4516.042445786297,4505.77734375,4284.4820601940155
stagekv_async_r0,async,0,4096,2,28,decode_steady,15,2707.554335705936,2707.537841796875,2633.3247710466385
stagekv_async_r0,async,0,4096,2,29,decode_steady,15,2904.519386123866,2904.502197265625,2747.346969127655
stagekv_async_r0,async,0,4096,2,30,decode_steady,4,3073.613737244159,3073.594482421875,2915.1462684869766
stagekv_async_r0,async,0,4096,2,31,decode_steady,220,3019.206187222153,3011.99267578125,2753.2677179574966
stagekv_async_r0,async,0,4096,2,32,decode_steady,16,104.97123189270496,104.965087890625,21.628448098897934
stagekv_async_r1,async,1,4096,2,1,prefill_ttft,220,2386.5254931151867,2386.512939453125,0.0
stagekv_async_r1,async,1,4096,2,2,decode_first,16,1889.0980794094503,1889.080322265625,1813.9759680777788
stagekv_async_r1,async,1,4096,2,3,decode_steady,15,2399.4491742923856,2399.431640625,2264.819366708398
stagekv_async_r1,async,1,4096,2,4,decode_steady,15,2101.3983390294015,2101.38720703125,1869.6844666451216
stagekv_async_r1,async,1,4096,2,5,decode_steady,4,2379.1515100747347,2379.135986328125,2132.1900827884674
stagekv_async_r1,async,1,4096,2,6,decode_steady,220,1806.9647490046918,1806.95654296875,1749.6811399161816
stagekv_async_r1,async,1,4096,2,7,decode_steady,16,1297.8618410415947,1297.8514404296875,951.0677775591612
stagekv_async_r1,async,1,4096,2,8,decode_steady,15,1494.0927922725677,1494.081298828125,1196.3152504265308
stagekv_async_r1,async,1,4096,2,9,decode_steady,15,2501.0259370319545,2501.01025390625,2143.0883450955153
stagekv_async_r1,async,1,4096,2,10,decode_steady,4,1296.7310398817062,1296.7198486328125,1169.9576856195927
stagekv_async_r1,async,1,4096,2,11,decode_steady,220,1897.861015982926,1897.8468017578125,1599.8145737946033
stagekv_async_r1,async,1,4096,2,12,decode_steady,16,1377.082892227918,1301.36572265625,1071.1675524562597
stagekv_async_r1,async,1,4096,2,13,decode_steady,15,1198.2617718167603,1122.651123046875,999.5052810311317
stagekv_async_r1,async,1,4096,2,14,decode_steady,15,1303.1473038718104,1303.1268310546875,1143.5846344083548
stagekv_async_r1,async,1,4096,2,15,decode_steady,4,2501.566427759826,2501.552734375,2121.290212377906
stagekv_async_r1,async,1,4096,2,16,decode_steady,220,1306.8318478763103,1299.0228271484375,842.6317756921053
stagekv_async_r1,async,1,4096,2,17,decode_steady,16,1118.14891314134,1118.139404296875,850.0913960337639
stagekv_async_r1,async,1,4096,2,18,decode_steady,15,1496.4066371321678,1496.394775390625,1147.8843920081854
stagekv_async_r1,async,1,4096,2,19,decode_steady,15,1677.2871548309922,1601.822509765625,1399.4276325851679
stagekv_async_r1,async,1,4096,2,20,decode_steady,4,1319.228378124535,1319.2188720703125,1027.8657226115465
stagekv_async_r1,async,1,4096,2,21,decode_steady,220,1406.4507349394262,1406.4405517578125,1243.2263988554478
stagekv_async_r1,async,1,4096,2,22,decode_steady,16,1310.4113331064582,1310.382080078125,996.3106437623501
stagekv_async_r1,async,1,4096,2,23,decode_steady,15,1598.5106667503715,1598.49560546875,1273.4945203512907
stagekv_async_r1,async,1,4096,2,24,decode_steady,15,1674.8924725688994,1599.067138671875,1123.335580483079
stagekv_async_r1,async,1,4096,2,25,decode_steady,4,1618.518594186753,1618.5015869140625,1312.4880291819572
stagekv_async_r1,async,1,4096,2,26,decode_steady,220,1574.7345029376447,1574.7242431640625,1050.209183782339
stagekv_async_r1,async,1,4096,2,27,decode_steady,16,1697.3181637004018,1697.306640625,1008.9146225601435
stagekv_async_r1,async,1,4096,2,28,decode_steady,15,2315.6412257812917,2315.616455078125,1852.451964020729
stagekv_async_r1,async,1,4096,2,29,decode_steady,15,2218.317066319287,2218.300537109375,2062.022094041109
stagekv_async_r1,async,1,4096,2,30,decode_steady,4,2104.1806461289525,2104.164306640625,2011.6913643926382
stagekv_async_r1,async,1,4096,2,31,decode_steady,220,1777.8694438748062,1777.8582763671875,1323.649102911353
stagekv_async_r1,async,1,4096,2,32,decode_steady,16,36.655610892921686,36.65078353881836,12.68588799238205
stagekv_async_r2,async,2,4096,2,1,prefill_ttft,220,1947.7728810161352,1947.7618408203125,0.0
stagekv_async_r2,async,2,4096,2,2,decode_first,16,2288.587877061218,2288.575439453125,2035.798666715622
stagekv_async_r2,async,2,4096,2,3,decode_steady,15,1099.809275008738,1099.800537109375,806.9948179125786
stagekv_async_r2,async,2,4096,2,4,decode_steady,15,1396.6942089609802,1396.6827392578125,1035.9905552268028
stagekv_async_r2,async,2,4096,2,5,decode_steady,4,1002.7905227616429,1002.7813720703125,564.0224024057388
stagekv_async_r2,async,2,4096,2,6,decode_steady,220,991.7892822995782,991.7811889648438,600.6429504752159
stagekv_async_r2,async,2,4096,2,7,decode_steady,16,997.4632440134883,997.4545288085938,490.0843841433525
stagekv_async_r2,async,2,4096,2,8,decode_steady,15,1202.5064029730856,1202.4964599609375,765.0214143395424
stagekv_async_r2,async,2,4096,2,9,decode_steady,15,1182.3264569975436,1182.318359375,652.180734872818
stagekv_async_r2,async,2,4096,2,10,decode_steady,4,3112.5745200552046,3112.5595703125,2979.7572208046913
stagekv_async_r2,async,2,4096,2,11,decode_steady,220,1785.6085100211203,1785.597900390625,1496.902600288391
stagekv_async_r2,async,2,4096,2,12,decode_steady,16,1713.6968169361353,1713.685546875,1465.120935201645
stagekv_async_r2,async,2,4096,2,13,decode_steady,15,1799.9737127684057,1799.9627685546875,1189.3913927674294
stagekv_async_r2,async,2,4096,2,14,decode_steady,15,997.3197649233043,997.3114624023438,810.9456146359444
stagekv_async_r2,async,2,4096,2,15,decode_steady,4,1178.5232960246503,1102.13525390625,686.8315734267235
stagekv_async_r2,async,2,4096,2,16,decode_steady,220,1014.6452789194882,1014.6386108398438,613.0115597248077
stagekv_async_r2,async,2,4096,2,17,decode_steady,16,1197.0359408296645,1197.0274658203125,766.8667749166489
stagekv_async_r2,async,2,4096,2,18,decode_steady,15,1179.7959469258785,1179.786865234375,815.4982417821884
stagekv_async_r2,async,2,4096,2,19,decode_steady,15,1417.079840786755,1417.0697021484375,968.2607733011246
stagekv_async_r2,async,2,4096,2,20,decode_steady,4,1381.1254370957613,1381.1148681640625,1246.0792589187622
stagekv_async_r2,async,2,4096,2,21,decode_steady,220,1616.3142300210893,1616.3040771484375,1452.001496911049
stagekv_async_r2,async,2,4096,2,22,decode_steady,16,1683.0206369049847,1683.009521484375,1595.2606084346771
stagekv_async_r2,async,2,4096,2,23,decode_steady,15,2375.741083174944,2375.728271484375,2288.371742963791
stagekv_async_r2,async,2,4096,2,24,decode_steady,15,1498.6703749746084,1498.6588134765625,1276.4180911183357
stagekv_async_r2,async,2,4096,2,25,decode_steady,4,1196.6216037981212,1196.612548828125,879.857670545578
stagekv_async_r2,async,2,4096,2,26,decode_steady,220,1098.2824191451073,1098.2735595703125,662.3345365524292
stagekv_async_r2,async,2,4096,2,27,decode_steady,16,1098.6027927137911,1098.5943603515625,653.3185677528381
stagekv_async_r2,async,2,4096,2,28,decode_steady,15,1001.5104548074305,1001.501708984375,730.6379257440567
stagekv_async_r2,async,2,4096,2,29,decode_steady,15,1086.2877778708935,1086.27978515625,841.6159361600876
stagekv_async_r2,async,2,4096,2,30,decode_steady,4,1084.1005947440863,1084.095458984375,731.0629492998123
stagekv_async_r2,async,2,4096,2,31,decode_steady,220,1098.0060980655253,1097.9952392578125,625.4962538480759
stagekv_async_r2,async,2,4096,2,32,decode_steady,16,40.89267831295729,40.88729476928711,12.34044799208641
stagekv_sync_r0,sync,0,4096,3,1,prefill_ttft,220,2987.741337157786,2987.72607421875,0.0
stagekv_sync_r0,sync,0,4096,3,2,decode_first,16,1887.8200761973858,1887.8067626953125,0.0
stagekv_sync_r0,sync,0,4096,3,3,decode_steady,15,2102.3839260451496,2102.36083984375,0.0
stagekv_sync_r0,sync,0,4096,3,4,decode_steady,15,1400.6639448925853,1400.6549072265625,0.0
stagekv_sync_r0,sync,0,4096,3,5,decode_steady,4,3699.197447858751,3699.177490234375,0.0
stagekv_sync_r0,sync,0,4096,3,6,decode_steady,220,1395.1615900732577,1395.15087890625,0.0
stagekv_sync_r0,sync,0,4096,3,7,decode_steady,16,1104.2148140259087,1104.205810546875,0.0
stagekv_sync_r0,sync,0,4096,3,8,decode_steady,15,1295.406233984977,1295.3917236328125,0.0
stagekv_sync_r0,sync,0,4096,3,9,decode_steady,15,1399.6794233098626,1399.666748046875,0.0
stagekv_sync_r0,sync,0,4096,3,10,decode_steady,4,2100.028517190367,2100.01611328125,0.0
stagekv_sync_r0,sync,0,4096,3,11,decode_steady,220,2285.6720313429832,2279.603271484375,0.0
stagekv_sync_r0,sync,0,4096,3,12,decode_steady,16,1514.5860593765974,1514.576904296875,0.0
stagekv_sync_r0,sync,0,4096,3,13,decode_steady,15,1797.9842340573668,1797.971923828125,0.0
stagekv_sync_r0,sync,0,4096,3,14,decode_steady,15,3100.320692639798,3100.304443359375,0.0
stagekv_sync_r0,sync,0,4096,3,15,decode_steady,4,1399.9277208931744,1399.917724609375,0.0
stagekv_sync_r0,sync,0,4096,3,16,decode_steady,220,1499.7731819748878,1499.7635498046875,0.0
stagekv_sync_r0,sync,0,4096,3,17,decode_steady,16,2000.95578096807,2000.943115234375,0.0
stagekv_sync_r0,sync,0,4096,3,18,decode_steady,15,1400.8919298648834,1400.880126953125,0.0
stagekv_sync_r0,sync,0,4096,3,19,decode_steady,15,1300.9701832197607,1300.960205078125,0.0
stagekv_sync_r0,sync,0,4096,3,20,decode_steady,4,2907.776557840407,2899.335205078125,0.0
stagekv_sync_r0,sync,0,4096,3,21,decode_steady,220,1890.576428733766,1890.566162109375,0.0
stagekv_sync_r0,sync,0,4096,3,22,decode_steady,16,2495.8665212616324,2495.803466796875,0.0
stagekv_sync_r0,sync,0,4096,3,23,decode_steady,15,2201.917470898479,2201.9052734375,0.0
stagekv_sync_r0,sync,0,4096,3,24,decode_steady,15,1579.0440547280014,1503.0172119140625,0.0
stagekv_sync_r0,sync,0,4096,3,25,decode_steady,4,4521.94800414145,4521.9296875,0.0
stagekv_sync_r0,sync,0,4096,3,26,decode_steady,220,2377.60943826288,2301.48828125,0.0
stagekv_sync_r0,sync,0,4096,3,27,decode_steady,16,1722.3572190850973,1722.3424072265625,0.0
stagekv_sync_r0,sync,0,4096,3,28,decode_steady,15,2099.884028080851,2099.87158203125,0.0
stagekv_sync_r0,sync,0,4096,3,29,decode_steady,15,2398.7433346919715,2398.72998046875,0.0
stagekv_sync_r0,sync,0,4096,3,30,decode_steady,4,3778.5002500750124,3778.4208984375,0.0
stagekv_sync_r0,sync,0,4096,3,31,decode_steady,220,2000.8368487469852,2000.8251953125,0.0
stagekv_sync_r0,sync,0,4096,3,32,decode_steady,16,43.68367698043585,43.67670440673828,0.0
stagekv_sync_r1,sync,1,4096,3,1,prefill_ttft,220,2174.4451238773763,2174.435302734375,0.0
stagekv_sync_r1,sync,1,4096,3,2,decode_first,16,987.6731568947434,987.6654052734375,0.0
stagekv_sync_r1,sync,1,4096,3,3,decode_steady,15,1000.9944099001586,1000.986572265625,0.0
stagekv_sync_r1,sync,1,4096,3,4,decode_steady,15,897.2441158257425,897.2359619140625,0.0
stagekv_sync_r1,sync,1,4096,3,5,decode_steady,4,1296.849406324327,1280.85400390625,0.0
stagekv_sync_r1,sync,1,4096,3,6,decode_steady,220,1202.5550147518516,1202.5477294921875,0.0
stagekv_sync_r1,sync,1,4096,3,7,decode_steady,16,904.2849163524806,904.2780151367188,0.0
stagekv_sync_r1,sync,1,4096,3,8,decode_steady,15,993.9896129071712,993.981689453125,0.0
stagekv_sync_r1,sync,1,4096,3,9,decode_steady,15,990.7230688259006,990.7158813476562,0.0
stagekv_sync_r1,sync,1,4096,3,10,decode_steady,4,1289.1573463566601,1289.08984375,0.0
stagekv_sync_r1,sync,1,4096,3,11,decode_steady,220,1221.6359968297184,1221.62890625,0.0
stagekv_sync_r1,sync,1,4096,3,12,decode_steady,16,981.0208203271031,981.012451171875,0.0
stagekv_sync_r1,sync,1,4096,3,13,decode_steady,15,919.3372409790754,919.3294067382812,0.0
stagekv_sync_r1,sync,1,4096,3,14,decode_steady,15,1797.9757590219378,1797.9654541015625,0.0
stagekv_sync_r1,sync,1,4096,3,15,decode_steady,4,901.8529569730163,901.844970703125,0.0
stagekv_sync_r1,sync,1,4096,3,16,decode_steady,220,1097.584960050881,1097.5772705078125,0.0
stagekv_sync_r1,sync,1,4096,3,17,decode_steady,16,1400.9131188504398,1400.9024658203125,0.0
stagekv_sync_r1,sync,1,4096,3,18,decode_steady,15,1599.4420908391476,1599.4306640625,0.0
stagekv_sync_r1,sync,1,4096,3,19,decode_steady,15,1979.1834792122245,1979.124755859375,0.0
stagekv_sync_r1,sync,1,4096,3,20,decode_steady,4,1220.1258088462055,1220.1185302734375,0.0
stagekv_sync_r1,sync,1,4096,3,21,decode_steady,220,1002.5645610876381,1002.556396484375,0.0
stagekv_sync_r1,sync,1,4096,3,22,decode_steady,16,1776.6380291432142,1700.9368896484375,0.0
stagekv_sync_r1,sync,1,4096,3,23,decode_steady,15,1121.8813168816268,1121.8729248046875,0.0
stagekv_sync_r1,sync,1,4096,3,24,decode_steady,15,1590.6937811523676,1590.6611328125,0.0
stagekv_sync_r1,sync,1,4096,3,25,decode_steady,4,1708.996290806681,1708.9871826171875,0.0
stagekv_sync_r1,sync,1,4096,3,26,decode_steady,220,1280.8812861330807,1280.8724365234375,0.0
stagekv_sync_r1,sync,1,4096,3,27,decode_steady,16,1120.7609581761062,1120.7518310546875,0.0
stagekv_sync_r1,sync,1,4096,3,28,decode_steady,15,1279.3541620485485,1279.345703125,0.0
stagekv_sync_r1,sync,1,4096,3,29,decode_steady,15,1500.4047192633152,1500.3934326171875,0.0
stagekv_sync_r1,sync,1,4096,3,30,decode_steady,4,1514.7005249746144,1514.6566162109375,0.0
stagekv_sync_r1,sync,1,4096,3,31,decode_steady,220,2683.950209058821,2683.937744140625,0.0
stagekv_sync_r1,sync,1,4096,3,32,decode_steady,16,52.863901015371084,52.85887908935547,0.0
stagekv_sync_r2,sync,2,4096,3,1,prefill_ttft,220,2372.420024126768,2372.40869140625,0.0
stagekv_sync_r2,sync,2,4096,3,2,decode_first,16,991.9255929999053,991.9170532226562,0.0
stagekv_sync_r2,sync,2,4096,3,3,decode_steady,15,1190.715212840587,1174.229736328125,0.0
stagekv_sync_r2,sync,2,4096,3,4,decode_steady,15,1102.9499028809369,1102.9429931640625,0.0
stagekv_sync_r2,sync,2,4096,3,5,decode_steady,4,999.9349750578403,999.9277954101562,0.0
stagekv_sync_r2,sync,2,4096,3,6,decode_steady,220,999.931707046926,999.9237060546875,0.0
stagekv_sync_r2,sync,2,4096,3,7,decode_steady,16,1003.0097952112556,1003.0018310546875,0.0
stagekv_sync_r2,sync,2,4096,3,8,decode_steady,15,998.8365969620645,998.8289794921875,0.0
stagekv_sync_r2,sync,2,4096,3,9,decode_steady,15,1000.1479419879615,1000.1384887695312,0.0
stagekv_sync_r2,sync,2,4096,3,10,decode_steady,4,1099.1451838053763,1099.1370849609375,0.0
stagekv_sync_r2,sync,2,4096,3,11,decode_steady,220,994.9177037924528,902.7184448242188,0.0
stagekv_sync_r2,sync,2,4096,3,12,decode_steady,16,1102.9408518224955,1102.9329833984375,0.0
stagekv_sync_r2,sync,2,4096,3,13,decode_steady,15,978.247812949121,905.5006713867188,0.0
stagekv_sync_r2,sync,2,4096,3,14,decode_steady,15,1021.4088959619403,1021.4031372070312,0.0
stagekv_sync_r2,sync,2,4096,3,15,decode_steady,4,1100.0573178753257,1100.0484619140625,0.0
stagekv_sync_r2,sync,2,4096,3,16,decode_steady,220,1301.6432654112577,1301.6348876953125,0.0
stagekv_sync_r2,sync,2,4096,3,17,decode_steady,16,1402.0992498844862,1402.08740234375,0.0
stagekv_sync_r2,sync,2,4096,3,18,decode_steady,15,1074.3849943391979,1074.260986328125,0.0
stagekv_sync_r2,sync,2,4096,3,19,decode_steady,15,1499.4737883098423,1423.5228271484375,0.0
stagekv_sync_r2,sync,2,4096,3,20,decode_steady,4,1224.0332020446658,1224.02587890625,0.0
stagekv_sync_r2,sync,2,4096,3,21,decode_steady,220,1495.8999860100448,1495.889892578125,0.0
stagekv_sync_r2,sync,2,4096,3,22,decode_steady,16,1501.9454439170659,1501.9365234375,0.0
stagekv_sync_r2,sync,2,4096,3,23,decode_steady,15,1498.7342730164528,1498.7236328125,0.0
stagekv_sync_r2,sync,2,4096,3,24,decode_steady,15,1101.4296608045697,1101.4195556640625,0.0
stagekv_sync_r2,sync,2,4096,3,25,decode_steady,4,1101.3913182541728,1101.3834228515625,0.0
stagekv_sync_r2,sync,2,4096,3,26,decode_steady,220,1207.1200488135219,1198.7376708984375,0.0
stagekv_sync_r2,sync,2,4096,3,27,decode_steady,16,1186.7094528861344,1171.0391845703125,0.0
stagekv_sync_r2,sync,2,4096,3,28,decode_steady,15,1101.6814918257296,1101.6737060546875,0.0
stagekv_sync_r2,sync,2,4096,3,29,decode_steady,15,1600.569827016443,1600.5611572265625,0.0
stagekv_sync_r2,sync,2,4096,3,30,decode_steady,4,1278.7366239354014,1202.97265625,0.0
stagekv_sync_r2,sync,2,4096,3,31,decode_steady,220,1523.6242758110166,1523.616455078125,0.0
stagekv_sync_r2,sync,2,4096,3,32,decode_steady,16,101.7800448462367,101.77536010742188,0.0
stagekv_sync_r4,sync,4,4096,3,1,prefill_ttft,220,419.8400308378041,419.8307800292969,0.0
stagekv_sync_r4,sync,4,4096,3,2,decode_first,16,24.051183369010687,24.046592712402344,0.0
stagekv_sync_r4,sync,4,4096,3,3,decode_steady,15,23.854833096265793,23.84979248046875,0.0
stagekv_sync_r4,sync,4,4096,3,4,decode_steady,15,23.797335103154182,23.790943145751953,0.0
stagekv_sync_r4,sync,4,4096,3,5,decode_steady,4,23.679382633417845,23.673856735229492,0.0
stagekv_sync_r4,sync,4,4096,3,6,decode_steady,220,23.72116083279252,23.716672897338867,0.0
stagekv_sync_r4,sync,4,4096,3,7,decode_steady,16,23.765394929796457,23.759872436523438,0.0
stagekv_sync_r4,sync,4,4096,3,8,decode_steady,15,23.726041428744793,23.72096061706543,0.0
stagekv_sync_r4,sync,4,4096,3,9,decode_steady,15,23.671467788517475,23.666688919067383,0.0
stagekv_sync_r4,sync,4,4096,3,10,decode_steady,4,23.66028679534793,23.655424118041992,0.0
stagekv_sync_r4,sync,4,4096,3,11,decode_steady,220,23.707014974206686,23.701568603515625,0.0
stagekv_sync_r4,sync,4,4096,3,12,decode_steady,16,23.67931278422475,23.673856735229492,0.0
stagekv_sync_r4,sync,4,4096,3,13,decode_steady,15,23.707896936684847,23.70355224609375,0.0
stagekv_sync_r4,sync,4,4096,3,14,decode_steady,15,23.723956663161516,23.71891212463379,0.0
stagekv_sync_r4,sync,4,4096,3,15,decode_steady,4,23.67791999131441,23.672832489013672,0.0
stagekv_sync_r4,sync,4,4096,3,16,decode_steady,220,23.62453006207943,23.619583129882812,0.0
stagekv_sync_r4,sync,4,4096,3,17,decode_steady,16,23.7500062212348,23.74553680419922,0.0
stagekv_sync_r4,sync,4,4096,3,18,decode_steady,15,23.649437353014946,23.6441593170166,0.0
stagekv_sync_r4,sync,4,4096,3,19,decode_steady,15,23.8198172301054,23.814144134521484,0.0
stagekv_sync_r4,sync,4,4096,3,20,decode_steady,4,24.11754708737135,24.11212730407715,0.0
stagekv_sync_r4,sync,4,4096,3,21,decode_steady,220,24.014954920858145,24.009727478027344,0.0
stagekv_sync_r4,sync,4,4096,3,22,decode_steady,16,23.923613131046295,23.918495178222656,0.0
stagekv_sync_r4,sync,4,4096,3,23,decode_steady,15,24.107959121465683,24.10268783569336,0.0
stagekv_sync_r4,sync,4,4096,3,24,decode_steady,15,24.09124793484807,24.085376739501953,0.0
stagekv_sync_r4,sync,4,4096,3,25,decode_steady,4,24.140750989317894,24.13465690612793,0.0
stagekv_sync_r4,sync,4,4096,3,26,decode_steady,220,24.072502739727497,24.06707191467285,0.0
stagekv_sync_r4,sync,4,4096,3,27,decode_steady,16,24.049278814345598,24.043519973754883,0.0
stagekv_sync_r4,sync,4,4096,3,28,decode_steady,15,24.12468008697033,24.119232177734375,0.0
stagekv_sync_r4,sync,4,4096,3,29,decode_steady,15,24.166468996554613,24.161279678344727,0.0
stagekv_sync_r4,sync,4,4096,3,30,decode_steady,4,24.0200930275023,24.014848709106445,0.0
stagekv_sync_r4,sync,4,4096,3,31,decode_steady,220,24.09572619944811,24.09062385559082,0.0
stagekv_sync_r4,sync,4,4096,3,32,decode_steady,16,24.070980027318,24.06502342224121,0.0
stagekv_async_r0,async,0,4096,3,1,prefill_ttft,220,3347.076584585011,3347.061767578125,0.0
stagekv_async_r0,async,0,4096,3,2,decode_first,16,1791.303837671876,1791.2913818359375,1702.6653932332993
stagekv_async_r0,async,0,4096,3,3,decode_steady,15,1605.1103589124978,1599.1951904296875,1451.4924416542053
stagekv_async_r0,async,0,4096,3,4,decode_steady,15,1595.394304022193,1595.3848876953125,1371.5732064247131
stagekv_async_r0,async,0,4096,3,5,decode_steady,4,1971.8967978842556,1898.373779296875,1682.065936744213
stagekv_async_r0,async,0,4096,3,6,decode_steady,220,1622.5092052482069,1622.49853515625,1454.321563899517
stagekv_async_r0,async,0,4096,3,7,decode_steady,16,1497.447144240141,1497.4361572265625,1221.744764983654
stagekv_async_r0,async,0,4096,3,8,decode_steady,15,1801.9731231033802,1801.96142578125,1533.1330857872963
stagekv_async_r0,async,0,4096,3,9,decode_steady,15,2499.47638111189,2499.461181640625,2050.6955527067184
stagekv_async_r0,async,0,4096,3,10,decode_steady,4,3095.151378773153,3095.1240234375,2929.375186562538
stagekv_async_r0,async,0,4096,3,11,decode_steady,220,4283.1981047056615,4283.17919921875,4059.647898077965
stagekv_async_r0,async,0,4096,3,12,decode_steady,16,3314.263173379004,3314.245849609375,2984.4871851205826
stagekv_async_r0,async,0,4096,3,13,decode_steady,15,4097.169384360313,4097.1396484375,3521.733626127243
stagekv_async_r0,async,0,4096,3,14,decode_steady,15,3890.10958885774,3890.087890625,3505.825139403343
stagekv_async_r0,async,0,4096,3,15,decode_steady,4,1920.1711839996278,1920.1573486328125,1412.6235300898552
stagekv_async_r0,async,0,4096,3,16,decode_steady,220,2100.1999736763537,2100.183837890625,1349.179871559143
stagekv_async_r0,async,0,4096,3,17,decode_steady,16,1803.0778588727117,1798.10400390625,914.469117641449
stagekv_async_r0,async,0,4096,3,18,decode_steady,15,2193.0767400190234,2193.06298828125,1758.8347546458244
stagekv_async_r0,async,0,4096,3,19,decode_steady,15,3216.3266399875283,3216.310302734375,2528.068482398987
stagekv_async_r0,async,0,4096,3,20,decode_steady,4,3101.9270000979304,3101.9130859375,2714.462380170822
stagekv_async_r0,async,0,4096,3,21,decode_steady,220,1879.7708516940475,1879.759521484375,1628.7163895964622
stagekv_async_r0,async,0,4096,3,22,decode_steady,16,2477.795524057001,2477.781982421875,1969.1290702819824
stagekv_async_r0,async,0,4096,3,23,decode_steady,15,1980.6804549880326,1980.669189453125,1568.401692867279
stagekv_async_r0,async,0,4096,3,24,decode_steady,15,1683.5154723376036,1683.5074462890625,1339.2056312561035
stagekv_async_r0,async,0,4096,3,25,decode_steady,4,1608.9439778588712,1600.7310791015625,1175.2965833544731
stagekv_async_r0,async,0,4096,3,26,decode_steady,220,1980.7056980207562,1980.6953125,1717.6563694477081
stagekv_async_r0,async,0,4096,3,27,decode_steady,16,1714.3135187216103,1714.3028564453125,1570.7971280813217
stagekv_async_r0,async,0,4096,3,28,decode_steady,15,1607.2675818577409,1607.2489013671875,1183.3310334086418
stagekv_async_r0,async,0,4096,3,29,decode_steady,15,2718.374944292009,2706.477294921875,2383.4803186655045
stagekv_async_r0,async,0,4096,3,30,decode_steady,4,1500.986193306744,1500.9759521484375,1157.8050529956818
stagekv_async_r0,async,0,4096,3,31,decode_steady,220,2093.4014110825956,2093.390869140625,1560.6247328519821
stagekv_async_r0,async,0,4096,3,32,decode_steady,16,44.26152026280761,44.25651168823242,21.66476798057556
stagekv_async_r1,async,1,4096,3,1,prefill_ttft,220,2333.7159720249474,2276.62353515625,0.0
stagekv_async_r1,async,1,4096,3,2,decode_first,16,1020.3029788099229,1020.295166015625,967.7434590756893
stagekv_async_r1,async,1,4096,3,3,decode_steady,15,809.951595030725,804.2077026367188,739.7379801869392
stagekv_async_r1,async,1,4096,3,4,decode_steady,15,892.0071008615196,891.9990844726562,677.1732465922832
stagekv_async_r1,async,1,4096,3,5,decode_steady,4,999.2892988957465,999.2560424804688,742.0813812017441
stagekv_async_r1,async,1,4096,3,6,decode_steady,220,1600.6328146904707,1600.6226806640625,1284.938935533166
stagekv_async_r1,async,1,4096,3,7,decode_steady,16,999.7245771810412,999.71484375,752.4348154067993
stagekv_async_r1,async,1,4096,3,8,decode_steady,15,1180.5464350618422,1175.4503173828125,743.5357982814312
stagekv_async_r1,async,1,4096,3,9,decode_steady,15,912.1713978238404,912.163818359375,721.7461753338575
stagekv_async_r1,async,1,4096,3,10,decode_steady,4,903.2220807857811,903.2133178710938,661.6283449679613
stagekv_async_r1,async,1,4096,3,11,decode_steady,220,1498.1824201531708,1498.1734619140625,1047.8703862726688
stagekv_async_r1,async,1,4096,3,12,decode_steady,16,1197.9430988430977,1197.933837890625,795.1991962939501
stagekv_async_r1,async,1,4096,3,13,decode_steady,15,897.4900268949568,897.4827270507812,459.4005513936281
stagekv_async_r1,async,1,4096,3,14,decode_steady,15,997.7705287747085,997.7623291015625,642.791172504425
stagekv_async_r1,async,1,4096,3,15,decode_steady,4,1797.1485727466643,1797.137451171875,1322.3162705004215
stagekv_async_r1,async,1,4096,3,16,decode_steady,220,1200.845566112548,1200.834716796875,855.1219098716974
stagekv_async_r1,async,1,4096,3,17,decode_steady,16,920.160329900682,920.1527709960938,676.5529865324497
stagekv_async_r1,async,1,4096,3,18,decode_steady,15,990.4337581247091,990.4251098632812,683.161790907383
stagekv_async_r1,async,1,4096,3,19,decode_steady,15,1290.7665451057255,1290.756103515625,899.1057904958725
stagekv_async_r1,async,1,4096,3,20,decode_steady,4,1494.5300058461726,1494.5208740234375,1184.9478422254324
stagekv_async_r1,async,1,4096,3,21,decode_steady,220,999.7146190144122,999.7073364257812,545.3314540535212
stagekv_async_r1,async,1,4096,3,22,decode_steady,16,919.8452262207866,919.8377075195312,535.6434403210878
stagekv_async_r1,async,1,4096,3,23,decode_steady,15,1378.1094192527235,1378.1002197265625,1006.014580771327
stagekv_async_r1,async,1,4096,3,24,decode_steady,15,1616.1315687932074,1616.121826171875,1152.6209310740232
stagekv_async_r1,async,1,4096,3,25,decode_steady,4,920.1441151089966,920.13671875,641.6312873363495
stagekv_async_r1,async,1,4096,3,26,decode_steady,220,989.2582739703357,989.24951171875,677.5621099621058
stagekv_async_r1,async,1,4096,3,27,decode_steady,16,1476.167337037623,1401.9930419921875,989.4979872405529
stagekv_async_r1,async,1,4096,3,28,decode_steady,15,2195.83830377087,2119.5234375,1676.7121427804232
stagekv_async_r1,async,1,4096,3,29,decode_steady,15,1005.8418978005648,1005.8340454101562,604.8843474537134
stagekv_async_r1,async,1,4096,3,30,decode_steady,4,1884.7974818199873,1884.7886962890625,1501.3540067970753
stagekv_async_r1,async,1,4096,3,31,decode_steady,220,2002.198829781264,2002.1883544921875,1705.3659534603357
stagekv_async_r1,async,1,4096,3,32,decode_steady,16,36.227500066161156,36.2229118347168,13.556416019797325
stagekv_async_r2,async,2,4096,3,1,prefill_ttft,220,1338.3928197436035,1289.861083984375,0.0
stagekv_async_r2,async,2,4096,3,2,decode_first,16,1125.5247849039733,1125.517333984375,956.9692884683609
stagekv_async_r2,async,2,4096,3,3,decode_steady,15,897.0564426854253,897.048583984375,669.8229716420174
stagekv_async_r2,async,2,4096,3,4,decode_steady,15,1198.6577403731644,1198.6492919921875,1034.4418359398842
stagekv_async_r2,async,2,4096,3,5,decode_steady,4,902.4561666883528,902.4481201171875,689.7484842538834
stagekv_async_r2,async,2,4096,3,6,decode_steady,220,889.9926668964326,889.9850463867188,661.023491024971
stagekv_async_r2,async,2,4096,3,7,decode_steady,16,1108.8624689728022,1101.697021484375,873.9629400968552
stagekv_async_r2,async,2,4096,3,8,decode_steady,15,1402.5037442333996,1402.4959716796875,1102.632804453373
stagekv_async_r2,async,2,4096,3,9,decode_steady,15,901.7962841317058,901.7886962890625,751.4762465953827
stagekv_async_r2,async,2,4096,3,10,decode_steady,4,997.8572782129049,997.8488159179688,860.3558959960938
stagekv_async_r2,async,2,4096,3,11,decode_steady,220,1080.6659287773073,1080.6568603515625,833.3180464506149
stagekv_async_r2,async,2,4096,3,12,decode_steady,16,1016.6782112792134,1016.6702880859375,815.8084831237793
stagekv_async_r2,async,2,4096,3,13,decode_steady,15,1096.6226560994983,1087.2554931640625,712.4928671121597
stagekv_async_r2,async,2,4096,3,14,decode_steady,15,1801.99215374887,1801.98095703125,1503.9516221284866
stagekv_async_r2,async,2,4096,3,15,decode_steady,4,1495.7865281030536,1486.534423828125,1370.515352487564
stagekv_async_r2,async,2,4096,3,16,decode_steady,220,1301.1940042488277,1301.1845703125,1119.3025501966476
stagekv_async_r2,async,2,4096,3,17,decode_steady,16,1300.869895145297,1300.828125,1056.8344984054565
stagekv_async_r2,async,2,4096,3,18,decode_steady,15,1399.5123831555247,1399.50390625,1196.432513475418
stagekv_async_r2,async,2,4096,3,19,decode_steady,15,1195.6918048672378,1195.6796875,850.8993958234787
stagekv_async_r2,async,2,4096,3,20,decode_steady,4,1280.1262307912111,1280.1033935546875,1048.3018863201141
stagekv_async_r2,async,2,4096,3,21,decode_steady,220,1698.3686238527298,1698.3572998046875,1382.149731040001
stagekv_async_r2,async,2,4096,3,22,decode_steady,16,917.6966310478747,917.6882934570312,748.3629309535027
stagekv_async_r2,async,2,4096,3,23,decode_steady,15,1299.7067528776824,1299.6966552734375,980.1266202926636
stagekv_async_r2,async,2,4096,3,24,decode_steady,15,1198.6422799527645,1122.9921875,922.6239090561867
stagekv_async_r2,async,2,4096,3,25,decode_steady,4,1418.9567752182484,1418.9476318359375,1209.8352329730988
stagekv_async_r2,async,2,4096,3,26,decode_steady,220,1699.389398097992,1699.3792724609375,1474.0786620378494
stagekv_async_r2,async,2,4096,3,27,decode_steady,16,1022.7215089835227,1022.715087890625,751.1647757291794
stagekv_async_r2,async,2,4096,3,28,decode_steady,15,1299.2329187691212,1223.1229248046875,982.1395223140717
stagekv_async_r2,async,2,4096,3,29,decode_steady,15,1200.4046011716127,1200.3953857421875,924.6314496994019
stagekv_async_r2,async,2,4096,3,30,decode_steady,4,1616.3360448554158,1616.3236083984375,1354.1596168279648
stagekv_async_r2,async,2,4096,3,31,decode_steady,220,2099.3720828555524,2099.358642578125,1794.0782084465027
stagekv_async_r2,async,2,4096,3,32,decode_steady,16,36.94683313369751,36.94182586669922,13.821983873844147
stagekv_async_r4,async,4,4096,3,1,prefill_ttft,220,421.9791670329869,421.970947265625,0.0
stagekv_async_r4,async,4,4096,3,2,decode_first,16,24.575246963649988,24.570783615112305,0.0
stagekv_async_r4,async,4,4096,3,3,decode_steady,15,24.23673029989004,24.23196792602539,0.0
stagekv_async_r4,async,4,4096,3,4,decode_steady,15,24.447996634989977,24.443552017211914,0.0
stagekv_async_r4,async,4,4096,3,5,decode_steady,4,24.47175094857812,24.467456817626953,0.0
stagekv_async_r4,async,4,4096,3,6,decode_steady,220,24.664293974637985,24.65894317626953,0.0
stagekv_async_r4,async,4,4096,3,7,decode_steady,16,24.74683802574873,24.74188804626465,0.0
stagekv_async_r4,async,4,4096,3,8,decode_steady,15,24.684131145477295,24.679424285888672,0.0
stagekv_async_r4,async,4,4096,3,9,decode_steady,15,24.661308154463768,24.655872344970703,0.0
stagekv_async_r4,async,4,4096,3,10,decode_steady,4,24.229356087744236,24.223743438720703,0.0
stagekv_async_r4,async,4,4096,3,11,decode_steady,220,24.675584863871336,24.670207977294922,0.0
stagekv_async_r4,async,4,4096,3,12,decode_steady,16,24.767457973212004,24.762367248535156,0.0
stagekv_async_r4,async,4,4096,3,13,decode_steady,15,24.866083171218634,24.861600875854492,0.0
stagekv_async_r4,async,4,4096,3,14,decode_steady,15,24.871252942830324,24.865631103515625,0.0
stagekv_async_r4,async,4,4096,3,15,decode_steady,4,24.795460980385542,24.788991928100586,0.0
stagekv_async_r4,async,4,4096,3,16,decode_steady,220,24.797623977065086,24.792064666748047,0.0
stagekv_async_r4,async,4,4096,3,17,decode_steady,16,24.18357925489545,24.178688049316406,0.0
stagekv_async_r4,async,4,4096,3,18,decode_steady,15,24.120761081576347,24.115903854370117,0.0
stagekv_async_r4,async,4,4096,3,19,decode_steady,15,24.18807800859213,24.183584213256836,0.0
stagekv_async_r4,async,4,4096,3,20,decode_steady,4,24.477151688188314,24.472543716430664,0.0
stagekv_async_r4,async,4,4096,3,21,decode_steady,220,24.434200953692198,24.42527961730957,0.0
stagekv_async_r4,async,4,4096,3,22,decode_steady,16,24.50072579085827,24.49510383605957,0.0
stagekv_async_r4,async,4,4096,3,23,decode_steady,15,24.50396167114377,24.49817657470703,0.0
stagekv_async_r4,async,4,4096,3,24,decode_steady,15,24.435603991150856,24.429567337036133,0.0
stagekv_async_r4,async,4,4096,3,25,decode_steady,4,24.468836840242147,24.464191436767578,0.0
stagekv_async_r4,async,4,4096,3,26,decode_steady,220,24.489955976605415,24.48486328125,0.0
stagekv_async_r4,async,4,4096,3,27,decode_steady,16,24.435773957520723,24.430591583251953,0.0
stagekv_async_r4,async,4,4096,3,28,decode_steady,15,24.50074627995491,24.494943618774414,0.0
stagekv_async_r4,async,4,4096,3,29,decode_steady,15,24.444911163300276,24.438783645629883,0.0
stagekv_async_r4,async,4,4096,3,30,decode_steady,4,24.562912993133068,24.557567596435547,0.0
stagekv_async_r4,async,4,4096,3,31,decode_steady,220,24.33413313701749,24.32899284362793,0.0
stagekv_async_r4,async,4,4096,3,32,decode_steady,16,24.358137976378202,24.346879959106445,0.0
standard,standard,,4096,3,1,prefill_ttft,220,410.11794097721577,410.1097717285156,0.0
standard,standard,,4096,3,2,decode_first,16,22.159413900226355,22.154239654541016,0.0
standard,standard,,4096,3,3,decode_steady,15,21.299907006323338,21.29408073425293,0.0
standard,standard,,4096,3,4,decode_steady,15,21.22595813125372,21.22127914428711,0.0
standard,standard,,4096,3,5,decode_steady,4,21.49138692766428,21.485567092895508,0.0
standard,standard,,4096,3,6,decode_steady,220,21.396900061517954,21.3920955657959,0.0
standard,standard,,4096,3,7,decode_steady,16,21.342928055673838,21.33683204650879,0.0
standard,standard,,4096,3,8,decode_steady,15,21.37796301394701,21.370880126953125,0.0
standard,standard,,4096,3,9,decode_steady,15,21.590563002973795,21.584896087646484,0.0
standard,standard,,4096,3,10,decode_steady,4,21.318753249943256,21.313535690307617,0.0
standard,standard,,4096,3,11,decode_steady,220,21.226168144494295,21.221376419067383,0.0
standard,standard,,4096,3,12,decode_steady,16,21.19400817900896,21.18854331970215,0.0
standard,standard,,4096,3,13,decode_steady,15,21.17158519104123,21.167007446289062,0.0
standard,standard,,4096,3,14,decode_steady,15,21.495583932846785,21.48966407775879,0.0
standard,standard,,4096,3,15,decode_steady,4,21.383944898843765,21.378047943115234,0.0
standard,standard,,4096,3,16,decode_steady,220,21.40237996354699,21.397504806518555,0.0
standard,standard,,4096,3,17,decode_steady,16,21.203245036303997,21.197824478149414,0.0
standard,standard,,4096,3,18,decode_steady,15,21.23269997537136,21.22649574279785,0.0
standard,standard,,4096,3,19,decode_steady,15,21.288365125656128,21.2825927734375,0.0
standard,standard,,4096,3,20,decode_steady,4,21.273787133395672,21.268735885620117,0.0
standard,standard,,4096,3,21,decode_steady,220,21.294196136295795,21.28892707824707,0.0
standard,standard,,4096,3,22,decode_steady,16,21.259962115436792,21.25494384765625,0.0
standard,standard,,4096,3,23,decode_steady,15,21.179659757763147,21.174272537231445,0.0
standard,standard,,4096,3,24,decode_steady,15,21.3097152300179,21.304576873779297,0.0
standard,standard,,4096,3,25,decode_steady,4,21.27606188878417,21.27142333984375,0.0
standard,standard,,4096,3,26,decode_steady,220,21.434049122035503,21.428224563598633,0.0
standard,standard,,4096,3,27,decode_steady,16,21.31245005875826,21.307392120361328,0.0
standard,standard,,4096,3,28,decode_steady,15,21.43866755068302,21.4333438873291,0.0
standard,standard,,4096,3,29,decode_steady,15,21.306549664586782,21.30124855041504,0.0
standard,standard,,4096,3,30,decode_steady,4,21.27204369753599,21.26643180847168,0.0
standard,standard,,4096,3,31,decode_steady,220,21.283255890011787,21.276704788208008,0.0
standard,standard,,4096,3,32,decode_steady,16,21.218063309788704,21.213119506835938,0.0
stagekv_sync_r2,sync,2,4096,4,1,prefill_ttft,220,1963.9537730254233,1963.9439697265625,0.0
stagekv_sync_r2,sync,2,4096,4,2,decode_first,16,1298.4459339641035,1290.253173828125,0.0
stagekv_sync_r2,sync,2,4096,4,3,decode_steady,15,1391.5405571460724,1391.52490234375,0.0
stagekv_sync_r2,sync,2,4096,4,4,decode_steady,15,1174.4319908320904,1102.989013671875,0.0
stagekv_sync_r2,sync,2,4096,4,5,decode_steady,4,1199.6398656629026,1127.19873046875,0.0
stagekv_sync_r2,sync,2,4096,4,6,decode_steady,220,1021.4394913055003,1021.4297485351562,0.0
stagekv_sync_r2,sync,2,4096,4,7,decode_steady,16,1003.7450650706887,1003.7378540039062,0.0
stagekv_sync_r2,sync,2,4096,4,8,decode_steady,15,1294.7735646739602,1294.7630615234375,0.0
stagekv_sync_r2,sync,2,4096,4,9,decode_steady,15,1279.3280989862978,1203.1827392578125,0.0
stagekv_sync_r2,sync,2,4096,4,10,decode_steady,4,1220.7984360866249,1220.789306640625,0.0
stagekv_sync_r2,sync,2,4096,4,11,decode_steady,220,1801.0777900926769,1801.0643310546875,0.0
stagekv_sync_r2,sync,2,4096,4,12,decode_steady,16,1699.124004226178,1699.114013671875,0.0
stagekv_sync_r2,sync,2,4096,4,13,decode_steady,15,1599.7749976813793,1599.7645263671875,0.0
stagekv_sync_r2,sync,2,4096,4,14,decode_steady,15,1507.0003438740969,1506.9893798828125,0.0
stagekv_sync_r2,sync,2,4096,4,15,decode_steady,4,1377.7353479526937,1373.45849609375,0.0
stagekv_sync_r2,sync,2,4096,4,16,decode_steady,220,1898.2772277668118,1898.265625,0.0
stagekv_sync_r2,sync,2,4096,4,17,decode_steady,16,1116.5880532935262,1116.5770263671875,0.0
stagekv_sync_r2,sync,2,4096,4,18,decode_steady,15,1099.8969948850572,1099.8865966796875,0.0
stagekv_sync_r2,sync,2,4096,4,19,decode_steady,15,1904.1410218924284,1904.128173828125,0.0
stagekv_sync_r2,sync,2,4096,4,20,decode_steady,4,1480.4900637827814,1476.2393798828125,0.0
stagekv_sync_r2,sync,2,4096,4,21,decode_steady,220,1493.4752639383078,1417.4154052734375,0.0
stagekv_sync_r2,sync,2,4096,4,22,decode_steady,16,1420.4148761928082,1420.40576171875,0.0
stagekv_sync_r2,sync,2,4096,4,23,decode_steady,15,1103.0742260627449,1103.0650634765625,0.0
stagekv_sync_r2,sync,2,4096,4,24,decode_steady,15,1197.6935570128262,1197.684326171875,0.0
stagekv_sync_r2,sync,2,4096,4,25,decode_steady,4,1478.1439802609384,1401.7000732421875,0.0
stagekv_sync_r2,sync,2,4096,4,26,decode_steady,220,1320.3552323393524,1320.3404541015625,0.0
stagekv_sync_r2,sync,2,4096,4,27,decode_steady,16,1282.7713703736663,1282.7607421875,0.0
stagekv_sync_r2,sync,2,4096,4,28,decode_steady,15,1018.6716462485492,1018.6629028320312,0.0
stagekv_sync_r2,sync,2,4096,4,29,decode_steady,15,1477.6185587979853,1401.1505126953125,0.0
stagekv_sync_r2,sync,2,4096,4,30,decode_steady,4,1099.6656827628613,1023.3005981445312,0.0
stagekv_sync_r2,sync,2,4096,4,31,decode_steady,220,1719.2659280262887,1719.25732421875,0.0
stagekv_sync_r2,sync,2,4096,4,32,decode_steady,16,33.43449719250202,33.42950439453125,0.0
stagekv_sync_r4,sync,4,4096,4,1,prefill_ttft,220,421.4459778741002,421.43231201171875,0.0
stagekv_sync_r4,sync,4,4096,4,2,decode_first,16,25.310467928647995,25.30284881591797,0.0
stagekv_sync_r4,sync,4,4096,4,3,decode_steady,15,24.290931411087513,24.285184860229492,0.0
stagekv_sync_r4,sync,4,4096,4,4,decode_steady,15,24.081507232040167,24.076032638549805,0.0
stagekv_sync_r4,sync,4,4096,4,5,decode_steady,4,23.941123858094215,23.935136795043945,0.0
stagekv_sync_r4,sync,4,4096,4,6,decode_steady,220,23.8804598338902,23.87558364868164,0.0
stagekv_sync_r4,sync,4,4096,4,7,decode_steady,16,24.02092283591628,24.01568031311035,0.0
stagekv_sync_r4,sync,4,4096,4,8,decode_steady,15,24.110231082886457,24.104896545410156,0.0
stagekv_sync_r4,sync,4,4096,4,9,decode_steady,15,24.006616789847612,24.000511169433594,0.0
stagekv_sync_r4,sync,4,4096,4,10,decode_steady,4,23.966440930962563,23.961376190185547,0.0
stagekv_sync_r4,sync,4,4096,4,11,decode_steady,220,23.94218510016799,23.9368953704834,0.0
stagekv_sync_r4,sync,4,4096,4,12,decode_steady,16,23.9689857698977,23.963584899902344,0.0
stagekv_sync_r4,sync,4,4096,4,13,decode_steady,15,24.06361373141408,24.0578556060791,0.0
stagekv_sync_r4,sync,4,4096,4,14,decode_steady,15,24.137082044035196,24.131744384765625,0.0
stagekv_sync_r4,sync,4,4096,4,15,decode_steady,4,23.95425783470273,23.948287963867188,0.0
stagekv_sync_r4,sync,4,4096,4,16,decode_steady,220,24.090393912047148,24.08448028564453,0.0
stagekv_sync_r4,sync,4,4096,4,17,decode_steady,16,24.58739886060357,24.5828800201416,0.0
stagekv_sync_r4,sync,4,4096,4,18,decode_steady,15,23.818613030016422,23.813119888305664,0.0
stagekv_sync_r4,sync,4,4096,4,19,decode_steady,15,23.803934920579195,23.797760009765625,0.0
stagekv_sync_r4,sync,4,4096,4,20,decode_steady,4,23.81183998659253,23.805952072143555,0.0
stagekv_sync_r4,sync,4,4096,4,21,decode_steady,220,24.04716331511736,24.041471481323242,0.0
stagekv_sync_r4,sync,4,4096,4,22,decode_steady,16,24.366884026676416,24.359935760498047,0.0
stagekv_sync_r4,sync,4,4096,4,23,decode_steady,15,24.29221384227276,24.28620719909668,0.0
stagekv_sync_r4,sync,4,4096,4,24,decode_steady,15,24.449439719319344,24.442880630493164,0.0
stagekv_sync_r4,sync,4,4096,4,25,decode_steady,4,24.36420926824212,24.358911514282227,0.0
stagekv_sync_r4,sync,4,4096,4,26,decode_steady,220,24.213616270571947,24.208192825317383,0.0
stagekv_sync_r4,sync,4,4096,4,27,decode_steady,16,24.070427287369967,24.06502342224121,0.0
stagekv_sync_r4,sync,4,4096,4,28,decode_steady,15,24.398052133619785,24.392704010009766,0.0
stagekv_sync_r4,sync,4,4096,4,29,decode_steady,15,24.79533012956381,24.788959503173828,0.0
stagekv_sync_r4,sync,4,4096,4,30,decode_steady,4,23.99090677499771,23.984128952026367,0.0
stagekv_sync_r4,sync,4,4096,4,31,decode_steady,220,23.984014056622982,23.977983474731445,0.0
stagekv_sync_r4,sync,4,4096,4,32,decode_steady,16,24.07495491206646,24.069120407104492,0.0
stagekv_async_r0,async,0,4096,4,1,prefill_ttft,220,3319.2087621428072,3319.1953125,0.0
stagekv_async_r0,async,0,4096,4,2,decode_first,16,1887.1107222512364,1887.097900390625,1663.278439462185
stagekv_async_r0,async,0,4096,4,3,decode_steady,15,1500.8580372668803,1500.84814453125,1277.2379595637321
stagekv_async_r0,async,0,4096,4,4,decode_steady,15,1501.8359436653554,1501.8258056640625,1464.7011182904243
stagekv_async_r0,async,0,4096,4,5,decode_steady,4,1507.7930190600455,1499.5067138671875,1275.8876958489418
stagekv_async_r0,async,0,4096,4,6,decode_steady,220,1683.5868922062218,1683.5767822265625,1354.2866529226303
stagekv_async_r0,async,0,4096,4,7,decode_steady,16,1499.5850720442832,1499.5701904296875,1251.1910145282745
stagekv_async_r0,async,0,4096,4,8,decode_steady,15,1399.0043681114912,1398.99072265625,974.9566974639893
stagekv_async_r0,async,0,4096,4,9,decode_steady,15,1901.293553877622,1901.2791748046875,1584.366098999977
stagekv_async_r0,async,0,4096,4,10,decode_steady,4,2184.307458344847,2184.29736328125,1960.494372665882
stagekv_async_r0,async,0,4096,4,11,decode_steady,220,2415.911965072155,2415.898681640625,2241.747336626053
stagekv_async_r0,async,0,4096,4,12,decode_steady,16,1884.817787911743,1884.80712890625,1372.4471107125282
stagekv_async_r0,async,0,4096,4,13,decode_steady,15,1698.532042093575,1698.5220947265625,1367.8547517061234
stagekv_async_r0,async,0,4096,4,14,decode_steady,15,2197.333950083703,2197.32177734375,1761.811330974102
stagekv_async_r0,async,0,4096,4,15,decode_steady,4,1498.0991468764842,1498.0902099609375,1261.9460785388947
stagekv_async_r0,async,0,4096,4,16,decode_steady,220,1692.4753589555621,1692.4638671875,1455.544911801815
stagekv_async_r0,async,0,4096,4,17,decode_steady,16,2217.0188850723207,2217.005859375,1968.2805753946304
stagekv_async_r0,async,0,4096,4,18,decode_steady,15,1579.5662919990718,1579.556884765625,1374.148073554039
stagekv_async_r0,async,0,4096,4,19,decode_steady,15,2500.458281952888,2500.445068359375,1989.2649587988853
stagekv_async_r0,async,0,4096,4,20,decode_steady,4,1598.2892708852887,1598.2796630859375,1455.8431004881859
stagekv_async_r0,async,0,4096,4,21,decode_steady,220,2295.011349953711,2294.9990234375,1972.135696053505
stagekv_async_r0,async,0,4096,4,22,decode_steady,16,1587.3147193342447,1587.304443359375,1245.560352385044
stagekv_async_r0,async,0,4096,4,23,decode_steady,15,1499.5177299715579,1499.5084228515625,1357.7178218364716
stagekv_async_r0,async,0,4096,4,24,decode_steady,15,1784.7650488838553,1784.7552490234375,1552.0536346435547
stagekv_async_r0,async,0,4096,4,25,decode_steady,4,1390.9336077049375,1390.9248046875,1069.376963198185
stagekv_async_r0,async,0,4096,4,26,decode_steady,220,1395.461732055992,1395.4520263671875,1346.8678106665611
stagekv_async_r0,async,0,4096,4,27,decode_steady,16,1695.1066870242357,1686.8157958984375,1650.557725071907
stagekv_async_r0,async,0,4096,4,28,decode_steady,15,1401.8880762159824,1401.8792724609375,1354.1674877405167
stagekv_async_r0,async,0,4096,4,29,decode_steady,15,1484.872866421938,1484.863525390625,1354.553712129593
stagekv_async_r0,async,0,4096,4,30,decode_steady,4,1217.6331412047148,1217.6259765625,1169.0546907186508
stagekv_async_r0,async,0,4096,4,31,decode_steady,220,1504.2726867832243,1504.26318359375,1375.2230330705643
stagekv_async_r0,async,0,4096,4,32,decode_steady,16,99.14945811033249,99.1436767578125,16.674655973911285
stagekv_async_r1,async,1,4096,4,1,prefill_ttft,220,2080.139386933297,2032.860107421875,0.0
stagekv_async_r1,async,1,4096,4,2,decode_first,16,932.4920591898263,925.464599609375,618.64834626019
stagekv_async_r1,async,1,4096,4,3,decode_steady,15,1687.536175828427,1687.524169921875,1209.2745956778526
stagekv_async_r1,async,1,4096,4,4,decode_steady,15,903.8526718504727,903.8447265625,860.9998761564493
stagekv_async_r1,async,1,4096,4,5,decode_steady,4,1097.6273277774453,1097.6185302734375,786.746782541275
stagekv_async_r1,async,1,4096,4,6,decode_steady,220,997.3069583065808,997.2981567382812,862.4997204095125
stagekv_async_r1,async,1,4096,4,7,decode_steady,16,899.0248208865523,899.0167236328125,738.7484527081251
stagekv_async_r1,async,1,4096,4,8,decode_steady,15,901.1774281971157,901.1699829101562,575.5559660792351
stagekv_async_r1,async,1,4096,4,9,decode_steady,15,996.6493300162256,996.6407470703125,786.9591595381498
stagekv_async_r1,async,1,4096,4,10,decode_steady,4,1001.3145632110536,1001.3060913085938,681.7766981571913
stagekv_async_r1,async,1,4096,4,11,decode_steady,220,1000.7821307517588,1000.7736206054688,741.919163942337
stagekv_async_r1,async,1,4096,4,12,decode_steady,16,993.9852198585868,993.9773559570312,751.7622140645981
stagekv_async_r1,async,1,4096,4,13,decode_steady,15,1102.1408028900623,1102.133056640625,819.7247092723846
stagekv_async_r1,async,1,4096,4,14,decode_steady,15,1094.0831578336656,1094.0743408203125,723.2564410567284
stagekv_async_r1,async,1,4096,4,15,decode_steady,4,997.2326341085136,997.2244262695312,559.015099555254
stagekv_async_r1,async,1,4096,4,16,decode_steady,220,1496.7706301249564,1496.7235107421875,1180.139536499977
stagekv_async_r1,async,1,4096,4,17,decode_steady,16,1100.2589329145849,1100.2498779296875,834.8003464639187
stagekv_async_r1,async,1,4096,4,18,decode_steady,15,1290.5300501734018,1290.5225830078125,866.0064565241337
stagekv_async_r1,async,1,4096,4,19,decode_steady,15,1391.5936681441963,1391.584228515625,1150.763620853424
stagekv_async_r1,async,1,4096,4,20,decode_steady,4,1199.0831471048295,1199.0732421875,1015.8972450345755
stagekv_async_r1,async,1,4096,4,21,decode_steady,220,1522.8082030080259,1522.796630859375,1209.6554575413465
stagekv_async_r1,async,1,4096,4,22,decode_steady,16,1727.7333280071616,1719.6390380859375,1348.1764702796936
stagekv_async_r1,async,1,4096,4,23,decode_steady,15,1320.5578159540892,1320.5465087890625,1059.3584133535624
stagekv_async_r1,async,1,4096,4,24,decode_steady,15,1372.9206980206072,1297.184814453125,1054.4167068749666
stagekv_async_r1,async,1,4096,4,25,decode_steady,4,1221.1545412428677,1221.1435546875,910.149341493845
stagekv_async_r1,async,1,4096,4,26,decode_steady,220,1671.500866767019,1595.4766845703125,1195.288356155157
stagekv_async_r1,async,1,4096,4,27,decode_steady,16,1603.7471499294043,1597.0792236328125,1114.1006366312504
stagekv_async_r1,async,1,4096,4,28,decode_steady,15,1177.8730060905218,1177.7987060546875,861.2154402136803
stagekv_async_r1,async,1,4096,4,29,decode_steady,15,1217.2898310236633,1217.2821044921875,935.335171148181
stagekv_async_r1,async,1,4096,4,30,decode_steady,4,2117.962553165853,2117.950439453125,1625.1910452991724
stagekv_async_r1,async,1,4096,4,31,decode_steady,220,1376.6280757263303,1376.617431640625,980.1937490701675
stagekv_async_r1,async,1,4096,4,32,decode_steady,16,38.356080651283264,38.35286331176758,15.63673609495163
stagekv_async_r2,async,2,4096,4,1,prefill_ttft,220,1395.9321090951562,1331.114990234375,0.0
stagekv_async_r2,async,2,4096,4,2,decode_first,16,2332.0482512935996,2326.190185546875,1714.4765716791153
stagekv_async_r2,async,2,4096,4,3,decode_steady,15,3062.8397869877517,3062.822998046875,2775.055149078369
stagekv_async_r2,async,2,4096,4,4,decode_steady,15,1596.4943142607808,1503.7501220703125,1346.2946832180023
stagekv_async_r2,async,2,4096,4,5,decode_steady,4,1805.4544366896152,1805.4410400390625,1722.6274596452713
stagekv_async_r2,async,2,4096,4,6,decode_steady,220,1589.9123060517013,1589.9044189453125,1334.3442913293839
stagekv_async_r2,async,2,4096,4,7,decode_steady,16,1509.927598759532,1502.9248046875,1284.1029243469238
stagekv_async_r2,async,2,4096,4,8,decode_steady,15,1788.4936379268765,1788.4866943359375,1431.9618317484856
stagekv_async_r2,async,2,4096,4,9,decode_steady,15,1713.481883984059,1713.471435546875,1488.5519065856934
stagekv_async_r2,async,2,4096,4,10,decode_steady,4,2780.4214828647673,2780.40673828125,2536.3909739255905
stagekv_async_r2,async,2,4096,4,11,decode_steady,220,1417.3950431868434,1417.3839111328125,1242.4709614515305
stagekv_async_r2,async,2,4096,4,12,decode_steady,16,1383.902408182621,1383.8929443359375,1161.4200891256332
stagekv_async_r2,async,2,4096,4,13,decode_steady,15,1284.562943968922,1284.5548095703125,1249.8253152370453
stagekv_async_r2,async,2,4096,4,14,decode_steady,15,1298.344009090215,1298.333984375,1074.4635533094406
stagekv_async_r2,async,2,4096,4,15,decode_steady,4,1399.5600617490709,1399.5501708984375,1271.6776797771454
stagekv_async_r2,async,2,4096,4,16,decode_steady,220,1309.7532242536545,1301.7108154296875,1160.7281866669655
stagekv_async_r2,async,2,4096,4,17,decode_steady,16,1484.3588187359273,1484.348388671875,1342.205245733261
stagekv_async_r2,async,2,4096,4,18,decode_steady,15,1400.8422512561083,1400.8341064453125,1154.6832140684128
stagekv_async_r2,async,2,4096,4,19,decode_steady,15,1398.555250838399,1398.54541015625,1270.7851136922836
stagekv_async_r2,async,2,4096,4,20,decode_steady,4,1684.045989997685,1684.03759765625,1635.0064045190811
stagekv_async_r2,async,2,4096,4,21,decode_steady,220,1500.857544131577,1500.8470458984375,1455.4494644403458
stagekv_async_r2,async,2,4096,4,22,decode_steady,16,1397.2767125815153,1397.26611328125,1161.8989981412888
stagekv_async_r2,async,2,4096,4,23,decode_steady,15,1296.9152280129492,1296.9052734375,1143.0252780914307
stagekv_async_r2,async,2,4096,4,24,decode_steady,15,2098.6270988360047,2098.615234375,1943.3289612531662
stagekv_async_r2,async,2,4096,4,25,decode_steady,4,1295.247078873217,1202.1824951171875,1167.3452125787735
stagekv_async_r2,async,2,4096,4,26,decode_steady,220,1201.2716438621283,1201.2625732421875,1154.7827223539352
stagekv_async_r2,async,2,4096,4,27,decode_steady,16,1199.6449050493538,1199.635498046875,1139.1244521141052
stagekv_async_r2,async,2,4096,4,28,decode_steady,15,1099.52411102131,1089.2503662109375,960.7367693185806
stagekv_async_r2,async,2,4096,4,29,decode_steady,15,1382.1165109984577,1382.107177734375,1147.6069722175598
stagekv_async_r2,async,2,4096,4,30,decode_steady,4,1297.6268930360675,1297.617919921875,1167.269103527069
stagekv_async_r2,async,2,4096,4,31,decode_steady,220,1299.1114938631654,1299.1007080078125,1170.6133160591125
stagekv_async_r2,async,2,4096,4,32,decode_steady,16,38.972639944404364,38.96758270263672,16.263456225395203
stagekv_async_r4,async,4,4096,4,1,prefill_ttft,220,426.23671889305115,426.2268371582031,0.0
stagekv_async_r4,async,4,4096,4,2,decode_first,16,24.10034090280533,24.09552001953125,0.0
stagekv_async_r4,async,4,4096,4,3,decode_steady,15,23.825344163924456,23.820287704467773,0.0
stagekv_async_r4,async,4,4096,4,4,decode_steady,15,23.835123982280493,23.82975959777832,0.0
stagekv_async_r4,async,4,4096,4,5,decode_steady,4,23.837397806346416,23.832576751708984,0.0
stagekv_async_r4,async,4,4096,4,6,decode_steady,220,23.975107353180647,23.97052764892578,0.0
stagekv_async_r4,async,4,4096,4,7,decode_steady,16,23.962974082678556,23.958528518676758,0.0
stagekv_async_r4,async,4,4096,4,8,decode_steady,15,23.92935985699296,23.922687530517578,0.0
stagekv_async_r4,async,4,4096,4,9,decode_steady,15,23.980265948921442,23.974912643432617,0.0
stagekv_async_r4,async,4,4096,4,10,decode_steady,4,23.943115957081318,23.93891143798828,0.0
stagekv_async_r4,async,4,4096,4,11,decode_steady,220,24.004963226616383,24.000160217285156,0.0
stagekv_async_r4,async,4,4096,4,12,decode_steady,16,23.896597791463137,23.8919677734375,0.0
stagekv_async_r4,async,4,4096,4,13,decode_steady,15,23.957432713359594,23.95244789123535,0.0
stagekv_async_r4,async,4,4096,4,14,decode_steady,15,24.392951745539904,24.38457679748535,0.0
stagekv_async_r4,async,4,4096,4,15,decode_steady,4,24.058582726866007,24.053760528564453,0.0
stagekv_async_r4,async,4,4096,4,16,decode_steady,220,23.977681063115597,23.972864151000977,0.0
stagekv_async_r4,async,4,4096,4,17,decode_steady,16,23.95276492461562,23.948287963867188,0.0
stagekv_async_r4,async,4,4096,4,18,decode_steady,15,23.926715832203627,23.922527313232422,0.0
stagekv_async_r4,async,4,4096,4,19,decode_steady,15,23.952092975378036,23.947904586791992,0.0
stagekv_async_r4,async,4,4096,4,20,decode_steady,4,24.341235402971506,24.336383819580078,0.0
stagekv_async_r4,async,4,4096,4,21,decode_steady,220,24.2585688829422,24.25334358215332,0.0
stagekv_async_r4,async,4,4096,4,22,decode_steady,16,24.278406985104084,24.27289581298828,0.0
stagekv_async_r4,async,4,4096,4,23,decode_steady,15,24.44039098918438,24.43440055847168,0.0
stagekv_async_r4,async,4,4096,4,24,decode_steady,15,24.218333885073662,24.212480545043945,0.0
stagekv_async_r4,async,4,4096,4,25,decode_steady,4,24.223123211413622,24.217567443847656,0.0
stagekv_async_r4,async,4,4096,4,26,decode_steady,220,24.302301928400993,24.29644775390625,0.0
stagekv_async_r4,async,4,4096,4,27,decode_steady,16,24.260463193058968,24.25446319580078,0.0
stagekv_async_r4,async,4,4096,4,28,decode_steady,15,24.24695808440447,24.242176055908203,0.0
stagekv_async_r4,async,4,4096,4,29,decode_steady,15,24.247579276561737,24.242176055908203,0.0
stagekv_async_r4,async,4,4096,4,30,decode_steady,4,24.302802979946136,24.29747200012207,0.0
stagekv_async_r4,async,4,4096,4,31,decode_steady,220,24.315136019140482,24.30975914001465,0.0
stagekv_async_r4,async,4,4096,4,32,decode_steady,16,24.260422680526972,24.25446319580078,0.0
standard,standard,,4096,4,1,prefill_ttft,220,409.3184741213918,409.3091735839844,0.0
standard,standard,,4096,4,2,decode_first,16,21.584090311080217,21.578752517700195,0.0
standard,standard,,4096,4,3,decode_steady,15,21.064642816781998,21.058752059936523,0.0
standard,standard,,4096,4,4,decode_steady,15,21.001002751290798,20.995136260986328,0.0
standard,standard,,4096,4,5,decode_steady,4,20.99016308784485,20.984832763671875,0.0
standard,standard,,4096,4,6,decode_steady,220,21.011514123529196,21.006336212158203,0.0
standard,standard,,4096,4,7,decode_steady,16,20.987847819924355,20.981760025024414,0.0
standard,standard,,4096,4,8,decode_steady,15,20.969584584236145,20.964351654052734,0.0
standard,standard,,4096,4,9,decode_steady,15,20.972128957509995,20.96623992919922,0.0
standard,standard,,4096,4,10,decode_steady,4,20.966728683561087,20.961280822753906,0.0
standard,standard,,4096,4,11,decode_steady,220,20.988449919968843,20.982784271240234,0.0
standard,standard,,4096,4,12,decode_steady,16,20.96846280619502,20.963136672973633,0.0
standard,standard,,4096,4,13,decode_steady,15,20.955707877874374,20.950016021728516,0.0
standard,standard,,4096,4,14,decode_steady,15,20.977267995476723,20.97225570678711,0.0
standard,standard,,4096,4,15,decode_steady,4,20.986326038837433,20.981760025024414,0.0
standard,standard,,4096,4,16,decode_steady,220,20.97643679007888,20.971424102783203,0.0
standard,standard,,4096,4,17,decode_steady,16,20.984733011573553,20.978912353515625,0.0
standard,standard,,4096,4,18,decode_steady,15,20.966007839888334,20.960256576538086,0.0
standard,standard,,4096,4,19,decode_steady,15,20.995893981307745,20.99087905883789,0.0
standard,standard,,4096,4,20,decode_steady,4,21.033654920756817,21.02886390686035,0.0
standard,standard,,4096,4,21,decode_steady,220,20.991785917431116,20.985855102539062,0.0
standard,standard,,4096,4,22,decode_steady,16,20.978780928999186,20.973567962646484,0.0
standard,standard,,4096,4,23,decode_steady,15,20.952051039785147,20.946943283081055,0.0
standard,standard,,4096,4,24,decode_steady,15,20.97436273470521,20.969472885131836,0.0
standard,standard,,4096,4,25,decode_steady,4,20.979662891477346,20.974592208862305,0.0
standard,standard,,4096,4,26,decode_steady,220,21.000863052904606,20.995071411132812,0.0
standard,standard,,4096,4,27,decode_steady,16,20.967179909348488,20.962303161621094,0.0
standard,standard,,4096,4,28,decode_steady,15,20.977089181542397,20.971616744995117,0.0
standard,standard,,4096,4,29,decode_steady,15,20.969975274056196,20.964351654052734,0.0
standard,standard,,4096,4,30,decode_steady,4,20.967790856957436,20.962303161621094,0.0
standard,standard,,4096,4,31,decode_steady,220,20.962250884622335,20.957183837890625,0.0
standard,standard,,4096,4,32,decode_steady,16,20.98612580448389,20.980735778808594,0.0
stagekv_sync_r0,sync,0,4096,4,1,prefill_ttft,220,3960.8849277719855,3883.893798828125,0.0
stagekv_sync_r0,sync,0,4096,4,2,decode_first,16,4302.513213362545,4302.49169921875,0.0
stagekv_sync_r0,sync,0,4096,4,3,decode_steady,15,1801.1340480297804,1801.122802734375,0.0
stagekv_sync_r0,sync,0,4096,4,4,decode_steady,15,1400.1209829002619,1400.1109619140625,0.0
stagekv_sync_r0,sync,0,4096,4,5,decode_steady,4,1400.8619072847068,1400.8514404296875,0.0
stagekv_sync_r0,sync,0,4096,4,6,decode_steady,220,1497.7092519402504,1497.697509765625,0.0
stagekv_sync_r0,sync,0,4096,4,7,decode_steady,16,1502.8943419456482,1502.8836669921875,0.0
stagekv_sync_r0,sync,0,4096,4,8,decode_steady,15,2694.784263614565,2694.769775390625,0.0
stagekv_sync_r0,sync,0,4096,4,9,decode_steady,15,2201.8046020530164,2201.79248046875,0.0
stagekv_sync_r0,sync,0,4096,4,10,decode_steady,4,1695.961150340736,1685.954345703125,0.0
stagekv_sync_r0,sync,0,4096,4,11,decode_steady,220,3402.9124453663826,3402.89697265625,0.0
stagekv_sync_r0,sync,0,4096,4,12,decode_steady,16,2899.8302672989666,2899.814208984375,0.0
stagekv_sync_r0,sync,0,4096,4,13,decode_steady,15,3098.913948982954,3098.8984375,0.0
stagekv_sync_r0,sync,0,4096,4,14,decode_steady,15,3400.598526932299,3400.58203125,0.0
stagekv_sync_r0,sync,0,4096,4,15,decode_steady,4,2899.6185422874987,2899.60107421875,0.0
stagekv_sync_r0,sync,0,4096,4,16,decode_steady,220,3478.6759302951396,3402.3857421875,0.0
stagekv_sync_r0,sync,0,4096,4,17,decode_steady,16,3521.7532264068723,3521.73779296875,0.0
stagekv_sync_r0,sync,0,4096,4,18,decode_steady,15,4873.515723738819,4873.49462890625,0.0
stagekv_sync_r0,sync,0,4096,4,19,decode_steady,15,2999.193315859884,2999.17919921875,0.0
stagekv_sync_r0,sync,0,4096,4,20,decode_steady,4,2502.331045921892,2502.319091796875,0.0
stagekv_sync_r0,sync,0,4096,4,21,decode_steady,220,2401.0161189362407,2401.00341796875,0.0
stagekv_sync_r0,sync,0,4096,4,22,decode_steady,16,2096.297523006797,2096.28564453125,0.0
stagekv_sync_r0,sync,0,4096,4,23,decode_steady,15,2417.1674391254783,2417.155029296875,0.0
stagekv_sync_r0,sync,0,4096,4,24,decode_steady,15,2000.8318037725985,2000.8212890625,0.0
stagekv_sync_r0,sync,0,4096,4,25,decode_steady,4,1981.689004227519,1981.639404296875,0.0
stagekv_sync_r0,sync,0,4096,4,26,decode_steady,220,2117.1453944407403,2117.13330078125,0.0
stagekv_sync_r0,sync,0,4096,4,27,decode_steady,16,1983.5568158887327,1983.5443115234375,0.0
stagekv_sync_r0,sync,0,4096,4,28,decode_steady,15,1798.7764989957213,1798.765625,0.0
stagekv_sync_r0,sync,0,4096,4,29,decode_steady,15,1902.4982112459838,1902.486328125,0.0
stagekv_sync_r0,sync,0,4096,4,30,decode_steady,4,2097.643967717886,2097.63330078125,0.0
stagekv_sync_r0,sync,0,4096,4,31,decode_steady,220,2399.023680947721,2399.01171875,0.0
stagekv_sync_r0,sync,0,4096,4,32,decode_steady,16,49.5146126486361,49.509376525878906,0.0
stagekv_sync_r1,sync,1,4096,4,1,prefill_ttft,220,2821.8162641860545,2755.969970703125,0.0
stagekv_sync_r1,sync,1,4096,4,2,decode_first,16,2005.6260419078171,2005.615478515625,0.0
stagekv_sync_r1,sync,1,4096,4,3,decode_steady,15,2193.4249019250274,2117.984375,0.0
stagekv_sync_r1,sync,1,4096,4,4,decode_steady,15,1903.8330251351,1903.82177734375,0.0
stagekv_sync_r1,sync,1,4096,4,5,decode_steady,4,2195.7202469930053,2119.85986328125,0.0
stagekv_sync_r1,sync,1,4096,4,6,decode_steady,220,1420.9545771591365,1420.9454345703125,0.0
stagekv_sync_r1,sync,1,4096,4,7,decode_steady,16,1599.9087151139975,1599.898681640625,0.0
stagekv_sync_r1,sync,1,4096,4,8,decode_steady,15,1683.2120986655354,1683.2020263671875,0.0
stagekv_sync_r1,sync,1,4096,4,9,decode_steady,15,2197.977026924491,2197.9658203125,0.0
stagekv_sync_r1,sync,1,4096,4,10,decode_steady,4,2303.262649103999,2303.250732421875,0.0
stagekv_sync_r1,sync,1,4096,4,11,decode_steady,220,1376.929773017764,1376.922607421875,0.0
stagekv_sync_r1,sync,1,4096,4,12,decode_steady,16,1298.688790295273,1298.6788330078125,0.0
stagekv_sync_r1,sync,1,4096,4,13,decode_steady,15,1316.1055333912373,1303.789306640625,0.0
stagekv_sync_r1,sync,1,4096,4,14,decode_steady,15,1284.817764069885,1284.8096923828125,0.0
stagekv_sync_r1,sync,1,4096,4,15,decode_steady,4,1200.0662870705128,1200.0572509765625,0.0
stagekv_sync_r1,sync,1,4096,4,16,decode_steady,220,1301.9391898997128,1301.9298095703125,0.0
stagekv_sync_r1,sync,1,4096,4,17,decode_steady,16,1615.7302730716765,1615.721435546875,0.0
stagekv_sync_r1,sync,1,4096,4,18,decode_steady,15,1285.402461886406,1285.3944091796875,0.0
stagekv_sync_r1,sync,1,4096,4,19,decode_steady,15,1313.86976595968,1313.860595703125,0.0
stagekv_sync_r1,sync,1,4096,4,20,decode_steady,4,1397.319685202092,1385.2406005859375,0.0
stagekv_sync_r1,sync,1,4096,4,21,decode_steady,220,1583.9097616262734,1583.9005126953125,0.0
stagekv_sync_r1,sync,1,4096,4,22,decode_steady,16,1301.3100042007864,1301.302001953125,0.0
stagekv_sync_r1,sync,1,4096,4,23,decode_steady,15,1301.4425141736865,1301.4326171875,0.0
stagekv_sync_r1,sync,1,4096,4,24,decode_steady,15,1597.216933965683,1597.20751953125,0.0
stagekv_sync_r1,sync,1,4096,4,25,decode_steady,4,1217.4702822230756,1217.462890625,0.0
stagekv_sync_r1,sync,1,4096,4,26,decode_steady,220,1187.9019369371235,1187.894287109375,0.0
stagekv_sync_r1,sync,1,4096,4,27,decode_steady,16,1594.7765531018376,1594.7652587890625,0.0
stagekv_sync_r1,sync,1,4096,4,28,decode_steady,15,1704.7309447079897,1704.7210693359375,0.0
stagekv_sync_r1,sync,1,4096,4,29,decode_steady,15,1296.5539200231433,1296.5457763671875,0.0
stagekv_sync_r1,sync,1,4096,4,30,decode_steady,4,1397.6228199899197,1397.613525390625,0.0
stagekv_sync_r1,sync,1,4096,4,31,decode_steady,220,1699.1825900040567,1699.1715087890625,0.0
stagekv_sync_r1,sync,1,4096,4,32,decode_steady,16,44.39382394775748,44.38835144042969,0.0
stagekv_async_r0,async,0,4096,5,1,prefill_ttft,220,2755.529712885618,2698.58203125,0.0
stagekv_async_r0,async,0,4096,5,2,decode_first,16,4222.094996832311,4222.06982421875,4043.9599149227142
stagekv_async_r0,async,0,4096,5,3,decode_steady,15,4101.336205843836,4101.31982421875,3910.5312039852142
stagekv_async_r0,async,0,4096,5,4,decode_steady,15,3296.638311352581,3296.62353515625,3106.061141014099
stagekv_async_r0,async,0,4096,5,5,decode_steady,4,3379.036130849272,3379.017578125,3000.0359669923782
stagekv_async_r0,async,0,4096,5,6,decode_steady,220,3019.4431971758604,3019.42578125,2671.6921265125275
stagekv_async_r0,async,0,4096,5,7,decode_steady,16,2499.820054974407,2499.80810546875,2031.483102798462
stagekv_async_r0,async,0,4096,5,8,decode_steady,15,2194.5516136474907,2194.54052734375,1631.122659444809
stagekv_async_r0,async,0,4096,5,9,decode_steady,15,2296.4366381056607,2296.42333984375,1739.5714155435562
stagekv_async_r0,async,0,4096,5,10,decode_steady,4,2697.6810432970524,2697.662353515625,2436.5118728876114
stagekv_async_r0,async,0,4096,5,11,decode_steady,220,2699.652570299804,2699.63916015625,2581.1931495666504
stagekv_async_r0,async,0,4096,5,12,decode_steady,16,2698.0735193938017,2698.060791015625,2190.159468770027
stagekv_async_r0,async,0,4096,5,13,decode_steady,15,3399.9158539809287,3323.45654296875,3088.641182780266
stagekv_async_r0,async,0,4096,5,14,decode_steady,15,2918.0309590883553,2918.01806640625,2669.7060211896896
stagekv_async_r0,async,0,4096,5,15,decode_steady,4,3280.081016011536,3280.066650390625,3051.5844069719315
stagekv_async_r0,async,0,4096,5,16,decode_steady,220,2295.4844189807773,2202.281005859375,1977.7234031558037
stagekv_async_r0,async,0,4096,5,17,decode_steady,16,2118.5529958456755,2118.542236328125,1868.6222155094147
stagekv_async_r0,async,0,4096,5,18,decode_steady,15,2780.8179440908134,2780.80517578125,2360.681426167488
stagekv_async_r0,async,0,4096,5,19,decode_steady,15,2976.2131250463426,2976.199462890625,2445.145144343376
stagekv_async_r0,async,0,4096,5,20,decode_steady,4,2098.8918798975646,2098.881591796875,1813.6370757818222
stagekv_async_r0,async,0,4096,5,21,decode_steady,220,4084.1043018735945,4084.08984375,3735.996197104454
stagekv_async_r0,async,0,4096,5,22,decode_steady,16,4001.3604778796434,4001.344482421875,3762.0883647203445
stagekv_async_r0,async,0,4096,5,23,decode_steady,15,1995.6361148506403,1995.62646484375,1744.718462228775
stagekv_async_r0,async,0,4096,5,24,decode_steady,15,2493.539684917778,2493.527099609375,2323.9529589414597
stagekv_async_r0,async,0,4096,5,25,decode_steady,4,2085.806427989155,2085.7958984375,1754.094850063324
stagekv_async_r0,async,0,4096,5,26,decode_steady,220,2503.876883070916,2503.8642578125,2465.654786348343
stagekv_async_r0,async,0,4096,5,27,decode_steady,16,2299.6043949387968,2299.5927734375,1886.5477038621902
stagekv_async_r0,async,0,4096,5,28,decode_steady,15,2399.7962861321867,2399.770263671875,2054.4536176919937
stagekv_async_r0,async,0,4096,5,29,decode_steady,15,2578.028271906078,2578.01123046875,2329.2364526987076
stagekv_async_r0,async,0,4096,5,30,decode_steady,4,3394.100538920611,3394.086669921875,3354.902683377266
stagekv_async_r0,async,0,4096,5,31,decode_steady,220,1984.6055740490556,1984.5947265625,1746.7061455249786
stagekv_async_r0,async,0,4096,5,32,decode_steady,16,53.108831867575645,53.103614807128906,30.127680003643036
stagekv_async_r1,async,1,4096,5,1,prefill_ttft,220,2516.6569999419153,2516.645751953125,0.0
stagekv_async_r1,async,1,4096,5,2,decode_first,16,1686.0174862667918,1686.0078125,1485.8454524725676
stagekv_async_r1,async,1,4096,5,3,decode_steady,15,1000.087580177933,1000.079345703125,779.9999653846025
stagekv_async_r1,async,1,4096,5,4,decode_steady,15,906.244738958776,906.2369384765625,684.194653019309
stagekv_async_r1,async,1,4096,5,5,decode_steady,4,992.8050437010825,992.7966918945312,779.2768558859825
stagekv_async_r1,async,1,4096,5,6,decode_steady,220,1001.3076239265501,1001.2999877929688,968.0975970923901
stagekv_async_r1,async,1,4096,5,7,decode_steady,16,997.6355987600982,997.625,869.6509502232075
stagekv_async_r1,async,1,4096,5,8,decode_steady,15,1001.3617561198771,1001.3532104492188,865.4236153066158
stagekv_async_r1,async,1,4096,5,9,decode_steady,15,988.0132637917995,988.0074462890625,578.0746280699968
stagekv_async_r1,async,1,4096,5,10,decode_steady,4,906.2496162950993,906.2420654296875,591.3248930424452
stagekv_async_r1,async,1,4096,5,11,decode_steady,220,994.9464509263635,994.9376831054688,774.1957185268402
stagekv_async_r1,async,1,4096,5,12,decode_steady,16,1093.1853791698813,1093.14453125,875.2218224257231
stagekv_async_r1,async,1,4096,5,13,decode_steady,15,1599.7042092494667,1599.6876220703125,1457.1337052583694
stagekv_async_r1,async,1,4096,5,14,decode_steady,15,1501.8408177420497,1501.8311767578125,1365.8860866427422
stagekv_async_r1,async,1,4096,5,15,decode_steady,4,1014.6307870745659,1008.0479125976562,946.981532111764
stagekv_async_r1,async,1,4096,5,16,decode_steady,220,1500.0313450582325,1500.0225830078125,1267.5973444730043
stagekv_async_r1,async,1,4096,5,17,decode_steady,16,1701.8555463291705,1701.8428955078125,1534.9490293115377
stagekv_async_r1,async,1,4096,5,18,decode_steady,15,920.9075700491667,920.8993530273438,738.6894696503878
stagekv_async_r1,async,1,4096,5,19,decode_steady,15,1097.0778288319707,1097.069580078125,873.6901062875986
stagekv_async_r1,async,1,4096,5,20,decode_steady,4,1595.90811887756,1595.883544921875,1339.997343197465
stagekv_async_r1,async,1,4096,5,21,decode_steady,220,1697.0444358885288,1697.0291748046875,1604.3038786649704
stagekv_async_r1,async,1,4096,5,22,decode_steady,16,1596.6780669987202,1596.6678466796875,1333.0610589683056
stagekv_async_r1,async,1,4096,5,23,decode_steady,15,2099.8483491130173,2099.82568359375,1945.5082002431154
stagekv_async_r1,async,1,4096,5,24,decode_steady,15,1073.0302738957107,997.0575561523438,716.6894495487213
stagekv_async_r1,async,1,4096,5,25,decode_steady,4,921.665714122355,921.6583862304688,716.1057556420565
stagekv_async_r1,async,1,4096,5,26,decode_steady,220,1319.3462030030787,1319.3369140625,1041.7912591993809
stagekv_async_r1,async,1,4096,5,27,decode_steady,16,1894.633882213384,1894.6221923828125,1729.593098178506
stagekv_async_r1,async,1,4096,5,28,decode_steady,15,2696.7733358033,2696.759033203125,2520.1819981485605
stagekv_async_r1,async,1,4096,5,29,decode_steady,15,2594.582023099065,2594.568115234375,2025.0938070863485
stagekv_async_r1,async,1,4096,5,30,decode_steady,4,2990.6441578641534,2990.625732421875,2660.607677027583
stagekv_async_r1,async,1,4096,5,31,decode_steady,220,2772.9341508820653,2696.244873046875,2398.6442991793156
stagekv_async_r1,async,1,4096,5,32,decode_steady,16,41.5606452152133,41.55567932128906,18.291903913021088
stagekv_async_r2,async,2,4096,5,1,prefill_ttft,220,2998.585118446499,2919.126953125,0.0
stagekv_async_r2,async,2,4096,5,2,decode_first,16,1605.0320933572948,1604.9869384765625,1385.1472891569138
stagekv_async_r2,async,2,4096,5,3,decode_steady,15,2003.31878522411,2003.230712890625,1966.4845192432404
stagekv_async_r2,async,2,4096,5,4,decode_steady,15,1996.0267739370465,1995.940673828125,1782.8172837495804
stagekv_async_r2,async,2,4096,5,5,decode_steady,4,2598.4001019969583,2598.287353515625,2364.8408097028732
stagekv_async_r2,async,2,4096,5,6,decode_steady,220,1602.7177018113434,1602.6488037109375,1378.758684039116
stagekv_async_r2,async,2,4096,5,7,decode_steady,16,2111.270462628454,2111.179443359375,1958.1109801530838
stagekv_async_r2,async,2,4096,5,8,decode_steady,15,2289.0255260281265,2288.927734375,2171.001051902771
stagekv_async_r2,async,2,4096,5,9,decode_steady,15,2310.3235461749136,2310.224853515625,2150.390012860298
stagekv_async_r2,async,2,4096,5,10,decode_steady,4,1484.6759922802448,1484.611572265625,1247.4862674474716
stagekv_async_r2,async,2,4096,5,11,decode_steady,220,1388.1360250525177,1388.075927734375,1164.5663095712662
stagekv_async_r2,async,2,4096,5,12,decode_steady,16,2094.7660501115024,2094.677001953125,2034.8564709424973
stagekv_async_r2,async,2,4096,5,13,decode_steady,15,1499.4873693212867,1499.4237060546875,1266.3617807626724
stagekv_async_r2,async,2,4096,5,14,decode_steady,15,2098.7169863656163,2098.629638671875,2050.9729855060577
stagekv_async_r2,async,2,4096,5,15,decode_steady,4,1501.1888653971255,1501.1256103515625,1351.382913351059
stagekv_async_r2,async,2,4096,5,16,decode_steady,220,1713.0463062785566,1712.97265625,1631.4014647006989
stagekv_async_r2,async,2,4096,5,17,decode_steady,16,1684.6038498915732,1684.5318603515625,1648.5140191316605
stagekv_async_r2,async,2,4096,5,18,decode_steady,15,1887.8807490691543,1887.80029296875,1838.7029682397842
stagekv_async_r2,async,2,4096,5,19,decode_steady,15,1695.823916234076,1695.753173828125,1635.0657179355621
stagekv_async_r2,async,2,4096,5,20,decode_steady,4,2196.4793070219457,2196.38916015625,1874.8204613924026
stagekv_async_r2,async,2,4096,5,21,decode_steady,220,1800.6625259295106,1800.5872802734375,1660.7403556108475
stagekv_async_r2,async,2,4096,5,22,decode_steady,16,2399.342692922801,2399.244140625,2361.3407349586487
stagekv_async_r2,async,2,4096,5,23,decode_steady,15,2189.299068879336,2189.20849609375,2138.2788701057434
stagekv_async_r2,async,2,4096,5,24,decode_steady,15,1403.9613017812371,1403.90380859375,1167.2863628864288
stagekv_async_r2,async,2,4096,5,25,decode_steady,4,1299.74096827209,1299.6866455078125,1074.8664947748184
stagekv_async_r2,async,2,4096,5,26,decode_steady,220,1403.0257412232459,1402.969970703125,1369.0257893800735
stagekv_async_r2,async,2,4096,5,27,decode_steady,16,1200.4705257713795,1200.4205322265625,1153.2304381132126
stagekv_async_r2,async,2,4096,5,28,decode_steady,15,1296.2739956565201,1296.2200927734375,1155.78671336174
stagekv_async_r2,async,2,4096,5,29,decode_steady,15,1997.2586827352643,1997.16455078125,1842.2126561403275
stagekv_async_r2,async,2,4096,5,30,decode_steady,4,1613.004026003182,1601.337158203125,1458.1482969522476
stagekv_async_r2,async,2,4096,5,31,decode_steady,220,1200.988604221493,1200.93701171875,1059.1531566381454
stagekv_async_r2,async,2,4096,5,32,decode_steady,16,41.40655370429158,41.40031814575195,18.70793604850769
stagekv_async_r4,async,4,4096,5,1,prefill_ttft,220,422.894231043756,422.8372497558594,0.0
stagekv_async_r4,async,4,4096,5,2,decode_first,16,26.38405980542302,26.378080368041992,0.0
stagekv_async_r4,async,4,4096,5,3,decode_steady,15,25.422267150133848,25.416608810424805,0.0
stagekv_async_r4,async,4,4096,5,4,decode_steady,15,25.28552571311593,25.27948760986328,0.0
stagekv_async_r4,async,4,4096,5,5,decode_steady,4,25.23001004010439,25.224191665649414,0.0
stagekv_async_r4,async,4,4096,5,6,decode_steady,220,25.30960226431489,25.304256439208984,0.0
stagekv_async_r4,async,4,4096,5,7,decode_steady,16,25.25363489985466,25.247743606567383,0.0
stagekv_async_r4,async,4,4096,5,8,decode_steady,15,25.294763036072254,25.288671493530273,0.0
stagekv_async_r4,async,4,4096,5,9,decode_steady,15,25.187477935105562,25.18230438232422,0.0
stagekv_async_r4,async,4,4096,5,10,decode_steady,4,25.26087872684002,25.254911422729492,0.0
stagekv_async_r4,async,4,4096,5,11,decode_steady,220,25.28517320752144,25.279104232788086,0.0
stagekv_async_r4,async,4,4096,5,12,decode_steady,16,25.690930895507336,25.685888290405273,0.0
stagekv_async_r4,async,4,4096,5,13,decode_steady,15,25.162738747894764,25.15660858154297,0.0
stagekv_async_r4,async,4,4096,5,14,decode_steady,15,24.797338992357254,24.785919189453125,0.0
stagekv_async_r4,async,4,4096,5,15,decode_steady,4,24.35431070625782,24.34841537475586,0.0
stagekv_async_r4,async,4,4096,5,16,decode_steady,220,24.638626258820295,24.632320404052734,0.0
stagekv_async_r4,async,4,4096,5,17,decode_steady,16,24.830283131450415,24.823776245117188,0.0
stagekv_async_r4,async,4,4096,5,18,decode_steady,15,25.293328799307346,25.28665542602539,0.0
stagekv_async_r4,async,4,4096,5,19,decode_steady,15,25.560620706528425,25.554847717285156,0.0
stagekv_async_r4,async,4,4096,5,20,decode_steady,4,25.551503989845514,25.546464920043945,0.0
stagekv_async_r4,async,4,4096,5,21,decode_steady,220,25.428017135709524,25.421823501586914,0.0
stagekv_async_r4,async,4,4096,5,22,decode_steady,16,25.607611052691936,25.593856811523438,0.0
stagekv_async_r4,async,4,4096,5,23,decode_steady,15,25.718444027006626,25.71161651611328,0.0
stagekv_async_r4,async,4,4096,5,24,decode_steady,15,25.598553009331226,25.592832565307617,0.0
stagekv_async_r4,async,4,4096,5,25,decode_steady,4,25.60829184949398,25.60188865661621,0.0
stagekv_async_r4,async,4,4096,5,26,decode_steady,220,25.59997607022524,25.592992782592773,0.0
stagekv_async_r4,async,4,4096,5,27,decode_steady,16,25.455529801547527,25.44918441772461,0.0
stagekv_async_r4,async,4,4096,5,28,decode_steady,15,25.565069168806076,25.559232711791992,0.0
stagekv_async_r4,async,4,4096,5,29,decode_steady,15,25.595808867365122,25.589759826660156,0.0
stagekv_async_r4,async,4,4096,5,30,decode_steady,4,25.561172049492598,25.55571174621582,0.0
stagekv_async_r4,async,4,4096,5,31,decode_steady,220,25.62261000275612,25.616384506225586,0.0
stagekv_async_r4,async,4,4096,5,32,decode_steady,16,25.530343409627676,25.5250244140625,0.0
standard,standard,,4096,5,1,prefill_ttft,220,409.37494300305843,409.34912109375,0.0
standard,standard,,4096,5,2,decode_first,16,21.685501094907522,21.679967880249023,0.0
standard,standard,,4096,5,3,decode_steady,15,21.355017088353634,21.349376678466797,0.0
standard,standard,,4096,5,4,decode_steady,15,21.546805277466774,21.540895462036133,0.0
standard,standard,,4096,5,5,decode_steady,4,21.404182072728872,21.397504806518555,0.0
standard,standard,,4096,5,6,decode_steady,220,21.42189582809806,21.415935516357422,0.0
standard,standard,,4096,5,7,decode_steady,16,21.33680274710059,21.330944061279297,0.0
standard,standard,,4096,5,8,decode_steady,15,21.436993964016438,21.431135177612305,0.0
standard,standard,,4096,5,9,decode_steady,15,21.34209219366312,21.335039138793945,0.0
standard,standard,,4096,5,10,decode_steady,4,21.447474136948586,21.440671920776367,0.0
standard,standard,,4096,5,11,decode_steady,220,21.417496725916862,21.410816192626953,0.0
standard,standard,,4096,5,12,decode_steady,16,21.40138577669859,21.395296096801758,0.0
standard,standard,,4096,5,13,decode_steady,15,21.39740902930498,21.39116859436035,0.0
standard,standard,,4096,5,14,decode_steady,15,21.312355995178223,21.306367874145508,0.0
standard,standard,,4096,5,15,decode_steady,4,21.992607973515987,21.986143112182617,0.0
standard,standard,,4096,5,16,decode_steady,220,21.383061073720455,21.375999450683594,0.0
standard,standard,,4096,5,17,decode_steady,16,21.395595278590918,21.387264251708984,0.0
standard,standard,,4096,5,18,decode_steady,15,21.406635642051697,21.399551391601562,0.0
standard,standard,,4096,5,19,decode_steady,15,21.397789008915424,21.391359329223633,0.0
standard,standard,,4096,5,20,decode_steady,4,21.43049193546176,21.423871994018555,0.0
standard,standard,,4096,5,21,decode_steady,220,21.36029815301299,21.35443115234375,0.0
standard,standard,,4096,5,22,decode_steady,16,21.37556718662381,21.369855880737305,0.0
standard,standard,,4096,5,23,decode_steady,15,21.261959336698055,21.25619125366211,0.0
standard,standard,,4096,5,24,decode_steady,15,21.378792822360992,21.373056411743164,0.0
standard,standard,,4096,5,25,decode_steady,4,21.347022149711847,21.340160369873047,0.0
standard,standard,,4096,5,26,decode_steady,220,21.29641594365239,21.28998374938965,0.0
standard,standard,,4096,5,27,decode_steady,16,21.426895167678595,21.421056747436523,0.0
standard,standard,,4096,5,28,decode_steady,15,21.432976704090834,21.42697525024414,0.0
standard,standard,,4096,5,29,decode_steady,15,21.386918146163225,21.380895614624023,0.0
standard,standard,,4096,5,30,decode_steady,4,21.319308783859015,21.313535690307617,0.0
standard,standard,,4096,5,31,decode_steady,220,21.36150887235999,21.355520248413086,0.0
standard,standard,,4096,5,32,decode_steady,16,21.490096114575863,21.4835205078125,0.0
stagekv_sync_r0,sync,0,4096,5,1,prefill_ttft,220,3690.241462085396,3613.29150390625,0.0
stagekv_sync_r0,sync,0,4096,5,2,decode_first,16,5580.257570836693,5508.95703125,0.0
stagekv_sync_r0,sync,0,4096,5,3,decode_steady,15,2022.3559979349375,2022.2791748046875,0.0
stagekv_sync_r0,sync,0,4096,5,4,decode_steady,15,1598.4875550493598,1598.4229736328125,0.0
stagekv_sync_r0,sync,0,4096,5,5,decode_steady,4,1701.8777998164296,1701.810302734375,0.0
stagekv_sync_r0,sync,0,4096,5,6,decode_steady,220,1402.2330329753458,1402.175537109375,0.0
stagekv_sync_r0,sync,0,4096,5,7,decode_steady,16,1398.9141141064465,1398.8577880859375,0.0
stagekv_sync_r0,sync,0,4096,5,8,decode_steady,15,1497.238411102444,1497.177978515625,0.0
stagekv_sync_r0,sync,0,4096,5,9,decode_steady,15,1701.6732217743993,1701.605224609375,0.0
stagekv_sync_r0,sync,0,4096,5,10,decode_steady,4,1903.9441887289286,1903.867919921875,0.0
stagekv_sync_r0,sync,0,4096,5,11,decode_steady,220,3196.9858058728278,3196.865478515625,0.0
stagekv_sync_r0,sync,0,4096,5,12,decode_steady,16,1974.6437352150679,1974.519775390625,0.0
stagekv_sync_r0,sync,0,4096,5,13,decode_steady,15,2020.6044861115515,2020.527099609375,0.0
stagekv_sync_r0,sync,0,4096,5,14,decode_steady,15,1997.362941969186,1986.9228515625,0.0
stagekv_sync_r0,sync,0,4096,5,15,decode_steady,4,3281.2423850409687,3204.797119140625,0.0
stagekv_sync_r0,sync,0,4096,5,16,decode_steady,220,3219.901500735432,3219.78466796875,0.0
stagekv_sync_r0,sync,0,4096,5,17,decode_steady,16,3779.645775910467,3703.4228515625,0.0
stagekv_sync_r0,sync,0,4096,5,18,decode_steady,15,3407.2412429377437,3407.065185546875,0.0
stagekv_sync_r0,sync,0,4096,5,19,decode_steady,15,2113.7183723039925,2113.638427734375,0.0
stagekv_sync_r0,sync,0,4096,5,20,decode_steady,4,2200.9326121769845,2200.849609375,0.0
stagekv_sync_r0,sync,0,4096,5,21,decode_steady,220,3695.7549094222486,3684.98388671875,0.0
stagekv_sync_r0,sync,0,4096,5,22,decode_steady,16,2502.446339931339,2502.352783203125,0.0
stagekv_sync_r0,sync,0,4096,5,23,decode_steady,15,3001.833900809288,3001.72509765625,0.0
stagekv_sync_r0,sync,0,4096,5,24,decode_steady,15,4403.338368982077,4403.1845703125,0.0
stagekv_sync_r0,sync,0,4096,5,25,decode_steady,4,2199.0960179828107,2199.01611328125,0.0
stagekv_sync_r0,sync,0,4096,5,26,decode_steady,220,4596.928731072694,4503.68701171875,0.0
stagekv_sync_r0,sync,0,4096,5,27,decode_steady,16,2603.0701510608196,2602.97998046875,0.0
stagekv_sync_r0,sync,0,4096,5,28,decode_steady,15,2299.45666808635,2299.37451171875,0.0
stagekv_sync_r0,sync,0,4096,5,29,decode_steady,15,1999.4805622845888,1999.4071044921875,0.0
stagekv_sync_r0,sync,0,4096,5,30,decode_steady,4,1999.3388107977808,1999.265625,0.0
stagekv_sync_r0,sync,0,4096,5,31,decode_steady,220,1903.2359109260142,1903.167236328125,0.0
stagekv_sync_r0,sync,0,4096,5,32,decode_steady,16,99.71736604347825,99.70976257324219,0.0
stagekv_sync_r1,sync,1,4096,5,1,prefill_ttft,220,2290.137160103768,2290.058349609375,0.0
stagekv_sync_r1,sync,1,4096,5,2,decode_first,16,1286.9667299091816,1286.91796875,0.0
stagekv_sync_r1,sync,1,4096,5,3,decode_steady,15,1101.672041695565,1101.6304931640625,0.0
stagekv_sync_r1,sync,1,4096,5,4,decode_steady,15,1001.0685496963561,1001.0296020507812,0.0
stagekv_sync_r1,sync,1,4096,5,5,decode_steady,4,1497.3834292031825,1497.32861328125,0.0
stagekv_sync_r1,sync,1,4096,5,6,decode_steady,220,1199.547195341438,1199.50341796875,0.0
stagekv_sync_r1,sync,1,4096,5,7,decode_steady,16,1309.9983357824385,1301.7138671875,0.0
stagekv_sync_r1,sync,1,4096,5,8,decode_steady,15,1988.718543201685,1988.6497802734375,0.0
stagekv_sync_r1,sync,1,4096,5,9,decode_steady,15,1300.1497769728303,1300.10107421875,0.0
stagekv_sync_r1,sync,1,4096,5,10,decode_steady,4,1300.199608784169,1300.1505126953125,0.0
stagekv_sync_r1,sync,1,4096,5,11,decode_steady,220,1202.5667503476143,1202.522216796875,0.0
stagekv_sync_r1,sync,1,4096,5,12,decode_steady,16,1596.6798500157893,1596.6214599609375,0.0
stagekv_sync_r1,sync,1,4096,5,13,decode_steady,15,1686.4870660938323,1680.5765380859375,0.0
stagekv_sync_r1,sync,1,4096,5,14,decode_steady,15,1113.493432290852,1113.4522705078125,0.0
stagekv_sync_r1,sync,1,4096,5,15,decode_steady,4,1499.379557557404,1499.3275146484375,0.0
stagekv_sync_r1,sync,1,4096,5,16,decode_steady,220,1800.628762692213,1800.5650634765625,0.0
stagekv_sync_r1,sync,1,4096,5,17,decode_steady,16,1785.3390169329941,1780.023193359375,0.0
stagekv_sync_r1,sync,1,4096,5,18,decode_steady,15,1397.18027273193,1397.1312255859375,0.0
stagekv_sync_r1,sync,1,4096,5,19,decode_steady,15,1520.5541490577161,1520.4986572265625,0.0
stagekv_sync_r1,sync,1,4096,5,20,decode_steady,4,1577.6634840294719,1577.60302734375,0.0
stagekv_sync_r1,sync,1,4096,5,21,decode_steady,220,3003.2404181547463,3003.139892578125,0.0
stagekv_sync_r1,sync,1,4096,5,22,decode_steady,16,2403.314599301666,2403.23388671875,0.0
stagekv_sync_r1,sync,1,4096,5,23,decode_steady,15,2099.9987139366567,2099.927978515625,0.0
stagekv_sync_r1,sync,1,4096,5,24,decode_steady,15,2100.06084991619,2099.987548828125,0.0
stagekv_sync_r1,sync,1,4096,5,25,decode_steady,4,2998.188773635775,2998.084716796875,0.0
stagekv_sync_r1,sync,1,4096,5,26,decode_steady,220,2980.9334529563785,2980.83203125,0.0
stagekv_sync_r1,sync,1,4096,5,27,decode_steady,16,2701.298762112856,2701.206298828125,0.0
stagekv_sync_r1,sync,1,4096,5,28,decode_steady,15,1801.7765027470887,1801.713623046875,0.0
stagekv_sync_r1,sync,1,4096,5,29,decode_steady,15,1916.6656299494207,1916.600341796875,0.0
stagekv_sync_r1,sync,1,4096,5,30,decode_steady,4,1882.3160300962627,1882.25244140625,0.0
stagekv_sync_r1,sync,1,4096,5,31,decode_steady,220,1800.7824369706213,1800.71728515625,0.0
stagekv_sync_r1,sync,1,4096,5,32,decode_steady,16,62.1481379494071,62.14080047607422,0.0
stagekv_sync_r2,sync,2,4096,5,1,prefill_ttft,220,2442.0889276079834,2442.0126953125,0.0
stagekv_sync_r2,sync,2,4096,5,2,decode_first,16,2492.8392451256514,2492.752685546875,0.0
stagekv_sync_r2,sync,2,4096,5,3,decode_steady,15,1796.9832890667021,1704.583984375,0.0
stagekv_sync_r2,sync,2,4096,5,4,decode_steady,15,1802.6153701357543,1802.5545654296875,0.0
stagekv_sync_r2,sync,2,4096,5,5,decode_steady,4,2197.0116388984025,2186.23681640625,0.0
stagekv_sync_r2,sync,2,4096,5,6,decode_steady,220,2704.9678079783916,2704.880615234375,0.0
stagekv_sync_r2,sync,2,4096,5,7,decode_steady,16,1979.3954202905297,1979.3233642578125,0.0
stagekv_sync_r2,sync,2,4096,5,8,decode_steady,15,2317.9016429930925,2317.824951171875,0.0
stagekv_sync_r2,sync,2,4096,5,9,decode_steady,15,1580.1031552255154,1580.0504150390625,0.0
stagekv_sync_r2,sync,2,4096,5,10,decode_steady,4,1519.515065010637,1519.46337890625,0.0
stagekv_sync_r2,sync,2,4096,5,11,decode_steady,220,2381.378955207765,2381.3017578125,0.0
stagekv_sync_r2,sync,2,4096,5,12,decode_steady,16,1322.420340962708,1322.376220703125,0.0
stagekv_sync_r2,sync,2,4096,5,13,decode_steady,15,1576.9278458319604,1576.875244140625,0.0
stagekv_sync_r2,sync,2,4096,5,14,decode_steady,15,1418.5584741644561,1418.510009765625,0.0
stagekv_sync_r2,sync,2,4096,5,15,decode_steady,4,1699.830783996731,1699.7755126953125,0.0
stagekv_sync_r2,sync,2,4096,5,16,decode_steady,220,1580.7884568348527,1580.7376708984375,0.0
stagekv_sync_r2,sync,2,4096,5,17,decode_steady,16,2098.001569043845,2097.8994140625,0.0
stagekv_sync_r2,sync,2,4096,5,18,decode_steady,15,2299.559799954295,2222.960693359375,0.0
stagekv_sync_r2,sync,2,4096,5,19,decode_steady,15,2902.276284992695,2902.183837890625,0.0
stagekv_sync_r2,sync,2,4096,5,20,decode_steady,4,2401.164059061557,2401.087158203125,0.0
stagekv_sync_r2,sync,2,4096,5,21,decode_steady,220,1914.4942732527852,1902.6717529296875,0.0
stagekv_sync_r2,sync,2,4096,5,22,decode_steady,16,2481.237952131778,2388.10009765625,0.0
stagekv_sync_r2,sync,2,4096,5,23,decode_steady,15,1403.4177949652076,1403.37451171875,0.0
stagekv_sync_r2,sync,2,4096,5,24,decode_steady,15,1299.8713748529553,1299.82958984375,0.0
stagekv_sync_r2,sync,2,4096,5,25,decode_steady,4,1417.542806826532,1417.4971923828125,0.0
stagekv_sync_r2,sync,2,4096,5,26,decode_steady,220,1681.3308759592474,1681.27783203125,0.0
stagekv_sync_r2,sync,2,4096,5,27,decode_steady,16,1400.9439321234822,1400.8985595703125,0.0
stagekv_sync_r2,sync,2,4096,5,28,decode_steady,15,1499.177027028054,1499.128662109375,0.0
stagekv_sync_r2,sync,2,4096,5,29,decode_steady,15,1400.3259507007897,1400.281005859375,0.0
stagekv_sync_r2,sync,2,4096,5,30,decode_steady,4,1400.154560804367,1400.1109619140625,0.0
stagekv_sync_r2,sync,2,4096,5,31,decode_steady,220,1496.0064170882106,1403.072509765625,0.0
stagekv_sync_r2,sync,2,4096,5,32,decode_steady,16,44.96223293244839,44.95769500732422,0.0
stagekv_sync_r4,sync,4,4096,5,1,prefill_ttft,220,423.6384918913245,423.6001281738281,0.0
stagekv_sync_r4,sync,4,4096,5,2,decode_first,16,23.469955194741488,23.465152740478516,0.0
stagekv_sync_r4,sync,4,4096,5,3,decode_steady,15,23.117022588849068,23.111679077148438,0.0
stagekv_sync_r4,sync,4,4096,5,4,decode_steady,15,23.100821767002344,23.095136642456055,0.0
stagekv_sync_r4,sync,4,4096,5,5,decode_steady,4,23.05510500445962,23.05023956298828,0.0
stagekv_sync_r4,sync,4,4096,5,6,decode_steady,220,23.044885136187077,23.039775848388672,0.0
stagekv_sync_r4,sync,4,4096,5,7,decode_steady,16,23.03483709692955,23.029600143432617,0.0
stagekv_sync_r4,sync,4,4096,5,8,decode_steady,15,23.034315090626478,23.028383255004883,0.0
stagekv_sync_r4,sync,4,4096,5,9,decode_steady,15,23.434948176145554,23.429824829101562,0.0
stagekv_sync_r4,sync,4,4096,5,10,decode_steady,4,22.987776435911655,22.982656478881836,0.0
stagekv_sync_r4,sync,4,4096,5,11,decode_steady,220,22.913213819265366,22.906879425048828,0.0
stagekv_sync_r4,sync,4,4096,5,12,decode_steady,16,22.835765965282917,22.830080032348633,0.0
stagekv_sync_r4,sync,4,4096,5,13,decode_steady,15,23.122283164411783,23.11743927001953,0.0
stagekv_sync_r4,sync,4,4096,5,14,decode_steady,15,23.199168033897877,23.193344116210938,0.0
stagekv_sync_r4,sync,4,4096,5,15,decode_steady,4,23.374331649392843,23.368703842163086,0.0
stagekv_sync_r4,sync,4,4096,5,16,decode_steady,220,23.315540049225092,23.31011199951172,0.0
stagekv_sync_r4,sync,4,4096,5,17,decode_steady,16,23.41577224433422,23.409664154052734,0.0
stagekv_sync_r4,sync,4,4096,5,18,decode_steady,15,23.40143406763673,23.39619255065918,0.0
stagekv_sync_r4,sync,4,4096,5,19,decode_steady,15,23.379051126539707,23.37353515625,0.0
stagekv_sync_r4,sync,4,4096,5,20,decode_steady,4,23.40856846421957,23.403488159179688,0.0
stagekv_sync_r4,sync,4,4096,5,21,decode_steady,220,23.37782923132181,23.371776580810547,0.0
stagekv_sync_r4,sync,4,4096,5,22,decode_steady,16,23.461007047444582,23.455615997314453,0.0
stagekv_sync_r4,sync,4,4096,5,23,decode_steady,15,23.786496836692095,23.780351638793945,0.0
stagekv_sync_r4,sync,4,4096,5,24,decode_steady,15,23.221501149237156,23.217056274414062,0.0
stagekv_sync_r4,sync,4,4096,5,25,decode_steady,4,23.201402742415667,23.19478416442871,0.0
stagekv_sync_r4,sync,4,4096,5,26,decode_steady,220,23.346840403974056,23.34105682373047,0.0
stagekv_sync_r4,sync,4,4096,5,27,decode_steady,16,23.216270841658115,23.211008071899414,0.0
stagekv_sync_r4,sync,4,4096,5,28,decode_steady,15,23.585293907672167,23.578624725341797,0.0
stagekv_sync_r4,sync,4,4096,5,29,decode_steady,15,23.46158865839243,23.456544876098633,0.0
stagekv_sync_r4,sync,4,4096,5,30,decode_steady,4,23.378008976578712,23.372512817382812,0.0
stagekv_sync_r4,sync,4,4096,5,31,decode_steady,220,23.394650779664516,23.38822364807129,0.0
stagekv_sync_r4,sync,4,4096,5,32,decode_steady,16,23.31636194139719,23.310335159301758,0.0
