status,generated_token_ids,step_top1_ids,prefill_wall_ms,prefill_cuda_ms,time_to_first_token_wall_ms,time_to_first_token_cuda_ms,prefill_tokens_per_second,decode_step_wall_ms,decode_step_cuda_ms,decode_step_h2d_event_ms,decode_first_step_wall_ms,decode_first_step_cuda_ms,decode_steady_wall_mean_ms,decode_steady_cuda_mean_ms,decode_steady_cuda_p50_ms,decode_steady_cuda_p95_ms,decode_steady_tokens_per_second,prefill_peak_gpu_allocated_gib,prefill_peak_gpu_reserved_gib,decode_peak_gpu_allocated_gib,decode_peak_gpu_reserved_gib,cpu_rss_before_gib,cpu_rss_after_gib,cpu_rss_delta_gib,cache_gpu_gib,cache_cpu_gib,cache_total_gib,cache_ratio,theoretical_cache_gib,staging_gpu_gib,h2d_group_transfers,h2d_gib,async_prefetch_groups,async_h2d_event_total_ms,dedicated_transfer_stream_enabled,generated_tokens,decode_forward_steps,method,family,resident_kv_heads_r,kv_group_size_g,sequence_length,trial,is_warmup,round_order_position,decode_tokens,same_generated_sequence_as_standard,all_step_top1_equal_as_standard
ok,"[220, 16, 15, 15, 4, 220, 16, 15, 15, 4, 220, 16, 15, 15, 4, 220, 16, 15, 15, 4, 220, 16, 15, 15, 4, 220, 16, 15, 15, 4, 220, 16]","[220, 16, 15, 15, 4, 220, 16, 15, 15, 4, 220, 16, 15, 15, 4, 220, 16, 15, 15, 4, 220, 16, 15, 15, 4, 220, 16, 15, 15, 4, 220, 16]",2524.9934080056846,2461.567138671875,2524.9934080056846,2461.567138671875,1663.9806144836555,"[3621.36443099007, 2305.4753011092544, 1493.1900016963482, 2221.1484061554074, 2801.581025123596, 2604.9088640138507, 2568.369315005839, 1898.2224222272635, 2401.7779799178243, 2313.8166782446206, 2683.3157795481384, 2298.28395973891, 1798.9899623207748, 1998.3122148551047, 2297.113903798163, 2195.3254789114, 2192.1547492966056, 2476.262231823057, 2698.2352640479803, 2194.886722136289, 3001.668445300311, 1495.8946551196277, 1405.8574419468641, 1481.050290632993, 1383.9701893739402, 1485.0904759950936, 2094.989388715476, 1497.342857066542, 1580.569192301482, 2383.47372924909, 44.24504190683365]","[3621.34423828125, 2305.457763671875, 1417.5457763671875, 2221.130859375, 2801.564453125, 2604.886962890625, 2493.206298828125, 1822.2049560546875, 2401.754150390625, 2298.526611328125, 2683.2998046875, 2298.269775390625, 1798.9754638671875, 1998.298095703125, 2297.09716796875, 2183.056396484375, 2185.81494140625, 2476.24609375, 2698.21435546875, 2194.870361328125, 3001.64306640625, 1495.8807373046875, 1405.8475341796875, 1481.0399169921875, 1383.95849609375, 1485.0784912109375, 2094.97509765625, 1485.850341796875, 1580.558349609375, 2383.459228515625, 44.2501106262207]","[3235.6616888940334, 2154.8579252660275, 1040.1179143339396, 1919.3248042166233, 2575.6227001845837, 2133.4135241657495, 2253.1926138699055, 1314.4029778689146, 1770.5464634597301, 2063.175718486309, 2630.6758141964674, 2214.3958028554916, 1524.1892753243446, 1829.9253422170877, 2096.6921034008265, 1868.657792210579, 2016.70050907135, 2392.936320632696, 2552.3299127072096, 1852.290966719389, 2674.9595779925585, 1178.4612838327885, 1160.1565673947334, 1245.0404786765575, 1061.5731593072414, 960.0286352932453, 2031.7720099240541, 1169.1630120128393, 1175.3655981570482, 2240.057031363249, 21.490239933133125]",3621.36443099007,3621.34423828125,2043.184065585956,2034.0987219492595,2190.3426513671875,2755.0569091796874,0.49161822344675016,14.862176418304443,15.0078125,14.35469388961792,15.02734375,1.9995155334472656,1.9995155334472656,0.0,0.05510139465332031,0.16530418395996094,0.22040557861328125,1.0,0.22040557861328125,0.007871627807617188,1736,5.105804443359375,1736,56357.177763968706,True,32,31,stagekv_async_r1,async,1,2,4096,1,False,0,32,True,True
ok,"[220, 16, 15, 15, 4, 220, 16, 15, 15, 4, 220, 16, 15, 15, 4, 220, 16, 15, 15, 4, 220, 16, 15, 15, 4, 220, 16, 15, 15, 4, 220, 16]","[220, 16, 15, 15, 4, 220, 16, 15, 15, 4, 220, 16, 15, 15, 4, 220, 16, 15, 15, 4, 220, 16, 15, 15, 4, 220, 16, 15, 15, 4, 220, 16]",2250.2786917611957,2250.261474609375,2250.2786917611957,2250.261474609375,1820.2329134711017,"[2585.6819949112833, 2304.9543760716915, 1898.0653663165867, 1995.3478020615876, 1795.7628890872002, 1899.575195275247, 1403.7548741325736, 1896.5614289045334, 1803.3692138269544, 1877.0539378747344, 3100.9099590592086, 1717.0929443091154, 1598.3438859693706, 1495.9507738240063, 1095.927809830755, 1295.8378861658275, 979.9807057715952, 2116.59401608631, 1300.9060192853212, 1279.158647172153, 1218.402469996363, 1897.265087813139, 1203.8192828185856, 1472.382202744484, 1020.3998712822795, 1019.6685828268528, 1219.7027560323477, 1119.7959282435477, 1198.1170265935361, 1097.726748790592, 33.716256730258465]","[2585.662109375, 2304.93896484375, 1898.0526123046875, 1995.335693359375, 1795.7293701171875, 1883.19140625, 1403.7449951171875, 1896.54833984375, 1803.357177734375, 1877.0390625, 3100.89208984375, 1717.0770263671875, 1598.331787109375, 1495.94091796875, 1095.9185791015625, 1295.8277587890625, 979.970947265625, 2116.580322265625, 1300.89501953125, 1279.14599609375, 1218.39208984375, 1897.2528076171875, 1203.809326171875, 1395.8668212890625, 1020.391357421875, 1019.6599731445312, 1219.6917724609375, 1119.7890625, 1198.107421875, 1097.7177734375, 33.71110534667969]","[2438.1468529701233, 2097.790458679199, 1753.0941009521484, 1705.1342078447342, 1469.5226689577103, 1575.1630872488022, 1110.4365788698196, 1541.5226328372955, 1540.9188183546066, 1657.8312330245972, 2735.19447350502, 1598.5729603767395, 1429.5250861644745, 1259.6358159780502, 832.9699527025223, 1113.5025572180748, 655.5809046030045, 1887.107812345028, 870.8270002603531, 993.8023562431335, 933.2027702927589, 1635.7728377580643, 843.4555286169052, 990.3423628807068, 636.3062821626663, 925.8375633955002, 799.8579480648041, 997.3108080625534, 954.2959697246552, 915.8808220624924, 10.868063986301422]",2585.6819949112833,2585.662109375,1511.871464829892,1508.7635859171548,1399.805908203125,2220.177575683593,0.6627943631023644,14.895556449890137,15.19140625,14.38617992401123,15.2109375,1.9995155334472656,1.9995155334472656,0.0,0.11020278930664062,0.11020278930664062,0.22040557861328125,1.0,0.22040557861328125,0.007871627807617188,868,3.40386962890625,868,39909.410516142845,True,32,31,stagekv_async_r2,async,2,2,4096,1,False,1,32,True,True
ok,"[220, 16, 15, 15, 4, 220, 16, 15, 15, 4, 220, 16, 15, 15, 4, 220, 16, 15, 15, 4, 220, 16, 15, 15, 4, 220, 16, 15, 15, 4, 220, 16]","[220, 16, 15, 15, 4, 220, 16, 15, 15, 4, 220, 16, 15, 15, 4, 220, 16, 15, 15, 4, 220, 16, 15, 15, 4, 220, 16, 15, 15, 4, 220, 16]",425.24972511455417,425.2375183105469,425.24972511455417,425.2375183105469,9632.263908117182,"[25.389079935848713, 23.960722144693136, 23.864852264523506, 24.09227006137371, 24.021275341510773, 24.01180798187852, 24.026055354624987, 23.92602665349841, 24.000416975468397, 24.017789866775274, 23.999615106731653, 24.162822868674994, 24.11083411425352, 24.18635692447424, 24.17707908898592, 24.400298949331045, 24.453388992697, 24.487663060426712, 24.564026854932308, 24.711355101317167, 24.27635481581092, 24.290591944009066, 24.264784064143896, 24.62375909090042, 24.527006782591343, 24.49651015922427, 24.456695187836885, 24.478826206177473, 24.512189906090498, 24.53354001045227, 24.4748592376709]","[25.382911682128906, 23.95644760131836, 23.85919952392578, 24.088159561157227, 24.015871047973633, 24.005695343017578, 24.019968032836914, 23.92064094543457, 23.995647430419922, 24.012800216674805, 23.994367599487305, 24.152063369750977, 24.106111526489258, 24.181760787963867, 24.172351837158203, 24.394624710083008, 24.447999954223633, 24.481792449951172, 24.558591842651367, 24.705856323242188, 24.27084732055664, 24.285184860229492, 24.259584426879883, 24.617984771728516, 24.521728515625, 24.491008758544922, 24.452096939086914, 24.473663330078125, 24.50739288330078, 24.52889633178711, 24.468576431274414]","[0.0, 0.0, 0.0, 0.0, 0.0, 0.0, 0.0, 0.0, 0.0, 0.0, 0.0, 0.0, 0.0, 0.0, 0.0, 0.0, 0.0, 0.0, 0.0, 0.0, 0.0, 0.0, 0.0, 0.0, 0.0, 0.0, 0.0, 0.0, 0.0, 0.0, 0.0]",25.389079935848713,25.382911682128906,24.270325837035973,24.26489715576172,24.26521587371826,24.591257953643797,41.21179634847738,15.000550746917725,15.3671875,14.483302593231201,15.3671875,1.9995155334472656,1.9995155334472656,0.0,0.22040557861328125,0.0,0.22040557861328125,1.0,0.22040557861328125,0.0,0,0.0,0,0.0,False,32,31,stagekv_async_r4,async,4,2,4096,1,False,2,32,True,True
ok,"[220, 16, 15, 15, 4, 220, 16, 15, 15, 4, 220, 16, 15, 15, 4, 220, 16, 15, 15, 4, 220, 16, 15, 15, 4, 220, 16, 15, 15, 4, 220, 16]","[220, 16, 15, 15, 4, 220, 16, 15, 15, 4, 220, 16, 15, 15, 4, 220, 16, 15, 15, 4, 220, 16, 15, 15, 4, 220, 16, 15, 15, 4, 220, 16]",409.1708017513156,409.12384033203125,409.1708017513156,409.12384033203125,10011.63852166577,"[21.56927203759551, 21.075292956084013, 21.110399160534143, 21.024847868829966, 21.05386322364211, 20.987657830119133, 21.001614164561033, 20.999090280383825, 20.996403880417347, 21.00936882197857, 20.977579057216644, 20.98134672269225, 21.036981139332056, 21.000482141971588, 21.12071868032217, 20.967830903828144, 20.966427866369486, 20.97826125100255, 21.11956663429737, 20.966749172657728, 20.990863908082247, 20.98658587783575, 20.972678903490305, 20.982267800718546, 20.99273819476366, 20.9706355817616, 20.97279019653797, 20.985723938792944, 20.95910534262657, 20.974833983927965, 20.997947081923485]","[21.56438446044922, 21.06982421875, 21.105663299560547, 21.020416259765625, 21.048320770263672, 20.982784271240234, 20.996095657348633, 20.994047164916992, 20.990751266479492, 21.004287719726562, 20.972543716430664, 20.975616455078125, 21.031936645507812, 20.995071411132812, 21.112831115722656, 20.962432861328125, 20.961280822753906, 20.972543716430664, 21.113855361938477, 20.960256576538086, 20.985855102539062, 20.980735778808594, 20.966400146484375, 20.976640701293945, 20.986879348754883, 20.965375900268555, 20.96735954284668, 20.979711532592773, 20.954111099243164, 20.970239639282227, 20.992000579833984]","[0.0, 0.0, 0.0, 0.0, 0.0, 0.0, 0.0, 0.0, 0.0, 0.0, 0.0, 0.0, 0.0, 0.0, 0.0, 0.0, 0.0, 0.0, 0.0, 0.0, 0.0, 0.0, 0.0, 0.0, 0.0, 0.0, 0.0, 0.0, 0.0, 0.0, 0.0]",21.56927203759551,21.56438446044922,21.005355085556705,20.999862289428712,20.98431968688965,21.109605598449708,47.619359889964514,14.999261379241943,15.20703125,14.511165142059326,15.20703125,1.9995155334472656,1.9995155334472656,0.0,0.22040557861328125,0.0,0.22040557861328125,1.0,0.22040557861328125,0.0,0,0.0,0,0.0,False,32,31,standard,standard,,,4096,1,False,3,32,True,True
ok,"[220, 16, 15, 15, 4, 220, 16, 15, 15, 4, 220, 16, 15, 15, 4, 220, 16, 15, 15, 4, 220, 16, 15, 15, 4, 220, 16, 15, 15, 4, 220, 16]","[220, 16, 15, 15, 4, 220, 16, 15, 15, 4, 220, 16, 15, 15, 4, 220, 16, 15, 15, 4, 220, 16, 15, 15, 4, 220, 16, 15, 15, 4, 220, 16]",3170.1065092347562,3170.082763671875,3170.1065092347562,3170.082763671875,1292.0798305138394,"[4192.494387738407, 1205.9199451468885, 1389.9251632392406, 1201.4534031040967, 1298.7824929878116, 1501.4325599186122, 1496.7616759240627, 1202.9973468743265, 1307.7543801628053, 1487.8382738679647, 1902.872194070369, 2197.1951192244887, 2399.868046864867, 2398.3543259091675, 3200.3022208809853, 3001.052729319781, 1805.2234798669815, 1992.964802775532, 3179.7839156351984, 2120.804511010647, 2278.6802076734602, 1800.9194117039442, 2522.68785610795, 2496.1591633036733, 1800.4169263876975, 3102.3815451189876, 3479.254975914955, 1704.538383986801, 1492.432340979576, 1399.8077963478863, 42.45270788669586]","[4192.47314453125, 1198.160888671875, 1389.9149169921875, 1201.4437255859375, 1298.77197265625, 1501.408203125, 1496.7508544921875, 1202.987060546875, 1299.651611328125, 1487.828857421875, 1902.8592529296875, 2197.180419921875, 2399.853515625, 2398.340087890625, 3200.28466796875, 3001.03466796875, 1805.2105712890625, 1992.95263671875, 3104.2353515625, 2120.7919921875, 2202.393310546875, 1800.905517578125, 2522.673095703125, 2496.145263671875, 1800.4058837890625, 3102.36669921875, 3479.237548828125, 1704.52685546875, 1398.998046875, 1306.745849609375, 42.482688903808594]","[0.0, 0.0, 0.0, 0.0, 0.0, 0.0, 0.0, 0.0, 0.0, 0.0, 0.0, 0.0, 0.0, 0.0, 0.0, 0.0, 0.0, 0.0, 0.0, 0.0, 0.0, 0.0, 0.0, 0.0, 0.0, 0.0, 0.0, 0.0, 0.0, 0.0, 0.0]",4192.494387738407,4192.47314453125,1947.0339300731819,1935.2180671691895,1803.0580444335938,3157.062475585937,0.5167376312597093,14.780145168304443,15.03515625,14.26521921157837,15.03515625,1.9995155334472656,1.9995155334472656,0.0,0.0,0.22040557861328125,0.22040557861328125,1.0,0.22040557861328125,0.0,1736,6.8077392578125,0,0.0,False,32,31,stagekv_sync_r0,sync,0,2,4096,1,False,4,32,True,True
ok,"[220, 16, 15, 15, 4, 220, 16, 15, 15, 4, 220, 16, 15, 15, 4, 220, 16, 15, 15, 4, 220, 16, 15, 15, 4, 220, 16, 15, 15, 4, 220, 16]","[220, 16, 15, 15, 4, 220, 16, 15, 15, 4, 220, 16, 15, 15, 4, 220, 16, 15, 15, 4, 220, 16, 15, 15, 4, 220, 16, 15, 15, 4, 220, 16]",2435.6825510039926,2435.621826171875,2435.6825510039926,2435.621826171875,1681.7060661826063,"[3420.5023609101772, 2400.1811146736145, 1500.600507017225, 1308.5008370690048, 1868.88277111575, 1620.640380308032, 1701.4310378581285, 1680.5295287631452, 1518.1191978044808, 2782.0100798271596, 1197.9644242674112, 1020.411086268723, 1499.18999010697, 1901.3998270966113, 2798.3326371759176, 1578.9085370488465, 1821.7724421992898, 1979.443583637476, 2700.8022139780223, 2318.6009828932583, 1782.0928283035755, 1503.1987051479518, 1397.92695408687, 1299.401257187128, 1300.4782097414136, 1397.850260604173, 1305.2757000550628, 1410.1212709210813, 1399.5258137583733, 1502.119397278875, 107.54679376259446]","[3420.484619140625, 2400.1650390625, 1500.590087890625, 1301.0872802734375, 1793.138427734375, 1620.6285400390625, 1701.41796875, 1680.5167236328125, 1518.1087646484375, 2781.993896484375, 1197.955078125, 1020.402587890625, 1499.1800537109375, 1901.38671875, 2798.316650390625, 1578.778564453125, 1821.750244140625, 1979.4278564453125, 2700.78759765625, 2318.587890625, 1782.08056640625, 1503.188232421875, 1397.9166259765625, 1299.3916015625, 1300.46875, 1397.8409423828125, 1305.266845703125, 1410.0694580078125, 1387.526123046875, 1502.1097412109375, 107.54252624511719]","[0.0, 0.0, 0.0, 0.0, 0.0, 0.0, 0.0, 0.0, 0.0, 0.0, 0.0, 0.0, 0.0, 0.0, 0.0, 0.0, 0.0, 0.0, 0.0, 0.0, 0.0, 0.0, 0.0, 0.0, 0.0, 0.0, 0.0, 0.0, 0.0, 0.0, 0.0]",3420.5023609101772,3420.484619140625,1653.4419456652056,1650.2540461222331,1510.6484985351562,2745.451062011719,0.6059673068821131,14.862176418304443,15.03515625,14.34725046157837,15.03515625,1.9995155334472656,1.9995155334472656,0.0,0.05510139465332031,0.16530418395996094,0.22040557861328125,1.0,0.22040557861328125,0.0,1736,5.105804443359375,0,0.0,False,32,31,stagekv_sync_r1,sync,1,2,4096,1,False,5,32,True,True
ok,"[220, 16, 15, 15, 4, 220, 16, 15, 15, 4, 220, 16, 15, 15, 4, 220, 16, 15, 15, 4, 220, 16, 15, 15, 4, 220, 16, 15, 15, 4, 220, 16]","[220, 16, 15, 15, 4, 220, 16, 15, 15, 4, 220, 16, 15, 15, 4, 220, 16, 15, 15, 4, 220, 16, 15, 15, 4, 220, 16, 15, 15, 4, 220, 16]",2563.736518844962,2515.395263671875,2563.736518844962,2515.395263671875,1628.372311563003,"[2426.8920398317277, 2394.085784908384, 1403.2608051784337, 1197.8720747865736, 1699.7208148241043, 2102.3081140592694, 1196.351245045662, 1002.3919898085296, 1195.950928144157, 1199.5996399782598, 1303.2602877356112, 1797.047391999513, 1700.8447581902146, 2683.3523800596595, 3212.7015092410147, 2084.3144771642983, 1717.0878993347287, 1501.2109940871596, 2098.0288488790393, 2399.708703160286, 2480.0007101148367, 2704.875934869051, 2597.5610241293907, 2616.7545402422547, 2083.566676825285, 1996.0798709653318, 1903.7452973425388, 1900.7249702699482, 1700.0116975978017, 1900.9425500407815, 129.9820481799543]","[2426.859619140625, 2394.056640625, 1403.2322998046875, 1197.86083984375, 1699.7095947265625, 2102.295654296875, 1196.34326171875, 1002.3843383789062, 1195.941650390625, 1199.5904541015625, 1303.2506103515625, 1797.033935546875, 1700.8221435546875, 2683.337646484375, 3204.2138671875, 2084.302734375, 1717.0626220703125, 1501.1993408203125, 2098.01220703125, 2399.689697265625, 2403.5146484375, 2704.861328125, 2597.5439453125, 2616.732666015625, 2083.564453125, 1902.740478515625, 1903.7327880859375, 1900.7109375, 1700.000732421875, 1900.9290771484375, 129.97702026367188]","[0.0, 0.0, 0.0, 0.0, 0.0, 0.0, 0.0, 0.0, 0.0, 0.0, 0.0, 0.0, 0.0, 0.0, 0.0, 0.0, 0.0, 0.0, 0.0, 0.0, 0.0, 0.0, 0.0, 0.0, 0.0, 0.0, 0.0, 0.0, 0.0, 0.0, 0.0]",2426.8920398317277,2426.859619140625,1863.4447989054024,1857.4882537841797,1900.8200073242188,2695.175671386719,0.5383614124949343,14.895556449890137,15.19140625,14.380156993865967,15.19140625,1.9995155334472656,1.9995155334472656,0.0,0.11020278930664062,0.11020278930664062,0.22040557861328125,1.0,0.22040557861328125,0.0,868,3.40386962890625,0,0.0,False,32,31,stagekv_sync_r2,sync,2,2,4096,1,False,6,32,True,True
ok,"[220, 16, 15, 15, 4, 220, 16, 15, 15, 4, 220, 16, 15, 15, 4, 220, 16, 15, 15, 4, 220, 16, 15, 15, 4, 220, 16, 15, 15, 4, 220, 16]","[220, 16, 15, 15, 4, 220, 16, 15, 15, 4, 220, 16, 15, 15, 4, 220, 16, 15, 15, 4, 220, 16, 15, 15, 4, 220, 16, 15, 15, 4, 220, 16]",422.4639660678804,422.4529724121094,422.4639660678804,422.4529724121094,9695.753770207324,"[23.910709656774998, 23.703841026872396, 23.72350776568055, 23.62171607092023, 23.654809221625328, 23.728476837277412, 23.712647147476673, 23.64477002993226, 23.671188857406378, 23.719250224530697, 23.583754897117615, 23.660148959606886, 23.97140534594655, 23.663985077291727, 23.758484050631523, 23.6533060669899, 23.833103943616152, 23.696045856922865, 23.994888179004192, 23.933683056384325, 23.967135697603226, 23.93648773431778, 23.986993823200464, 24.024984799325466, 23.979298770427704, 23.957087192684412, 24.00216180831194, 24.145732168108225, 24.017862044274807, 24.1980510763824, 24.030955974012613]","[23.90630340576172, 23.699296951293945, 23.718591690063477, 23.61676788330078, 23.64998435974121, 23.724000930786133, 23.70844841003418, 23.640064239501953, 23.666688919067383, 23.71379280090332, 23.578624725341797, 23.655424118041992, 23.966720581054688, 23.65951919555664, 23.75369644165039, 23.648256301879883, 23.827455520629883, 23.69126319885254, 23.989248275756836, 23.92780876159668, 23.961599349975586, 23.929855346679688, 23.982080459594727, 24.019968032836914, 23.97475242614746, 23.95238494873047, 23.997440338134766, 24.14080047607422, 24.012800216674805, 24.192096710205078, 24.026111602783203]","[0.0, 0.0, 0.0, 0.0, 0.0, 0.0, 0.0, 0.0, 0.0, 0.0, 0.0, 0.0, 0.0, 0.0, 0.0, 0.0, 0.0, 0.0, 0.0, 0.0, 0.0, 0.0, 0.0, 0.0, 0.0, 0.0, 0.0, 0.0, 0.0, 0.0, 0.0]",23.910709656774998,23.90630340576172,23.839192123462755,23.83418477376302,23.790575981140137,24.08919048309326,41.956543070053435,15.000550746917725,15.3671875,14.483302593231201,15.3671875,1.9995155334472656,1.9995155334472656,0.0,0.22040557861328125,0.0,0.22040557861328125,1.0,0.22040557861328125,0.0,0,0.0,0,0.0,False,32,31,stagekv_sync_r4,sync,4,2,4096,1,False,7,32,True,True
ok,"[220, 16, 15, 15, 4, 220, 16, 15, 15, 4, 220, 16, 15, 15, 4, 220, 16, 15, 15, 4, 220, 16, 15, 15, 4, 220, 16, 15, 15, 4, 220, 16]","[220, 16, 15, 15, 4, 220, 16, 15, 15, 4, 220, 16, 15, 15, 4, 220, 16, 15, 15, 4, 220, 16, 15, 15, 4, 220, 16, 15, 15, 4, 220, 16]",3121.349514927715,3121.333251953125,3121.349514927715,3121.333251953125,1312.2597522827762,"[2465.3675947338343, 2799.4630630128086, 1919.9885851703584, 1899.0380889736116, 1899.9755969271064, 1698.4439110383391, 3000.965192914009, 3079.772491939366, 3317.835232708603, 2891.5191339328885, 3497.300853021443, 2699.472846928984, 2720.5099910497665, 2219.0352589823306, 2377.3027500137687, 2895.189112983644, 4215.43948771432, 2581.5614298917353, 1879.210284911096, 2301.900257822126, 1692.4739070236683, 1581.9570920430124, 1998.7981207668781, 1582.6298999600112, 2294.7972817346454, 2197.712198831141, 1986.5719308145344, 1707.872232887894, 1682.1095091290772, 1498.3787848614156, 45.54785927757621]","[2395.102294921875, 2727.75146484375, 1919.9754638671875, 1899.0244140625, 1899.96337890625, 1698.4317626953125, 3000.947998046875, 3079.7568359375, 3317.818359375, 2891.501953125, 3497.28369140625, 2699.45849609375, 2720.49560546875, 2219.022216796875, 2301.69677734375, 2895.1728515625, 4215.4208984375, 2581.548095703125, 1879.19873046875, 2301.879150390625, 1681.19189453125, 1581.94580078125, 1987.0556640625, 1582.61962890625, 2294.782958984375, 2197.699462890625, 1986.5589599609375, 1707.8558349609375, 1682.0999755859375, 1498.366943359375, 45.54246520996094]","[2279.7482491135597, 2219.5871608257294, 1730.8390071988106, 1707.2672780752182, 1579.0034428238869, 1415.0889312028885, 2716.585432589054, 2799.898238658905, 3080.3199541568756, 2360.8698654174805, 3220.568186044693, 2330.699633359909, 2445.6607649326324, 1976.9774680137634, 2088.554685473442, 2568.316599726677, 4176.244349002838, 2468.336960196495, 1549.695617377758, 1783.109849512577, 1629.638163626194, 1073.6260205507278, 1755.8645310401917, 1264.047568678856, 1842.4360342621803, 1935.418497622013, 1562.3258192539215, 1007.3011739253998, 1191.2755870819092, 982.7413328886032, 22.969600081443787]",2465.3675947338343,2395.102294921875,2272.092412908872,2266.402257792155,2208.36083984375,3416.524291992187,0.44122794025724404,14.780145168304443,15.0078125,14.27266263961792,15.02734375,1.9995155334472656,1.9995155334472656,0.0,0.0,0.22040557861328125,0.22040557861328125,1.0,0.22040557861328125,0.007871627807617188,1736,6.8077392578125,1736,60765.016002714634,True,32,31,stagekv_async_r0,async,0,2,4096,1,False,8,32,True,True
ok,"[220, 16, 15, 15, 4, 220, 16, 15, 15, 4, 220, 16, 15, 15, 4, 220, 16, 15, 15, 4, 220, 16, 15, 15, 4, 220, 16, 15, 15, 4, 220, 16]","[220, 16, 15, 15, 4, 220, 16, 15, 15, 4, 220, 16, 15, 15, 4, 220, 16, 15, 15, 4, 220, 16, 15, 15, 4, 220, 16, 15, 15, 4, 220, 16]",423.99522429332137,423.96856689453125,423.99522429332137,423.96856689453125,9661.093580597788,"[24.872547015547752, 24.23528814688325, 24.1397088393569, 24.183209985494614, 24.094913620501757, 24.10310972481966, 24.04519123956561, 24.139036890119314, 24.135340005159378, 24.15126981213689, 24.007189087569714, 24.284299928694963, 24.13042075932026, 24.09793995320797, 24.044860154390335, 24.099071975797415, 23.99243088439107, 24.299959652125835, 24.398005101829767, 24.423663038760424, 24.377556052058935, 24.37155367806554, 24.272076785564423, 24.627847131341696, 24.36694595962763, 24.339323863387108, 24.381502997130156, 24.45122506469488, 24.335546884685755, 24.43985315039754, 24.310708977282047]","[24.86774444580078, 24.229888916015625, 24.13465690612793, 24.177663803100586, 24.090496063232422, 24.09779167175293, 24.040447235107422, 24.1343994140625, 24.13055992126465, 24.146656036376953, 24.002208709716797, 24.27801513671875, 24.12505531311035, 24.09267234802246, 24.039775848388672, 24.093408584594727, 23.98736000061035, 24.29542350769043, 24.392704010009766, 24.418304443359375, 24.3723201751709, 24.366079330444336, 24.2675838470459, 24.622079849243164, 24.361984252929688, 24.333311080932617, 24.376319885253906, 24.445951461791992, 24.33020782470703, 24.434688568115234, 24.3056640625]","[0.0, 0.0, 0.0, 0.0, 0.0, 0.0, 0.0, 0.0, 0.0, 0.0, 0.0, 0.0, 0.0, 0.0, 0.0, 0.0, 0.0, 0.0, 0.0, 0.0, 0.0, 0.0, 0.0, 0.0, 0.0, 0.0, 0.0, 0.0, 0.0, 0.0, 0.0]",24.872547015547752,24.86774444580078,24.24263497814536,24.237455940246583,24.24873638153076,24.44088315963745,41.25845560958764,15.000550746917725,15.3671875,14.483302593231201,15.3671875,1.9995155334472656,1.9995155334472656,0.0,0.22040557861328125,0.0,0.22040557861328125,1.0,0.22040557861328125,0.0,0,0.0,0,0.0,False,32,31,stagekv_async_r4,async,4,2,4096,2,False,0,32,True,True
ok,"[220, 16, 15, 15, 4, 220, 16, 15, 15, 4, 220, 16, 15, 15, 4, 220, 16, 15, 15, 4, 220, 16, 15, 15, 4, 220, 16, 15, 15, 4, 220, 16]","[220, 16, 15, 15, 4, 220, 16, 15, 15, 4, 220, 16, 15, 15, 4, 220, 16, 15, 15, 4, 220, 16, 15, 15, 4, 220, 16, 15, 15, 4, 220, 16]",410.0107070989907,409.9953308105469,410.0107070989907,409.9953308105469,9990.357675299245,"[21.771944127976894, 21.046309731900692, 20.999552216380835, 21.042692940682173, 21.005321759730577, 20.97000600770116, 20.96850285306573, 20.974735263735056, 20.98085591569543, 20.962612237781286, 20.98361123353243, 20.97087725996971, 20.98207827657461, 20.986116025596857, 20.984201692044735, 20.96918411552906, 20.98805969581008, 20.983672235161066, 21.003769244998693, 20.994883030653, 20.999351050704718, 20.986938383430243, 20.983981899917126, 20.994021091610193, 20.987919066101313, 20.990504883229733, 20.97339229658246, 20.98675724118948, 20.97575692459941, 20.98134672269225, 20.982608664780855]","[21.765920639038086, 21.041088104248047, 20.994848251342773, 21.0380802154541, 20.999168395996094, 20.964351654052734, 20.962528228759766, 20.969472885131836, 20.975616455078125, 20.958080291748047, 20.978559494018555, 20.965343475341797, 20.976640701293945, 20.980735778808594, 20.979711532592773, 20.96406364440918, 20.981760025024414, 20.978559494018555, 20.999008178710938, 20.989696502685547, 20.994047164916992, 20.980735778808594, 20.977664947509766, 20.9815673828125, 20.98271942138672, 20.984832763671875, 20.967519760131836, 20.980735778808594, 20.970304489135742, 20.975616455078125, 20.977664947509766]","[0.0, 0.0, 0.0, 0.0, 0.0, 0.0, 0.0, 0.0, 0.0, 0.0, 0.0, 0.0, 0.0, 0.0, 0.0, 0.0, 0.0, 0.0, 0.0, 0.0, 0.0, 0.0, 0.0, 0.0, 0.0, 0.0, 0.0, 0.0, 0.0, 0.0, 0.0]",21.771944127976894,21.765920639038086,20.987987332046032,20.98235740661621,20.979135513305664,21.020569896698,47.65908713787696,14.999261379241943,15.20703125,14.511165142059326,15.20703125,1.9995155334472656,1.9995155334472656,0.0,0.22040557861328125,0.0,0.22040557861328125,1.0,0.22040557861328125,0.0,0,0.0,0,0.0,False,32,31,standard,standard,,,4096,2,False,1,32,True,True
ok,"[220, 16, 15, 15, 4, 220, 16, 15, 15, 4, 220, 16, 15, 15, 4, 220, 16, 15, 15, 4, 220, 16, 15, 15, 4, 220, 16, 15, 15, 4, 220, 16]","[220, 16, 15, 15, 4, 220, 16, 15, 15, 4, 220, 16, 15, 15, 4, 220, 16, 15, 15, 4, 220, 16, 15, 15, 4, 220, 16, 15, 15, 4, 220, 16]",3421.2080370634794,3421.1904296875,3421.2080370634794,3421.1904296875,1197.2440833625676,"[1787.1109209954739, 1302.70282831043, 1493.9128728583455, 1902.8711221180856, 1596.742995083332, 1603.8891351781785, 1304.9517860636115, 1593.8983759842813, 2000.8481619879603, 1499.5400770567358, 1400.3442018292844, 1599.9002419412136, 1698.895974084735, 1404.0291463024914, 1697.4685732275248, 1403.0445590615273, 1494.749075267464, 1515.4921310022473, 1485.832218080759, 1499.0947521291673, 1499.3277369067073, 1504.3095662258565, 1399.0113739855587, 1513.2838212884963, 1483.3254260011017, 1602.806129027158, 1498.4404928982258, 1398.390956223011, 2404.653520323336, 2196.140138898045, 54.99843182042241]","[1787.09814453125, 1302.69189453125, 1401.1412353515625, 1902.8604736328125, 1503.786865234375, 1603.879638671875, 1304.9415283203125, 1593.887939453125, 2000.8365478515625, 1499.530029296875, 1400.3341064453125, 1599.890380859375, 1698.8846435546875, 1404.0186767578125, 1697.4571533203125, 1403.03466796875, 1494.7398681640625, 1515.43603515625, 1485.822265625, 1499.0848388671875, 1499.31005859375, 1504.298828125, 1398.9949951171875, 1513.2733154296875, 1483.3150634765625, 1602.7945556640625, 1498.421142578125, 1398.381591796875, 2404.640869140625, 2196.126708984375, 54.99388885498047]","[0.0, 0.0, 0.0, 0.0, 0.0, 0.0, 0.0, 0.0, 0.0, 0.0, 0.0, 0.0, 0.0, 0.0, 0.0, 0.0, 0.0, 0.0, 0.0, 0.0, 0.0, 0.0, 0.0, 0.0, 0.0, 0.0, 0.0, 0.0, 0.0, 0.0, 0.0]",1787.1109209954739,1787.09814453125,1535.0965273721765,1528.8936602274578,1499.4200439453125,2108.2461364746086,0.6540677262349477,14.780145168304443,15.03515625,14.26521921157837,15.03515625,1.9995155334472656,1.9995155334472656,0.0,0.0,0.22040557861328125,0.22040557861328125,1.0,0.22040557861328125,0.0,1736,6.8077392578125,0,0.0,False,32,31,stagekv_sync_r0,sync,0,2,4096,2,False,2,32,True,True
ok,"[220, 16, 15, 15, 4, 220, 16, 15, 15, 4, 220, 16, 15, 15, 4, 220, 16, 15, 15, 4, 220, 16, 15, 15, 4, 220, 16, 15, 15, 4, 220, 16]","[220, 16, 15, 15, 4, 220, 16, 15, 15, 4, 220, 16, 15, 15, 4, 220, 16, 15, 15, 4, 220, 16, 15, 15, 4, 220, 16, 15, 15, 4, 220, 16]",2551.2732290662825,2551.26025390625,2551.2732290662825,2551.26025390625,1605.4810534239264,"[891.4660266600549, 899.1771512664855, 994.8439686559141, 802.6317865587771, 1199.7003918513656, 1097.374484874308, 999.1825348697603, 1297.8868838399649, 1100.835690740496, 1003.4873783588409, 998.9303862676024, 1297.2696973010898, 1100.8693790063262, 1004.0687769651413, 2498.21879575029, 2201.5783530659974, 2899.0149907767773, 2495.3517629764974, 2505.130529869348, 3097.8791839443147, 1971.916798967868, 2819.478476885706, 1704.3267344124615, 1695.4079335555434, 1399.6055191382766, 1703.2371326349676, 2199.3730696849525, 1201.0111552663147, 1401.524730026722, 1096.1116403341293, 38.3855109103024]","[891.459228515625, 899.1685180664062, 994.8364868164062, 802.6234741210938, 1199.691650390625, 1097.364501953125, 999.17431640625, 1297.8544921875, 1100.82763671875, 1003.4779052734375, 998.921875, 1297.258544921875, 1100.8602294921875, 1004.0594482421875, 2498.20068359375, 2201.545654296875, 2898.9970703125, 2495.33740234375, 2505.114501953125, 3097.862060546875, 1971.90234375, 2819.461181640625, 1704.3138427734375, 1619.272705078125, 1323.0009765625, 1703.2274169921875, 2199.3583984375, 1201.00244140625, 1401.5140380859375, 1096.1029052734375, 38.37849426269531]","[0.0, 0.0, 0.0, 0.0, 0.0, 0.0, 0.0, 0.0, 0.0, 0.0, 0.0, 0.0, 0.0, 0.0, 0.0, 0.0, 0.0, 0.0, 0.0, 0.0, 0.0, 0.0, 0.0, 0.0, 0.0, 0.0, 0.0, 0.0, 0.0, 0.0, 0.0]",891.4660266600549,891.459228515625,1557.4603609585513,1552.3570398966472,1297.5565185546875,2863.205920410156,0.6441817019534231,14.862176418304443,15.03515625,14.34725046157837,15.03515625,1.9995155334472656,1.9995155334472656,0.0,0.05510139465332031,0.16530418395996094,0.22040557861328125,1.0,0.22040557861328125,0.0,1736,5.105804443359375,0,0.0,False,32,31,stagekv_sync_r1,sync,1,2,4096,2,False,3,32,True,True
ok,"[220, 16, 15, 15, 4, 220, 16, 15, 15, 4, 220, 16, 15, 15, 4, 220, 16, 15, 15, 4, 220, 16, 15, 15, 4, 220, 16, 15, 15, 4, 220, 16]","[220, 16, 15, 15, 4, 220, 16, 15, 15, 4, 220, 16, 15, 15, 4, 220, 16, 15, 15, 4, 220, 16, 15, 15, 4, 220, 16, 15, 15, 4, 220, 16]",1597.0679707825184,1530.082275390625,1597.0679707825184,1530.082275390625,2676.9802290235043,"[1017.6673890091479, 1087.0693465694785, 2012.6376282423735, 1181.1787700280547, 906.8841161206365, 897.5109439343214, 1700.8986161090434, 1596.863348968327, 1000.133887398988, 904.7134579159319, 1593.6360945925117, 1098.4096149913967, 720.5176339484751, 879.1743363253772, 905.6157586164773, 1596.6078848578036, 1500.4843529313803, 1802.018181886524, 1099.600053858012, 1098.0222458019853, 1101.836368907243, 996.7427840456367, 1200.7152391597629, 1202.8245883993804, 1002.4431222118437, 997.1255911514163, 1398.7521450035274, 1816.2927809171379, 1582.2644312866032, 2800.0805219635367, 34.04411440715194]","[1007.1456909179688, 1087.0609130859375, 2001.2738037109375, 1088.2742919921875, 906.8779296875, 897.5025634765625, 1700.8885498046875, 1596.853271484375, 1000.1264038085938, 904.7039794921875, 1593.626708984375, 1005.3280639648438, 720.51171875, 786.0028076171875, 905.607177734375, 1596.5972900390625, 1500.46923828125, 1802.0003662109375, 1099.5906982421875, 1098.0128173828125, 1101.8275146484375, 996.7340087890625, 1200.7044677734375, 1202.8153076171875, 1002.4314575195312, 997.1177368164062, 1398.65283203125, 1816.28173828125, 1582.251953125, 2800.0625, 34.03878402709961]","[0.0, 0.0, 0.0, 0.0, 0.0, 0.0, 0.0, 0.0, 0.0, 0.0, 0.0, 0.0, 0.0, 0.0, 0.0, 0.0, 0.0, 0.0, 0.0, 0.0, 0.0, 0.0, 0.0, 0.0, 0.0, 0.0, 0.0, 0.0, 0.0, 0.0, 0.0]",1017.6673890091479,1007.1456909179688,1257.1699320183445,1247.474229812622,1098.8017578125,1918.0273742675777,0.8016197658449472,14.895556449890137,15.19140625,14.380156993865967,15.19140625,1.9995155334472656,1.9995155334472656,0.0,0.11020278930664062,0.11020278930664062,0.22040557861328125,1.0,0.22040557861328125,0.0,868,3.40386962890625,0,0.0,False,32,31,stagekv_sync_r2,sync,2,2,4096,2,False,4,32,True,True
ok,"[220, 16, 15, 15, 4, 220, 16, 15, 15, 4, 220, 16, 15, 15, 4, 220, 16, 15, 15, 4, 220, 16, 15, 15, 4, 220, 16, 15, 15, 4, 220, 16]","[220, 16, 15, 15, 4, 220, 16, 15, 15, 4, 220, 16, 15, 15, 4, 220, 16, 15, 15, 4, 220, 16, 15, 15, 4, 220, 16, 15, 15, 4, 220, 16]",427.12402110919356,427.0715026855469,427.12402110919356,427.0715026855469,9590.899824135277,"[28.021725825965405, 26.199469342827797, 26.080205105245113, 26.1238357052207, 26.305288076400757, 26.399074122309685, 26.392361149191856, 26.35010192170739, 26.446163188666105, 26.42246801406145, 26.31118893623352, 26.381411124020815, 26.422749273478985, 26.451783254742622, 26.41024487093091, 26.395257096737623, 26.503371074795723, 26.35528100654483, 26.39392390847206, 26.32469404488802, 26.37416683137417, 26.35532198473811, 26.359368581324816, 26.389617007225752, 26.344682089984417, 26.38523792847991, 26.486970018595457, 26.33759891614318, 26.431736070662737, 26.399916037917137, 26.38290310278535]","[28.01759910583496, 26.19388771057129, 26.075071334838867, 26.11814308166504, 26.300416946411133, 26.39142417907715, 26.3874568939209, 26.345216751098633, 26.44086456298828, 26.417152404785156, 26.3055362701416, 26.376192092895508, 26.417152404785156, 26.445568084716797, 26.404863357543945, 26.39049530029297, 26.4979190826416, 26.34934425354004, 26.3874568939209, 26.31977653503418, 26.368160247802734, 26.35036849975586, 26.354368209838867, 26.384384155273438, 26.34003257751465, 26.37926483154297, 26.481599807739258, 26.33216094970703, 26.426271438598633, 26.394655227661133, 26.377216339111328]","[0.0, 0.0, 0.0, 0.0, 0.0, 0.0, 0.0, 0.0, 0.0, 0.0, 0.0, 0.0, 0.0, 0.0, 0.0, 0.0, 0.0, 0.0, 0.0, 0.0, 0.0, 0.0, 0.0, 0.0, 0.0, 0.0, 0.0, 0.0, 0.0, 0.0, 0.0]",28.021725825965405,28.01759910583496,26.363879659523565,26.3584140141805,26.37824058532715,26.465385532379152,37.93854969657933,15.000550746917725,15.3671875,14.483302593231201,15.3671875,1.9995155334472656,1.9995155334472656,0.0,0.22040557861328125,0.0,0.22040557861328125,1.0,0.22040557861328125,0.0,0,0.0,0,0.0,False,32,31,stagekv_sync_r4,sync,4,2,4096,2,False,5,32,True,True
ok,"[220, 16, 15, 15, 4, 220, 16, 15, 15, 4, 220, 16, 15, 15, 4, 220, 16, 15, 15, 4, 220, 16, 15, 15, 4, 220, 16, 15, 15, 4, 220, 16]","[220, 16, 15, 15, 4, 220, 16, 15, 15, 4, 220, 16, 15, 15, 4, 220, 16, 15, 15, 4, 220, 16, 15, 15, 4, 220, 16, 15, 15, 4, 220, 16]",3467.080740723759,3467.069091796875,3467.080740723759,3467.069091796875,1181.4013195442753,"[3487.3597524128854, 2597.86785999313, 3103.03659318015, 2695.121397729963, 2800.084964837879, 3103.5412666387856, 4896.19778515771, 3496.813664678484, 2695.982316043228, 2321.615071967244, 2390.7810100354254, 3298.7718880176544, 2796.611220110208, 3396.2204279378057, 5279.331367928535, 4817.490256857127, 4302.57353419438, 3184.247145894915, 2408.133516088128, 3199.858733918518, 2804.832781665027, 2706.7979387938976, 2790.7683779485524, 3198.405130300671, 2885.5771739035845, 4516.042445786297, 2707.554335705936, 2904.519386123866, 3073.613737244159, 3019.206187222153, 104.97123189270496]","[3487.341552734375, 2597.854248046875, 3103.02197265625, 2695.105712890625, 2800.069580078125, 3103.520751953125, 4896.1728515625, 3496.7919921875, 2695.9677734375, 2321.6025390625, 2390.767578125, 3298.75341796875, 2796.59716796875, 3396.202392578125, 5279.302734375, 4817.46630859375, 4302.55419921875, 3184.2314453125, 2408.1201171875, 3199.805419921875, 2804.81787109375, 2706.779541015625, 2790.75439453125, 3198.38818359375, 2885.559326171875, 4505.77734375, 2707.537841796875, 2904.502197265625, 3073.594482421875, 3011.99267578125, 104.965087890625]","[3223.6308892965317, 2466.7803398370743, 2687.2838386297226, 2477.937054514885, 2576.055167198181, 2962.8043913841248, 4430.489087462425, 3207.515914440155, 2369.7109627723694, 1961.2458599805832, 2164.2644827365875, 2934.068307518959, 2446.2739313840866, 2737.704576730728, 4958.346167206764, 4665.65441763401, 4150.319265127182, 2898.728961586952, 2330.471366047859, 2914.308680534363, 2731.986997485161, 2661.631888628006, 2517.7902480363846, 3125.326370716095, 2754.049091696739, 4284.4820601940155, 2633.3247710466385, 2747.346969127655, 2915.1462684869766, 2753.2677179574966, 21.628448098897934]",3487.3597524128854,3487.341552734375,3116.552291593204,3115.952571614583,2958.2474365234375,4860.754907226563,0.32092914671093126,14.780145168304443,15.0078125,14.27266263961792,15.02734375,1.9995155334472656,1.9995155334472656,0.0,0.0,0.22040557861328125,0.22040557861328125,1.0,0.22040557861328125,0.007871627807617188,1736,6.8077392578125,1736,89709.57449349761,True,32,31,stagekv_async_r0,async,0,2,4096,2,False,6,32,True,True
ok,"[220, 16, 15, 15, 4, 220, 16, 15, 15, 4, 220, 16, 15, 15, 4, 220, 16, 15, 15, 4, 220, 16, 15, 15, 4, 220, 16, 15, 15, 4, 220, 16]","[220, 16, 15, 15, 4, 220, 16, 15, 15, 4, 220, 16, 15, 15, 4, 220, 16, 15, 15, 4, 220, 16, 15, 15, 4, 220, 16, 15, 15, 4, 220, 16]",2386.5254931151867,2386.512939453125,2386.5254931151867,2386.512939453125,1716.311666400857,"[1889.0980794094503, 2399.4491742923856, 2101.3983390294015, 2379.1515100747347, 1806.9647490046918, 1297.8618410415947, 1494.0927922725677, 2501.0259370319545, 1296.7310398817062, 1897.861015982926, 1377.082892227918, 1198.2617718167603, 1303.1473038718104, 2501.566427759826, 1306.8318478763103, 1118.14891314134, 1496.4066371321678, 1677.2871548309922, 1319.228378124535, 1406.4507349394262, 1310.4113331064582, 1598.5106667503715, 1674.8924725688994, 1618.518594186753, 1574.7345029376447, 1697.3181637004018, 2315.6412257812917, 2218.317066319287, 2104.1806461289525, 1777.8694438748062, 36.655610892921686]","[1889.080322265625, 2399.431640625, 2101.38720703125, 2379.135986328125, 1806.95654296875, 1297.8514404296875, 1494.081298828125, 2501.01025390625, 1296.7198486328125, 1897.8468017578125, 1301.36572265625, 1122.651123046875, 1303.1268310546875, 2501.552734375, 1299.0228271484375, 1118.139404296875, 1496.394775390625, 1601.822509765625, 1319.2188720703125, 1406.4405517578125, 1310.382080078125, 1598.49560546875, 1599.067138671875, 1618.5015869140625, 1574.7242431640625, 1697.306640625, 2315.616455078125, 2218.300537109375, 2104.164306640625, 1777.8582763671875, 36.65078353881836]","[1813.9759680777788, 2264.819366708398, 1869.6844666451216, 2132.1900827884674, 1749.6811399161816, 951.0677775591612, 1196.3152504265308, 2143.0883450955153, 1169.9576856195927, 1599.8145737946033, 1071.1675524562597, 999.5052810311317, 1143.5846344083548, 2121.290212377906, 842.6317756921053, 850.0913960337639, 1147.8843920081854, 1399.4276325851679, 1027.8657226115465, 1243.2263988554478, 996.3106437623501, 1273.4945203512907, 1123.335580483079, 1312.4880291819572, 1050.209183782339, 1008.9146225601435, 1852.451964020729, 2062.022094041109, 2011.6913643926382, 1323.649102911353, 12.68588799238205]",1889.0980794094503,1889.080322265625,1660.1999395526946,1649.8408008575439,1598.7813720703125,2455.299877929687,0.6061190870538699,14.862176418304443,15.0078125,14.35469388961792,15.02734375,1.9995155334472656,1.9995155334472656,0.0,0.05510139465332031,0.16530418395996094,0.22040557861328125,1.0,0.22040557861328125,0.007871627807617188,1736,5.105804443359375,1736,42764.52264817059,True,32,31,stagekv_async_r1,async,1,2,4096,2,False,7,32,True,True
ok,"[220, 16, 15, 15, 4, 220, 16, 15, 15, 4, 220, 16, 15, 15, 4, 220, 16, 15, 15, 4, 220, 16, 15, 15, 4, 220, 16, 15, 15, 4, 220, 16]","[220, 16, 15, 15, 4, 220, 16, 15, 15, 4, 220, 16, 15, 15, 4, 220, 16, 15, 15, 4, 220, 16, 15, 15, 4, 220, 16, 15, 15, 4, 220, 16]",1947.7728810161352,1947.7618408203125,1947.7728810161352,1947.7618408203125,2102.9265047491344,"[2288.587877061218, 1099.809275008738, 1396.6942089609802, 1002.7905227616429, 991.7892822995782, 997.4632440134883, 1202.5064029730856, 1182.3264569975436, 3112.5745200552046, 1785.6085100211203, 1713.6968169361353, 1799.9737127684057, 997.3197649233043, 1178.5232960246503, 1014.6452789194882, 1197.0359408296645, 1179.7959469258785, 1417.079840786755, 1381.1254370957613, 1616.3142300210893, 1683.0206369049847, 2375.741083174944, 1498.6703749746084, 1196.6216037981212, 1098.2824191451073, 1098.6027927137911, 1001.5104548074305, 1086.2877778708935, 1084.1005947440863, 1098.0060980655253, 40.89267831295729]","[2288.575439453125, 1099.800537109375, 1396.6827392578125, 1002.7813720703125, 991.7811889648438, 997.4545288085938, 1202.4964599609375, 1182.318359375, 3112.5595703125, 1785.597900390625, 1713.685546875, 1799.9627685546875, 997.3114624023438, 1102.13525390625, 1014.6386108398438, 1197.0274658203125, 1179.786865234375, 1417.0697021484375, 1381.1148681640625, 1616.3040771484375, 1683.009521484375, 2375.728271484375, 1498.6588134765625, 1196.612548828125, 1098.2735595703125, 1098.5943603515625, 1001.501708984375, 1086.27978515625, 1084.095458984375, 1097.9952392578125, 40.88729476928711]","[2035.798666715622, 806.9948179125786, 1035.9905552268028, 564.0224024057388, 600.6429504752159, 490.0843841433525, 765.0214143395424, 652.180734872818, 2979.7572208046913, 1496.902600288391, 1465.120935201645, 1189.3913927674294, 810.9456146359444, 686.8315734267235, 613.0115597248077, 766.8667749166489, 815.4982417821884, 968.2607733011246, 1246.0792589187622, 1452.001496911049, 1595.2606084346771, 2288.371742963791, 1276.4180911183357, 879.857670545578, 662.3345365524292, 653.3185677528381, 730.6379257440567, 841.6159361600876, 731.0629492998123, 625.4962538480759, 12.34044799208641]",2288.587877061218,2288.575439453125,1317.6269734278321,1315.0715279897054,1181.0526123046875,2116.633795166014,0.7604149118251066,14.895556449890137,15.19140625,14.38617992401123,15.2109375,1.9995155334472656,1.9995155334472656,0.0,0.11020278930664062,0.11020278930664062,0.22040557861328125,1.0,0.22040557861328125,0.007871627807617188,868,3.40386962890625,868,31738.118099182844,True,32,31,stagekv_async_r2,async,2,2,4096,2,False,8,32,True,True
ok,"[220, 16, 15, 15, 4, 220, 16, 15, 15, 4, 220, 16, 15, 15, 4, 220, 16, 15, 15, 4, 220, 16, 15, 15, 4, 220, 16, 15, 15, 4, 220, 16]","[220, 16, 15, 15, 4, 220, 16, 15, 15, 4, 220, 16, 15, 15, 4, 220, 16, 15, 15, 4, 220, 16, 15, 15, 4, 220, 16, 15, 15, 4, 220, 16]",2987.741337157786,2987.72607421875,2987.741337157786,2987.72607421875,1370.9422812702294,"[1887.8200761973858, 2102.3839260451496, 1400.6639448925853, 3699.197447858751, 1395.1615900732577, 1104.2148140259087, 1295.406233984977, 1399.6794233098626, 2100.028517190367, 2285.6720313429832, 1514.5860593765974, 1797.9842340573668, 3100.320692639798, 1399.9277208931744, 1499.7731819748878, 2000.95578096807, 1400.8919298648834, 1300.9701832197607, 2907.776557840407, 1890.576428733766, 2495.8665212616324, 2201.917470898479, 1579.0440547280014, 4521.94800414145, 2377.60943826288, 1722.3572190850973, 2099.884028080851, 2398.7433346919715, 3778.5002500750124, 2000.8368487469852, 43.68367698043585]","[1887.8067626953125, 2102.36083984375, 1400.6549072265625, 3699.177490234375, 1395.15087890625, 1104.205810546875, 1295.3917236328125, 1399.666748046875, 2100.01611328125, 2279.603271484375, 1514.576904296875, 1797.971923828125, 3100.304443359375, 1399.917724609375, 1499.7635498046875, 2000.943115234375, 1400.880126953125, 1300.960205078125, 2899.335205078125, 1890.566162109375, 2495.803466796875, 2201.9052734375, 1503.0172119140625, 4521.9296875, 2301.48828125, 1722.3424072265625, 2099.87158203125, 2398.72998046875, 3778.4208984375, 2000.8251953125, 43.67670440673828]","[0.0, 0.0, 0.0, 0.0, 0.0, 0.0, 0.0, 0.0, 0.0, 0.0, 0.0, 0.0, 0.0, 0.0, 0.0, 0.0, 0.0, 0.0, 0.0, 0.0, 0.0, 0.0, 0.0, 0.0, 0.0, 0.0, 0.0, 0.0, 0.0, 0.0, 0.0]",1887.8200761973858,1887.8067626953125,2027.218718174845,2021.6485944112142,1945.6956787109375,3742.761364746094,0.4946458067759498,14.780145168304443,15.03515625,14.26521921157837,15.03515625,1.9995155334472656,2.0122108459472656,0.0126953125,0.0,0.22040557861328125,0.22040557861328125,1.0,0.22040557861328125,0.0,1736,6.8077392578125,0,0.0,False,32,31,stagekv_sync_r0,sync,0,2,4096,3,False,0,32,True,True
ok,"[220, 16, 15, 15, 4, 220, 16, 15, 15, 4, 220, 16, 15, 15, 4, 220, 16, 15, 15, 4, 220, 16, 15, 15, 4, 220, 16, 15, 15, 4, 220, 16]","[220, 16, 15, 15, 4, 220, 16, 15, 15, 4, 220, 16, 15, 15, 4, 220, 16, 15, 15, 4, 220, 16, 15, 15, 4, 220, 16, 15, 15, 4, 220, 16]",2174.4451238773763,2174.435302734375,2174.4451238773763,2174.435302734375,1883.7074595179897,"[987.6731568947434, 1000.9944099001586, 897.2441158257425, 1296.849406324327, 1202.5550147518516, 904.2849163524806, 993.9896129071712, 990.7230688259006, 1289.1573463566601, 1221.6359968297184, 981.0208203271031, 919.3372409790754, 1797.9757590219378, 901.8529569730163, 1097.584960050881, 1400.9131188504398, 1599.4420908391476, 1979.1834792122245, 1220.1258088462055, 1002.5645610876381, 1776.6380291432142, 1121.8813168816268, 1590.6937811523676, 1708.996290806681, 1280.8812861330807, 1120.7609581761062, 1279.3541620485485, 1500.4047192633152, 1514.7005249746144, 2683.950209058821, 52.863901015371084]","[987.6654052734375, 1000.986572265625, 897.2359619140625, 1280.85400390625, 1202.5477294921875, 904.2780151367188, 993.981689453125, 990.7158813476562, 1289.08984375, 1221.62890625, 981.012451171875, 919.3294067382812, 1797.9654541015625, 901.844970703125, 1097.5772705078125, 1400.9024658203125, 1599.4306640625, 1979.124755859375, 1220.1185302734375, 1002.556396484375, 1700.9368896484375, 1121.8729248046875, 1590.6611328125, 1708.9871826171875, 1280.8724365234375, 1120.7518310546875, 1279.345703125, 1500.3934326171875, 1514.6566162109375, 2683.937744140625, 52.85887908935547]","[0.0, 0.0, 0.0, 0.0, 0.0, 0.0, 0.0, 0.0, 0.0, 0.0, 0.0, 0.0, 0.0, 0.0, 0.0, 0.0, 0.0, 0.0, 0.0, 0.0, 0.0, 0.0, 0.0, 0.0, 0.0, 0.0, 0.0, 0.0, 0.0, 0.0, 0.0]",987.6731568947434,987.6654052734375,1277.618662097181,1274.5485247294107,1220.8737182617188,1897.6030700683586,0.7845915479854344,14.862176418304443,15.03515625,14.34725046157837,15.03515625,2.0122108459472656,2.0122108459472656,0.0,0.05510139465332031,0.16530418395996094,0.22040557861328125,1.0,0.22040557861328125,0.0,1736,5.105804443359375,0,0.0,False,32,31,stagekv_sync_r1,sync,1,2,4096,3,False,1,32,True,True
ok,"[220, 16, 15, 15, 4, 220, 16, 15, 15, 4, 220, 16, 15, 15, 4, 220, 16, 15, 15, 4, 220, 16, 15, 15, 4, 220, 16, 15, 15, 4, 220, 16]","[220, 16, 15, 15, 4, 220, 16, 15, 15, 4, 220, 16, 15, 15, 4, 220, 16, 15, 15, 4, 220, 16, 15, 15, 4, 220, 16, 15, 15, 4, 220, 16]",2372.420024126768,2372.40869140625,2372.420024126768,2372.40869140625,1726.5153406481948,"[991.9255929999053, 1190.715212840587, 1102.9499028809369, 999.9349750578403, 999.931707046926, 1003.0097952112556, 998.8365969620645, 1000.1479419879615, 1099.1451838053763, 994.9177037924528, 1102.9408518224955, 978.247812949121, 1021.4088959619403, 1100.0573178753257, 1301.6432654112577, 1402.0992498844862, 1074.3849943391979, 1499.4737883098423, 1224.0332020446658, 1495.8999860100448, 1501.9454439170659, 1498.7342730164528, 1101.4296608045697, 1101.3913182541728, 1207.1200488135219, 1186.7094528861344, 1101.6814918257296, 1600.569827016443, 1278.7366239354014, 1523.6242758110166, 101.7800448462367]","[991.9170532226562, 1174.229736328125, 1102.9429931640625, 999.9277954101562, 999.9237060546875, 1003.0018310546875, 998.8289794921875, 1000.1384887695312, 1099.1370849609375, 902.7184448242188, 1102.9329833984375, 905.5006713867188, 1021.4031372070312, 1100.0484619140625, 1301.6348876953125, 1402.08740234375, 1074.260986328125, 1423.5228271484375, 1224.02587890625, 1495.889892578125, 1501.9365234375, 1498.7236328125, 1101.4195556640625, 1101.3834228515625, 1198.7376708984375, 1171.0391845703125, 1101.6737060546875, 1600.5611572265625, 1202.97265625, 1523.616455078125, 101.77536010742188]","[0.0, 0.0, 0.0, 0.0, 0.0, 0.0, 0.0, 0.0, 0.0, 0.0, 0.0, 0.0, 0.0, 0.0, 0.0, 0.0, 0.0, 0.0, 0.0, 0.0, 0.0, 0.0, 0.0, 0.0, 0.0, 0.0, 0.0, 0.0, 0.0, 0.0, 0.0]",991.9255929999053,991.9170532226562,1159.783361510684,1147.8665171305338,1102.3033447265625,1513.8604858398437,0.871181435363953,14.895556449890137,15.19140625,14.380156993865967,15.19140625,2.0122108459472656,2.0122108459472656,0.0,0.11020278930664062,0.11020278930664062,0.22040557861328125,1.0,0.22040557861328125,0.0,868,3.40386962890625,0,0.0,False,32,31,stagekv_sync_r2,sync,2,2,4096,3,False,2,32,True,True
ok,"[220, 16, 15, 15, 4, 220, 16, 15, 15, 4, 220, 16, 15, 15, 4, 220, 16, 15, 15, 4, 220, 16, 15, 15, 4, 220, 16, 15, 15, 4, 220, 16]","[220, 16, 15, 15, 4, 220, 16, 15, 15, 4, 220, 16, 15, 15, 4, 220, 16, 15, 15, 4, 220, 16, 15, 15, 4, 220, 16, 15, 15, 4, 220, 16]",419.8400308378041,419.8307800292969,419.8400308378041,419.8307800292969,9756.311816189776,"[24.051183369010687, 23.854833096265793, 23.797335103154182, 23.679382633417845, 23.72116083279252, 23.765394929796457, 23.726041428744793, 23.671467788517475, 23.66028679534793, 23.707014974206686, 23.67931278422475, 23.707896936684847, 23.723956663161516, 23.67791999131441, 23.62453006207943, 23.7500062212348, 23.649437353014946, 23.8198172301054, 24.11754708737135, 24.014954920858145, 23.923613131046295, 24.107959121465683, 24.09124793484807, 24.140750989317894, 24.072502739727497, 24.049278814345598, 24.12468008697033, 24.166468996554613, 24.0200930275023, 24.09572619944811, 24.070980027318]","[24.046592712402344, 23.84979248046875, 23.790943145751953, 23.673856735229492, 23.716672897338867, 23.759872436523438, 23.72096061706543, 23.666688919067383, 23.655424118041992, 23.701568603515625, 23.673856735229492, 23.70355224609375, 23.71891212463379, 23.672832489013672, 23.619583129882812, 23.74553680419922, 23.6441593170166, 23.814144134521484, 24.11212730407715, 24.009727478027344, 23.918495178222656, 24.10268783569336, 24.085376739501953, 24.13465690612793, 24.06707191467285, 24.043519973754883, 24.119232177734375, 24.161279678344727, 24.014848709106445, 24.09062385559082, 24.06502342224121]","[0.0, 0.0, 0.0, 0.0, 0.0, 0.0, 0.0, 0.0, 0.0, 0.0, 0.0, 0.0, 0.0, 0.0, 0.0, 0.0, 0.0, 0.0, 0.0, 0.0, 0.0, 0.0, 0.0, 0.0, 0.0, 0.0, 0.0, 0.0, 0.0, 0.0, 0.0]",24.051183369010687,24.046592712402344,23.87371993002792,23.86843427022298,23.80254364013672,24.127715778350833,41.89633843086005,15.000550746917725,15.3671875,14.483302593231201,15.3671875,2.0122108459472656,2.0122108459472656,0.0,0.22040557861328125,0.0,0.22040557861328125,1.0,0.22040557861328125,0.0,0,0.0,0,0.0,False,32,31,stagekv_sync_r4,sync,4,2,4096,3,False,3,32,True,True
ok,"[220, 16, 15, 15, 4, 220, 16, 15, 15, 4, 220, 16, 15, 15, 4, 220, 16, 15, 15, 4, 220, 16, 15, 15, 4, 220, 16, 15, 15, 4, 220, 16]","[220, 16, 15, 15, 4, 220, 16, 15, 15, 4, 220, 16, 15, 15, 4, 220, 16, 15, 15, 4, 220, 16, 15, 15, 4, 220, 16, 15, 15, 4, 220, 16]",3347.076584585011,3347.061767578125,3347.076584585011,3347.061767578125,1223.75990777242,"[1791.303837671876, 1605.1103589124978, 1595.394304022193, 1971.8967978842556, 1622.5092052482069, 1497.447144240141, 1801.9731231033802, 2499.47638111189, 3095.151378773153, 4283.1981047056615, 3314.263173379004, 4097.169384360313, 3890.10958885774, 1920.1711839996278, 2100.1999736763537, 1803.0778588727117, 2193.0767400190234, 3216.3266399875283, 3101.9270000979304, 1879.7708516940475, 2477.795524057001, 1980.6804549880326, 1683.5154723376036, 1608.9439778588712, 1980.7056980207562, 1714.3135187216103, 1607.2675818577409, 2718.374944292009, 1500.986193306744, 2093.4014110825956, 44.26152026280761]","[1791.2913818359375, 1599.1951904296875, 1595.3848876953125, 1898.373779296875, 1622.49853515625, 1497.4361572265625, 1801.96142578125, 2499.461181640625, 3095.1240234375, 4283.17919921875, 3314.245849609375, 4097.1396484375, 3890.087890625, 1920.1573486328125, 2100.183837890625, 1798.10400390625, 2193.06298828125, 3216.310302734375, 3101.9130859375, 1879.759521484375, 2477.781982421875, 1980.669189453125, 1683.5074462890625, 1600.7310791015625, 1980.6953125, 1714.3028564453125, 1607.2489013671875, 2706.477294921875, 1500.9759521484375, 2093.390869140625, 44.25651168823242]","[1702.6653932332993, 1451.4924416542053, 1371.5732064247131, 1682.065936744213, 1454.321563899517, 1221.744764983654, 1533.1330857872963, 2050.6955527067184, 2929.375186562538, 4059.647898077965, 2984.4871851205826, 3521.733626127243, 3505.825139403343, 1412.6235300898552, 1349.179871559143, 914.469117641449, 1758.8347546458244, 2528.068482398987, 2714.462380170822, 1628.7163895964622, 1969.1290702819824, 1568.401692867279, 1339.2056312561035, 1175.2965833544731, 1717.6563694477081, 1570.7971280813217, 1183.3310334086418, 2383.4803186655045, 1157.8050529956818, 1560.6247328519821, 21.66476798057556]",1791.303837671876,1791.2913818359375,2229.9498496577144,2226.453875096639,1950.4132690429688,4003.966357421875,0.4491447189565493,14.780145168304443,15.0078125,14.27266263961792,15.02734375,2.0122108459472656,2.0122108459472656,0.0,0.0,0.22040557861328125,0.22040557861328125,1.0,0.22040557861328125,0.007871627807617188,1736,6.8077392578125,1736,57422.507888019085,True,32,31,stagekv_async_r0,async,0,2,4096,3,False,4,32,True,True
ok,"[220, 16, 15, 15, 4, 220, 16, 15, 15, 4, 220, 16, 15, 15, 4, 220, 16, 15, 15, 4, 220, 16, 15, 15, 4, 220, 16, 15, 15, 4, 220, 16]","[220, 16, 15, 15, 4, 220, 16, 15, 15, 4, 220, 16, 15, 15, 4, 220, 16, 15, 15, 4, 220, 16, 15, 15, 4, 220, 16, 15, 15, 4, 220, 16]",2333.7159720249474,2276.62353515625,2333.7159720249474,2276.62353515625,1799.1556077447308,"[1020.3029788099229, 809.951595030725, 892.0071008615196, 999.2892988957465, 1600.6328146904707, 999.7245771810412, 1180.5464350618422, 912.1713978238404, 903.2220807857811, 1498.1824201531708, 1197.9430988430977, 897.4900268949568, 997.7705287747085, 1797.1485727466643, 1200.845566112548, 920.160329900682, 990.4337581247091, 1290.7665451057255, 1494.5300058461726, 999.7146190144122, 919.8452262207866, 1378.1094192527235, 1616.1315687932074, 920.1441151089966, 989.2582739703357, 1476.167337037623, 2195.83830377087, 1005.8418978005648, 1884.7974818199873, 2002.198829781264, 36.227500066161156]","[1020.295166015625, 804.2077026367188, 891.9990844726562, 999.2560424804688, 1600.6226806640625, 999.71484375, 1175.4503173828125, 912.163818359375, 903.2133178710938, 1498.1734619140625, 1197.933837890625, 897.4827270507812, 997.7623291015625, 1797.137451171875, 1200.834716796875, 920.1527709960938, 990.4251098632812, 1290.756103515625, 1494.5208740234375, 999.7073364257812, 919.8377075195312, 1378.1002197265625, 1616.121826171875, 920.13671875, 989.24951171875, 1401.9930419921875, 2119.5234375, 1005.8340454101562, 1884.7886962890625, 2002.1883544921875, 36.2229118347168]","[967.7434590756893, 739.7379801869392, 677.1732465922832, 742.0813812017441, 1284.938935533166, 752.4348154067993, 743.5357982814312, 721.7461753338575, 661.6283449679613, 1047.8703862726688, 795.1991962939501, 459.4005513936281, 642.791172504425, 1322.3162705004215, 855.1219098716974, 676.5529865324497, 683.161790907383, 899.1057904958725, 1184.9478422254324, 545.3314540535212, 535.6434403210878, 1006.014580771327, 1152.6209310740232, 641.6312873363495, 677.5621099621058, 989.4979872405529, 1676.7121427804232, 604.8843474537134, 1501.3540067970753, 1705.3659534603357, 13.556416019797325]",1020.3029788099229,1020.295166015625,1200.2363575156778,1194.8503665924072,1002.7744445800781,1949.3585083007808,0.8369248802692334,14.862176418304443,15.0078125,14.35469388961792,15.02734375,2.0122108459472656,2.0122108459472656,0.0,0.05510139465332031,0.16530418395996094,0.22040557861328125,1.0,0.22040557861328125,0.007871627807617188,1736,5.105804443359375,1736,26907.662690848112,True,32,31,stagekv_async_r1,async,1,2,4096,3,False,5,32,True,True
ok,"[220, 16, 15, 15, 4, 220, 16, 15, 15, 4, 220, 16, 15, 15, 4, 220, 16, 15, 15, 4, 220, 16, 15, 15, 4, 220, 16, 15, 15, 4, 220, 16]","[220, 16, 15, 15, 4, 220, 16, 15, 15, 4, 220, 16, 15, 15, 4, 220, 16, 15, 15, 4, 220, 16, 15, 15, 4, 220, 16, 15, 15, 4, 220, 16]",1338.3928197436035,1289.861083984375,1338.3928197436035,1289.861083984375,3175.5357618414805,"[1125.5247849039733, 897.0564426854253, 1198.6577403731644, 902.4561666883528, 889.9926668964326, 1108.8624689728022, 1402.5037442333996, 901.7962841317058, 997.8572782129049, 1080.6659287773073, 1016.6782112792134, 1096.6226560994983, 1801.99215374887, 1495.7865281030536, 1301.1940042488277, 1300.869895145297, 1399.5123831555247, 1195.6918048672378, 1280.1262307912111, 1698.3686238527298, 917.6966310478747, 1299.7067528776824, 1198.6422799527645, 1418.9567752182484, 1699.389398097992, 1022.7215089835227, 1299.2329187691212, 1200.4046011716127, 1616.3360448554158, 2099.3720828555524, 36.94683313369751]","[1125.517333984375, 897.048583984375, 1198.6492919921875, 902.4481201171875, 889.9850463867188, 1101.697021484375, 1402.4959716796875, 901.7886962890625, 997.8488159179688, 1080.6568603515625, 1016.6702880859375, 1087.2554931640625, 1801.98095703125, 1486.534423828125, 1301.1845703125, 1300.828125, 1399.50390625, 1195.6796875, 1280.1033935546875, 1698.3572998046875, 917.6882934570312, 1299.6966552734375, 1122.9921875, 1418.9476318359375, 1699.3792724609375, 1022.715087890625, 1223.1229248046875, 1200.3953857421875, 1616.3236083984375, 2099.358642578125, 36.94182586669922]","[956.9692884683609, 669.8229716420174, 1034.4418359398842, 689.7484842538834, 661.023491024971, 873.9629400968552, 1102.632804453373, 751.4762465953827, 860.3558959960938, 833.3180464506149, 815.8084831237793, 712.4928671121597, 1503.9516221284866, 1370.515352487564, 1119.3025501966476, 1056.8344984054565, 1196.432513475418, 850.8993958234787, 1048.3018863201141, 1382.149731040001, 748.3629309535027, 980.1266202926636, 922.6239090561867, 1209.8352329730988, 1474.0786620378494, 751.1647757291794, 982.1395223140717, 924.6314496994019, 1354.1596168279648, 1794.0782084465027, 13.821983873844147]",1125.5247849039733,1125.517333984375,1225.8699013075482,1219.9426022847495,1199.5223388671875,1755.8101989746092,0.8197106963287998,14.895556449890137,15.19140625,14.38617992401123,15.2109375,2.0122108459472656,2.0122108459472656,0.0,0.11020278930664062,0.11020278930664062,0.22040557861328125,1.0,0.22040557861328125,0.007871627807617188,868,3.40386962890625,868,30645.463817238808,True,32,31,stagekv_async_r2,async,2,2,4096,3,False,6,32,True,True
ok,"[220, 16, 15, 15, 4, 220, 16, 15, 15, 4, 220, 16, 15, 15, 4, 220, 16, 15, 15, 4, 220, 16, 15, 15, 4, 220, 16, 15, 15, 4, 220, 16]","[220, 16, 15, 15, 4, 220, 16, 15, 15, 4, 220, 16, 15, 15, 4, 220, 16, 15, 15, 4, 220, 16, 15, 15, 4, 220, 16, 15, 15, 4, 220, 16]",421.9791670329869,421.970947265625,421.9791670329869,421.970947265625,9706.829407432222,"[24.575246963649988, 24.23673029989004, 24.447996634989977, 24.47175094857812, 24.664293974637985, 24.74683802574873, 24.684131145477295, 24.661308154463768, 24.229356087744236, 24.675584863871336, 24.767457973212004, 24.866083171218634, 24.871252942830324, 24.795460980385542, 24.797623977065086, 24.18357925489545, 24.120761081576347, 24.18807800859213, 24.477151688188314, 24.434200953692198, 24.50072579085827, 24.50396167114377, 24.435603991150856, 24.468836840242147, 24.489955976605415, 24.435773957520723, 24.50074627995491, 24.444911163300276, 24.562912993133068, 24.33413313701749, 24.358137976378202]","[24.570783615112305, 24.23196792602539, 24.443552017211914, 24.467456817626953, 24.65894317626953, 24.74188804626465, 24.679424285888672, 24.655872344970703, 24.223743438720703, 24.670207977294922, 24.762367248535156, 24.861600875854492, 24.865631103515625, 24.788991928100586, 24.792064666748047, 24.178688049316406, 24.115903854370117, 24.183584213256836, 24.472543716430664, 24.42527961730957, 24.49510383605957, 24.49817657470703, 24.429567337036133, 24.464191436767578, 24.48486328125, 24.430591583251953, 24.494943618774414, 24.438783645629883, 24.557567596435547, 24.32899284362793, 24.346879959106445]","[0.0, 0.0, 0.0, 0.0, 0.0, 0.0, 0.0, 0.0, 0.0, 0.0, 0.0, 0.0, 0.0, 0.0, 0.0, 0.0, 0.0, 0.0, 0.0, 0.0, 0.0, 0.0, 0.0, 0.0, 0.0, 0.0, 0.0, 0.0, 0.0, 0.0, 0.0]",24.575246963649988,24.570783615112305,24.511844664812088,24.50631243387858,24.478703498840332,24.83030958175659,40.80581289813138,15.000550746917725,15.3671875,14.483302593231201,15.3671875,2.0122108459472656,2.0122108459472656,0.0,0.22040557861328125,0.0,0.22040557861328125,1.0,0.22040557861328125,0.0,0,0.0,0,0.0,False,32,31,stagekv_async_r4,async,4,2,4096,3,False,7,32,True,True
ok,"[220, 16, 15, 15, 4, 220, 16, 15, 15, 4, 220, 16, 15, 15, 4, 220, 16, 15, 15, 4, 220, 16, 15, 15, 4, 220, 16, 15, 15, 4, 220, 16]","[220, 16, 15, 15, 4, 220, 16, 15, 15, 4, 220, 16, 15, 15, 4, 220, 16, 15, 15, 4, 220, 16, 15, 15, 4, 220, 16, 15, 15, 4, 220, 16]",410.11794097721577,410.1097717285156,410.11794097721577,410.1097717285156,9987.569871198946,"[22.159413900226355, 21.299907006323338, 21.22595813125372, 21.49138692766428, 21.396900061517954, 21.342928055673838, 21.37796301394701, 21.590563002973795, 21.318753249943256, 21.226168144494295, 21.19400817900896, 21.17158519104123, 21.495583932846785, 21.383944898843765, 21.40237996354699, 21.203245036303997, 21.23269997537136, 21.288365125656128, 21.273787133395672, 21.294196136295795, 21.259962115436792, 21.179659757763147, 21.3097152300179, 21.27606188878417, 21.434049122035503, 21.31245005875826, 21.43866755068302, 21.306549664586782, 21.27204369753599, 21.283255890011787, 21.218063309788704]","[22.154239654541016, 21.29408073425293, 21.22127914428711, 21.485567092895508, 21.3920955657959, 21.33683204650879, 21.370880126953125, 21.584896087646484, 21.313535690307617, 21.221376419067383, 21.18854331970215, 21.167007446289062, 21.48966407775879, 21.378047943115234, 21.397504806518555, 21.197824478149414, 21.22649574279785, 21.2825927734375, 21.268735885620117, 21.28892707824707, 21.25494384765625, 21.174272537231445, 21.304576873779297, 21.27142333984375, 21.428224563598633, 21.307392120361328, 21.4333438873291, 21.30124855041504, 21.26643180847168, 21.276704788208008, 21.213119506835938]","[0.0, 0.0, 0.0, 0.0, 0.0, 0.0, 0.0, 0.0, 0.0, 0.0, 0.0, 0.0, 0.0, 0.0, 0.0, 0.0, 0.0, 0.0, 0.0, 0.0, 0.0, 0.0, 0.0, 0.0, 0.0, 0.0, 0.0, 0.0, 0.0, 0.0, 0.0]",22.159413900226355,22.154239654541016,21.316693381716806,21.311252276102703,21.29150390625,21.48782043457031,46.92356821852963,14.999261379241943,15.20703125,14.511165142059326,15.20703125,2.0122108459472656,2.0122108459472656,0.0,0.22040557861328125,0.0,0.22040557861328125,1.0,0.22040557861328125,0.0,0,0.0,0,0.0,False,32,31,standard,standard,,,4096,3,False,8,32,True,True
ok,"[220, 16, 15, 15, 4, 220, 16, 15, 15, 4, 220, 16, 15, 15, 4, 220, 16, 15, 15, 4, 220, 16, 15, 15, 4, 220, 16, 15, 15, 4, 220, 16]","[220, 16, 15, 15, 4, 220, 16, 15, 15, 4, 220, 16, 15, 15, 4, 220, 16, 15, 15, 4, 220, 16, 15, 15, 4, 220, 16, 15, 15, 4, 220, 16]",1963.9537730254233,1963.9439697265625,1963.9537730254233,1963.9439697265625,2085.5992142027762,"[1298.4459339641035, 1391.5405571460724, 1174.4319908320904, 1199.6398656629026, 1021.4394913055003, 1003.7450650706887, 1294.7735646739602, 1279.3280989862978, 1220.7984360866249, 1801.0777900926769, 1699.124004226178, 1599.7749976813793, 1507.0003438740969, 1377.7353479526937, 1898.2772277668118, 1116.5880532935262, 1099.8969948850572, 1904.1410218924284, 1480.4900637827814, 1493.4752639383078, 1420.4148761928082, 1103.0742260627449, 1197.6935570128262, 1478.1439802609384, 1320.3552323393524, 1282.7713703736663, 1018.6716462485492, 1477.6185587979853, 1099.6656827628613, 1719.2659280262887, 33.43449719250202]","[1290.253173828125, 1391.52490234375, 1102.989013671875, 1127.19873046875, 1021.4297485351562, 1003.7378540039062, 1294.7630615234375, 1203.1827392578125, 1220.789306640625, 1801.0643310546875, 1699.114013671875, 1599.7645263671875, 1506.9893798828125, 1373.45849609375, 1898.265625, 1116.5770263671875, 1099.8865966796875, 1904.128173828125, 1476.2393798828125, 1417.4154052734375, 1420.40576171875, 1103.0650634765625, 1197.684326171875, 1401.7000732421875, 1320.3404541015625, 1282.7607421875, 1018.6629028320312, 1401.1505126953125, 1023.3005981445312, 1719.25732421875, 33.42950439453125]","[0.0, 0.0, 0.0, 0.0, 0.0, 0.0, 0.0, 0.0, 0.0, 0.0, 0.0, 0.0, 0.0, 0.0, 0.0, 0.0, 0.0, 0.0, 0.0, 0.0, 0.0, 0.0, 0.0, 0.0, 0.0, 0.0, 0.0, 0.0, 0.0, 0.0, 0.0]",1298.4459339641035,1290.253173828125,1323.8129244806867,1306.0091857910156,1307.5517578125,1854.525042724609,0.7656913985595944,14.895556449890137,15.19140625,14.380156993865967,15.19140625,2.0122108459472656,2.0122108459472656,0.0,0.11020278930664062,0.11020278930664062,0.22040557861328125,1.0,0.22040557861328125,0.0,868,3.40386962890625,0,0.0,False,32,31,stagekv_sync_r2,sync,2,2,4096,4,False,0,32,True,True
ok,"[220, 16, 15, 15, 4, 220, 16, 15, 15, 4, 220, 16, 15, 15, 4, 220, 16, 15, 15, 4, 220, 16, 15, 15, 4, 220, 16, 15, 15, 4, 220, 16]","[220, 16, 15, 15, 4, 220, 16, 15, 15, 4, 220, 16, 15, 15, 4, 220, 16, 15, 15, 4, 220, 16, 15, 15, 4, 220, 16, 15, 15, 4, 220, 16]",421.4459778741002,421.43231201171875,421.4459778741002,421.43231201171875,9719.23576635031,"[25.310467928647995, 24.290931411087513, 24.081507232040167, 23.941123858094215, 23.8804598338902, 24.02092283591628, 24.110231082886457, 24.006616789847612, 23.966440930962563, 23.94218510016799, 23.9689857698977, 24.06361373141408, 24.137082044035196, 23.95425783470273, 24.090393912047148, 24.58739886060357, 23.818613030016422, 23.803934920579195, 23.81183998659253, 24.04716331511736, 24.366884026676416, 24.29221384227276, 24.449439719319344, 24.36420926824212, 24.213616270571947, 24.070427287369967, 24.398052133619785, 24.79533012956381, 23.99090677499771, 23.984014056622982, 24.07495491206646]","[25.30284881591797, 24.285184860229492, 24.076032638549805, 23.935136795043945, 23.87558364868164, 24.01568031311035, 24.104896545410156, 24.000511169433594, 23.961376190185547, 23.9368953704834, 23.963584899902344, 24.0578556060791, 24.131744384765625, 23.948287963867188, 24.08448028564453, 24.5828800201416, 23.813119888305664, 23.797760009765625, 23.805952072143555, 24.041471481323242, 24.359935760498047, 24.28620719909668, 24.442880630493164, 24.358911514282227, 24.208192825317383, 24.06502342224121, 24.392704010009766, 24.788959503173828, 23.984128952026367, 23.977983474731445, 24.069120407104492]","[0.0, 0.0, 0.0, 0.0, 0.0, 0.0, 0.0, 0.0, 0.0, 0.0, 0.0, 0.0, 0.0, 0.0, 0.0, 0.0, 0.0, 0.0, 0.0, 0.0, 0.0, 0.0, 0.0, 0.0, 0.0, 0.0, 0.0, 0.0, 0.0, 0.0, 0.0]",25.310467928647995,25.30284881591797,24.117458363374073,24.1117493947347,24.061439514160156,24.519880294799805,41.47355646531274,15.000550746917725,15.3671875,14.483302593231201,15.3671875,2.0122108459472656,2.0122108459472656,0.0,0.22040557861328125,0.0,0.22040557861328125,1.0,0.22040557861328125,0.0,0,0.0,0,0.0,False,32,31,stagekv_sync_r4,sync,4,2,4096,4,False,1,32,True,True
ok,"[220, 16, 15, 15, 4, 220, 16, 15, 15, 4, 220, 16, 15, 15, 4, 220, 16, 15, 15, 4, 220, 16, 15, 15, 4, 220, 16, 15, 15, 4, 220, 16]","[220, 16, 15, 15, 4, 220, 16, 15, 15, 4, 220, 16, 15, 15, 4, 220, 16, 15, 15, 4, 220, 16, 15, 15, 4, 220, 16, 15, 15, 4, 220, 16]",3319.2087621428072,3319.1953125,3319.2087621428072,3319.1953125,1234.0340396886481,"[1887.1107222512364, 1500.8580372668803, 1501.8359436653554, 1507.7930190600455, 1683.5868922062218, 1499.5850720442832, 1399.0043681114912, 1901.293553877622, 2184.307458344847, 2415.911965072155, 1884.817787911743, 1698.532042093575, 2197.333950083703, 1498.0991468764842, 1692.4753589555621, 2217.0188850723207, 1579.5662919990718, 2500.458281952888, 1598.2892708852887, 2295.011349953711, 1587.3147193342447, 1499.5177299715579, 1784.7650488838553, 1390.9336077049375, 1395.461732055992, 1695.1066870242357, 1401.8880762159824, 1484.872866421938, 1217.6331412047148, 1504.2726867832243, 99.14945811033249]","[1887.097900390625, 1500.84814453125, 1501.8258056640625, 1499.5067138671875, 1683.5767822265625, 1499.5701904296875, 1398.99072265625, 1901.2791748046875, 2184.29736328125, 2415.898681640625, 1884.80712890625, 1698.5220947265625, 2197.32177734375, 1498.0902099609375, 1692.4638671875, 2217.005859375, 1579.556884765625, 2500.445068359375, 1598.2796630859375, 2294.9990234375, 1587.304443359375, 1499.5084228515625, 1784.7552490234375, 1390.9248046875, 1395.4520263671875, 1686.8157958984375, 1401.8792724609375, 1484.863525390625, 1217.6259765625, 1504.26318359375, 99.1436767578125]","[1663.278439462185, 1277.2379595637321, 1464.7011182904243, 1275.8876958489418, 1354.2866529226303, 1251.1910145282745, 974.9566974639893, 1584.366098999977, 1960.494372665882, 2241.747336626053, 1372.4471107125282, 1367.8547517061234, 1761.811330974102, 1261.9460785388947, 1455.544911801815, 1968.2805753946304, 1374.148073554039, 1989.2649587988853, 1455.8431004881859, 1972.135696053505, 1245.560352385044, 1357.7178218364716, 1552.0536346435547, 1069.376963198185, 1346.8678106665611, 1650.557725071907, 1354.1674877405167, 1354.553712129593, 1169.0546907186508, 1375.2230330705643, 16.674655973911285]",1887.1107222512364,1887.097900390625,1660.5564809714754,1659.994051106771,1583.4306640625,2361.4938354492183,0.6024117973996763,14.780145168304443,15.0078125,14.27266263961792,15.02734375,2.0122108459472656,2.0122108459472656,0.0,0.0,0.22040557861328125,0.22040557861328125,1.0,0.22040557861328125,0.007871627807617188,1736,6.8077392578125,1736,44519.23186182976,True,32,31,stagekv_async_r0,async,0,2,4096,4,False,2,32,True,True
ok,"[220, 16, 15, 15, 4, 220, 16, 15, 15, 4, 220, 16, 15, 15, 4, 220, 16, 15, 15, 4, 220, 16, 15, 15, 4, 220, 16, 15, 15, 4, 220, 16]","[220, 16, 15, 15, 4, 220, 16, 15, 15, 4, 220, 16, 15, 15, 4, 220, 16, 15, 15, 4, 220, 16, 15, 15, 4, 220, 16, 15, 15, 4, 220, 16]",2080.139386933297,2032.860107421875,2080.139386933297,2032.860107421875,2014.8951642297964,"[932.4920591898263, 1687.536175828427, 903.8526718504727, 1097.6273277774453, 997.3069583065808, 899.0248208865523, 901.1774281971157, 996.6493300162256, 1001.3145632110536, 1000.7821307517588, 993.9852198585868, 1102.1408028900623, 1094.0831578336656, 997.2326341085136, 1496.7706301249564, 1100.2589329145849, 1290.5300501734018, 1391.5936681441963, 1199.0831471048295, 1522.8082030080259, 1727.7333280071616, 1320.5578159540892, 1372.9206980206072, 1221.1545412428677, 1671.500866767019, 1603.7471499294043, 1177.8730060905218, 1217.2898310236633, 2117.962553165853, 1376.6280757263303, 38.356080651283264]","[925.464599609375, 1687.524169921875, 903.8447265625, 1097.6185302734375, 997.2981567382812, 899.0167236328125, 901.1699829101562, 996.6407470703125, 1001.3060913085938, 1000.7736206054688, 993.9773559570312, 1102.133056640625, 1094.0743408203125, 997.2244262695312, 1496.7235107421875, 1100.2498779296875, 1290.5225830078125, 1391.584228515625, 1199.0732421875, 1522.796630859375, 1719.6390380859375, 1320.5465087890625, 1297.184814453125, 1221.1435546875, 1595.4766845703125, 1597.0792236328125, 1177.7987060546875, 1217.2821044921875, 2117.950439453125, 1376.617431640625, 38.35286331176758]","[618.64834626019, 1209.2745956778526, 860.9998761564493, 786.746782541275, 862.4997204095125, 738.7484527081251, 575.5559660792351, 786.9591595381498, 681.7766981571913, 741.919163942337, 751.7622140645981, 819.7247092723846, 723.2564410567284, 559.015099555254, 1180.139536499977, 834.8003464639187, 866.0064565241337, 1150.763620853424, 1015.8972450345755, 1209.6554575413465, 1348.1764702796936, 1059.3584133535624, 1054.4167068749666, 910.149341493845, 1195.288356155157, 1114.1006366312504, 861.2154402136803, 935.335171148181, 1625.1910452991724, 980.1937490701675, 15.63673609495163]",932.4920591898263,925.464599609375,1217.3160599855084,1211.754112370809,1188.4359741210938,1705.1873474121094,0.8252499329616386,14.862176418304443,15.0078125,14.35469388961792,15.02734375,2.0122108459472656,2.0122108459472656,0.0,0.05510139465332031,0.16530418395996094,0.22040557861328125,1.0,0.22040557861328125,0.007871627807617188,1736,5.105804443359375,1736,28073.211954951286,True,32,31,stagekv_async_r1,async,1,2,4096,4,False,3,32,True,True
ok,"[220, 16, 15, 15, 4, 220, 16, 15, 15, 4, 220, 16, 15, 15, 4, 220, 16, 15, 15, 4, 220, 16, 15, 15, 4, 220, 16, 15, 15, 4, 220, 16]","[220, 16, 15, 15, 4, 220, 16, 15, 15, 4, 220, 16, 15, 15, 4, 220, 16, 15, 15, 4, 220, 16, 15, 15, 4, 220, 16, 15, 15, 4, 220, 16]",1395.9321090951562,1331.114990234375,1395.9321090951562,1331.114990234375,3077.1195802391194,"[2332.0482512935996, 3062.8397869877517, 1596.4943142607808, 1805.4544366896152, 1589.9123060517013, 1509.927598759532, 1788.4936379268765, 1713.481883984059, 2780.4214828647673, 1417.3950431868434, 1383.902408182621, 1284.562943968922, 1298.344009090215, 1399.5600617490709, 1309.7532242536545, 1484.3588187359273, 1400.8422512561083, 1398.555250838399, 1684.045989997685, 1500.857544131577, 1397.2767125815153, 1296.9152280129492, 2098.6270988360047, 1295.247078873217, 1201.2716438621283, 1199.6449050493538, 1099.52411102131, 1382.1165109984577, 1297.6268930360675, 1299.1114938631654, 38.972639944404364]","[2326.190185546875, 3062.822998046875, 1503.7501220703125, 1805.4410400390625, 1589.9044189453125, 1502.9248046875, 1788.4866943359375, 1713.471435546875, 2780.40673828125, 1417.3839111328125, 1383.8929443359375, 1284.5548095703125, 1298.333984375, 1399.5501708984375, 1301.7108154296875, 1484.348388671875, 1400.8341064453125, 1398.54541015625, 1684.03759765625, 1500.8470458984375, 1397.26611328125, 1296.9052734375, 2098.615234375, 1202.1824951171875, 1201.2625732421875, 1199.635498046875, 1089.2503662109375, 1382.107177734375, 1297.617919921875, 1299.1007080078125, 38.96758270263672]","[1714.4765716791153, 2775.055149078369, 1346.2946832180023, 1722.6274596452713, 1334.3442913293839, 1284.1029243469238, 1431.9618317484856, 1488.5519065856934, 2536.3909739255905, 1242.4709614515305, 1161.4200891256332, 1249.8253152370453, 1074.4635533094406, 1271.6776797771454, 1160.7281866669655, 1342.205245733261, 1154.6832140684128, 1270.7851136922836, 1635.0064045190811, 1455.4494644403458, 1161.8989981412888, 1143.0252780914307, 1943.3289612531662, 1167.3452125787735, 1154.7827223539352, 1139.1244521141052, 960.7367693185806, 1147.6069722175598, 1167.269103527069, 1170.6133160591125, 16.263456225395203]",2332.0482512935996,2326.190185546875,1500.5179102998227,1493.4719459533692,1399.0477905273438,2473.6005615234353,0.6695807060250083,14.895556449890137,15.19140625,14.38617992401123,15.2109375,2.0122108459472656,2.0122108459472656,0.0,0.11020278930664062,0.11020278930664062,0.22040557861328125,1.0,0.22040557861328125,0.007871627807617188,868,3.40386962890625,868,41824.5162614584,True,32,31,stagekv_async_r2,async,2,2,4096,4,False,4,32,True,True
ok,"[220, 16, 15, 15, 4, 220, 16, 15, 15, 4, 220, 16, 15, 15, 4, 220, 16, 15, 15, 4, 220, 16, 15, 15, 4, 220, 16, 15, 15, 4, 220, 16]","[220, 16, 15, 15, 4, 220, 16, 15, 15, 4, 220, 16, 15, 15, 4, 220, 16, 15, 15, 4, 220, 16, 15, 15, 4, 220, 16, 15, 15, 4, 220, 16]",426.23671889305115,426.2268371582031,426.23671889305115,426.2268371582031,9609.906375932125,"[24.10034090280533, 23.825344163924456, 23.835123982280493, 23.837397806346416, 23.975107353180647, 23.962974082678556, 23.92935985699296, 23.980265948921442, 23.943115957081318, 24.004963226616383, 23.896597791463137, 23.957432713359594, 24.392951745539904, 24.058582726866007, 23.977681063115597, 23.95276492461562, 23.926715832203627, 23.952092975378036, 24.341235402971506, 24.2585688829422, 24.278406985104084, 24.44039098918438, 24.218333885073662, 24.223123211413622, 24.302301928400993, 24.260463193058968, 24.24695808440447, 24.247579276561737, 24.302802979946136, 24.315136019140482, 24.260422680526972]","[24.09552001953125, 23.820287704467773, 23.82975959777832, 23.832576751708984, 23.97052764892578, 23.958528518676758, 23.922687530517578, 23.974912643432617, 23.93891143798828, 24.000160217285156, 23.8919677734375, 23.95244789123535, 24.38457679748535, 24.053760528564453, 23.972864151000977, 23.948287963867188, 23.922527313232422, 23.947904586791992, 24.336383819580078, 24.25334358215332, 24.27289581298828, 24.43440055847168, 24.212480545043945, 24.217567443847656, 24.29644775390625, 24.25446319580078, 24.242176055908203, 24.242176055908203, 24.29747200012207, 24.30975914001465, 24.25446319580078]","[0.0, 0.0, 0.0, 0.0, 0.0, 0.0, 0.0, 0.0, 0.0, 0.0, 0.0, 0.0, 0.0, 0.0, 0.0, 0.0, 0.0, 0.0, 0.0, 0.0, 0.0, 0.0, 0.0, 0.0, 0.0, 0.0, 0.0, 0.0, 0.0, 0.0, 0.0]",24.10034090280533,24.09552001953125,24.103473188976448,24.098223940531412,24.026960372924805,24.362889957427978,41.49683405996053,15.000550746917725,15.3671875,14.483302593231201,15.3671875,2.0122108459472656,2.0122108459472656,0.0,0.22040557861328125,0.0,0.22040557861328125,1.0,0.22040557861328125,0.0,0,0.0,0,0.0,False,32,31,stagekv_async_r4,async,4,2,4096,4,False,5,32,True,True
ok,"[220, 16, 15, 15, 4, 220, 16, 15, 15, 4, 220, 16, 15, 15, 4, 220, 16, 15, 15, 4, 220, 16, 15, 15, 4, 220, 16, 15, 15, 4, 220, 16]","[220, 16, 15, 15, 4, 220, 16, 15, 15, 4, 220, 16, 15, 15, 4, 220, 16, 15, 15, 4, 220, 16, 15, 15, 4, 220, 16, 15, 15, 4, 220, 16]",409.3184741213918,409.3091735839844,409.3184741213918,409.3091735839844,10007.105299240402,"[21.584090311080217, 21.064642816781998, 21.001002751290798, 20.99016308784485, 21.011514123529196, 20.987847819924355, 20.969584584236145, 20.972128957509995, 20.966728683561087, 20.988449919968843, 20.96846280619502, 20.955707877874374, 20.977267995476723, 20.986326038837433, 20.97643679007888, 20.984733011573553, 20.966007839888334, 20.995893981307745, 21.033654920756817, 20.991785917431116, 20.978780928999186, 20.952051039785147, 20.97436273470521, 20.979662891477346, 21.000863052904606, 20.967179909348488, 20.977089181542397, 20.969975274056196, 20.967790856957436, 20.962250884622335, 20.98612580448389]","[21.578752517700195, 21.058752059936523, 20.995136260986328, 20.984832763671875, 21.006336212158203, 20.981760025024414, 20.964351654052734, 20.96623992919922, 20.961280822753906, 20.982784271240234, 20.963136672973633, 20.950016021728516, 20.97225570678711, 20.981760025024414, 20.971424102783203, 20.978912353515625, 20.960256576538086, 20.99087905883789, 21.02886390686035, 20.985855102539062, 20.973567962646484, 20.946943283081055, 20.969472885131836, 20.974592208862305, 20.995071411132812, 20.962303161621094, 20.971616744995117, 20.964351654052734, 20.962303161621094, 20.957183837890625, 20.980735778808594]","[0.0, 0.0, 0.0, 0.0, 0.0, 0.0, 0.0, 0.0, 0.0, 0.0, 0.0, 0.0, 0.0, 0.0, 0.0, 0.0, 0.0, 0.0, 0.0, 0.0, 0.0, 0.0, 0.0, 0.0, 0.0, 0.0, 0.0, 0.0, 0.0, 0.0, 0.0]",21.584090311080217,21.578752517700195,20.983482416098315,20.978099187215168,20.972911834716797,21.018726444244386,47.668761172100716,14.999261379241943,15.20703125,14.511165142059326,15.20703125,2.0122108459472656,2.0122108459472656,0.0,0.22040557861328125,0.0,0.22040557861328125,1.0,0.22040557861328125,0.0,0,0.0,0,0.0,False,32,31,standard,standard,,,4096,4,False,6,32,True,True
ok,"[220, 16, 15, 15, 4, 220, 16, 15, 15, 4, 220, 16, 15, 15, 4, 220, 16, 15, 15, 4, 220, 16, 15, 15, 4, 220, 16, 15, 15, 4, 220, 16]","[220, 16, 15, 15, 4, 220, 16, 15, 15, 4, 220, 16, 15, 15, 4, 220, 16, 15, 15, 4, 220, 16, 15, 15, 4, 220, 16, 15, 15, 4, 220, 16]",3960.8849277719855,3883.893798828125,3960.8849277719855,3883.893798828125,1054.61174073191,"[4302.513213362545, 1801.1340480297804, 1400.1209829002619, 1400.8619072847068, 1497.7092519402504, 1502.8943419456482, 2694.784263614565, 2201.8046020530164, 1695.961150340736, 3402.9124453663826, 2899.8302672989666, 3098.913948982954, 3400.598526932299, 2899.6185422874987, 3478.6759302951396, 3521.7532264068723, 4873.515723738819, 2999.193315859884, 2502.331045921892, 2401.0161189362407, 2096.297523006797, 2417.1674391254783, 2000.8318037725985, 1981.689004227519, 2117.1453944407403, 1983.5568158887327, 1798.7764989957213, 1902.4982112459838, 2097.643967717886, 2399.023680947721, 49.5146126486361]","[4302.49169921875, 1801.122802734375, 1400.1109619140625, 1400.8514404296875, 1497.697509765625, 1502.8836669921875, 2694.769775390625, 2201.79248046875, 1685.954345703125, 3402.89697265625, 2899.814208984375, 3098.8984375, 3400.58203125, 2899.60107421875, 3402.3857421875, 3521.73779296875, 4873.49462890625, 2999.17919921875, 2502.319091796875, 2401.00341796875, 2096.28564453125, 2417.155029296875, 2000.8212890625, 1981.639404296875, 2117.13330078125, 1983.5443115234375, 1798.765625, 1902.486328125, 2097.63330078125, 2399.01171875, 49.509376525878906]","[0.0, 0.0, 0.0, 0.0, 0.0, 0.0, 0.0, 0.0, 0.0, 0.0, 0.0, 0.0, 0.0, 0.0, 0.0, 0.0, 0.0, 0.0, 0.0, 0.0, 0.0, 0.0, 0.0, 0.0, 0.0, 0.0, 0.0, 0.0, 0.0, 0.0, 0.0]",4302.513213362545,4302.49169921875,2350.5924864051244,2347.7026969909666,2159.462890625,3468.2594238281245,0.42594831163319474,14.780145168304443,15.03515625,14.26521921157837,15.03515625,2.0122108459472656,2.0122108459472656,0.0,0.0,0.22040557861328125,0.22040557861328125,1.0,0.22040557861328125,0.0,1736,6.8077392578125,0,0.0,False,32,31,stagekv_sync_r0,sync,0,2,4096,4,False,7,32,True,True
ok,"[220, 16, 15, 15, 4, 220, 16, 15, 15, 4, 220, 16, 15, 15, 4, 220, 16, 15, 15, 4, 220, 16, 15, 15, 4, 220, 16, 15, 15, 4, 220, 16]","[220, 16, 15, 15, 4, 220, 16, 15, 15, 4, 220, 16, 15, 15, 4, 220, 16, 15, 15, 4, 220, 16, 15, 15, 4, 220, 16, 15, 15, 4, 220, 16]",2821.8162641860545,2755.969970703125,2821.8162641860545,2755.969970703125,1486.2280952048966,"[2005.6260419078171, 2193.4249019250274, 1903.8330251351, 2195.7202469930053, 1420.9545771591365, 1599.9087151139975, 1683.2120986655354, 2197.977026924491, 2303.262649103999, 1376.929773017764, 1298.688790295273, 1316.1055333912373, 1284.817764069885, 1200.0662870705128, 1301.9391898997128, 1615.7302730716765, 1285.402461886406, 1313.86976595968, 1397.319685202092, 1583.9097616262734, 1301.3100042007864, 1301.4425141736865, 1597.216933965683, 1217.4702822230756, 1187.9019369371235, 1594.7765531018376, 1704.7309447079897, 1296.5539200231433, 1397.6228199899197, 1699.1825900040567, 44.39382394775748]","[2005.615478515625, 2117.984375, 1903.82177734375, 2119.85986328125, 1420.9454345703125, 1599.898681640625, 1683.2020263671875, 2197.9658203125, 2303.250732421875, 1376.922607421875, 1298.6788330078125, 1303.789306640625, 1284.8096923828125, 1200.0572509765625, 1301.9298095703125, 1615.721435546875, 1285.3944091796875, 1313.860595703125, 1385.2406005859375, 1583.9005126953125, 1301.302001953125, 1301.4326171875, 1597.20751953125, 1217.462890625, 1187.894287109375, 1594.7652587890625, 1704.7210693359375, 1296.5457763671875, 1397.613525390625, 1699.1715087890625, 44.38835144042969]","[0.0, 0.0, 0.0, 0.0, 0.0, 0.0, 0.0, 0.0, 0.0, 0.0, 0.0, 0.0, 0.0, 0.0, 0.0, 0.0, 0.0, 0.0, 0.0, 0.0, 0.0, 0.0, 0.0, 0.0, 0.0, 0.0, 0.0, 0.0, 0.0, 0.0, 0.0]",2005.6260419078171,2005.615478515625,1493.8558283261955,1487.9912857055665,1391.4270629882812,2162.8181396484374,0.6720469465154335,14.862176418304443,15.03515625,14.34725046157837,15.03515625,2.0122108459472656,2.0122108459472656,0.0,0.05510139465332031,0.16530418395996094,0.22040557861328125,1.0,0.22040557861328125,0.0,1736,5.105804443359375,0,0.0,False,32,31,stagekv_sync_r1,sync,1,2,4096,4,False,8,32,True,True
ok,"[220, 16, 15, 15, 4, 220, 16, 15, 15, 4, 220, 16, 15, 15, 4, 220, 16, 15, 15, 4, 220, 16, 15, 15, 4, 220, 16, 15, 15, 4, 220, 16]","[220, 16, 15, 15, 4, 220, 16, 15, 15, 4, 220, 16, 15, 15, 4, 220, 16, 15, 15, 4, 220, 16, 15, 15, 4, 220, 16, 15, 15, 4, 220, 16]",2755.529712885618,2698.58203125,2755.529712885618,2698.58203125,1517.8341634857427,"[4222.094996832311, 4101.336205843836, 3296.638311352581, 3379.036130849272, 3019.4431971758604, 2499.820054974407, 2194.5516136474907, 2296.4366381056607, 2697.6810432970524, 2699.652570299804, 2698.0735193938017, 3399.9158539809287, 2918.0309590883553, 3280.081016011536, 2295.4844189807773, 2118.5529958456755, 2780.8179440908134, 2976.2131250463426, 2098.8918798975646, 4084.1043018735945, 4001.3604778796434, 1995.6361148506403, 2493.539684917778, 2085.806427989155, 2503.876883070916, 2299.6043949387968, 2399.7962861321867, 2578.028271906078, 3394.100538920611, 1984.6055740490556, 53.108831867575645]","[4222.06982421875, 4101.31982421875, 3296.62353515625, 3379.017578125, 3019.42578125, 2499.80810546875, 2194.54052734375, 2296.42333984375, 2697.662353515625, 2699.63916015625, 2698.060791015625, 3323.45654296875, 2918.01806640625, 3280.066650390625, 2202.281005859375, 2118.542236328125, 2780.80517578125, 2976.199462890625, 2098.881591796875, 4084.08984375, 4001.344482421875, 1995.62646484375, 2493.527099609375, 2085.7958984375, 2503.8642578125, 2299.5927734375, 2399.770263671875, 2578.01123046875, 3394.086669921875, 1984.5947265625, 53.103614807128906]","[4043.9599149227142, 3910.5312039852142, 3106.061141014099, 3000.0359669923782, 2671.6921265125275, 2031.483102798462, 1631.122659444809, 1739.5714155435562, 2436.5118728876114, 2581.1931495666504, 2190.159468770027, 3088.641182780266, 2669.7060211896896, 3051.5844069719315, 1977.7234031558037, 1868.6222155094147, 2360.681426167488, 2445.145144343376, 1813.6370757818222, 3735.996197104454, 3762.0883647203445, 1744.718462228775, 2323.9529589414597, 1754.094850063324, 2465.654786348343, 1886.5477038621902, 2054.4536176919937, 2329.2364526987076, 3354.902683377266, 1746.7061455249786, 30.127680003643036]",4222.094996832311,4222.06982421875,2687.474175542593,2681.8059684753416,2637.8367919921875,4046.8544311523438,0.3728830540893006,14.780145168304443,15.0078125,14.27266263961792,15.02734375,2.0122108459472656,2.0122108459472656,0.0,0.0,0.22040557861328125,0.22040557861328125,1.0,0.22040557861328125,0.007871627807617188,1736,6.8077392578125,1736,75806.54280090332,True,32,31,stagekv_async_r0,async,0,2,4096,5,False,0,32,True,True
ok,"[220, 16, 15, 15, 4, 220, 16, 15, 15, 4, 220, 16, 15, 15, 4, 220, 16, 15, 15, 4, 220, 16, 15, 15, 4, 220, 16, 15, 15, 4, 220, 16]","[220, 16, 15, 15, 4, 220, 16, 15, 15, 4, 220, 16, 15, 15, 4, 220, 16, 15, 15, 4, 220, 16, 15, 15, 4, 220, 16, 15, 15, 4, 220, 16]",2516.6569999419153,2516.645751953125,2516.6569999419153,2516.645751953125,1627.5631947091345,"[1686.0174862667918, 1000.087580177933, 906.244738958776, 992.8050437010825, 1001.3076239265501, 997.6355987600982, 1001.3617561198771, 988.0132637917995, 906.2496162950993, 994.9464509263635, 1093.1853791698813, 1599.7042092494667, 1501.8408177420497, 1014.6307870745659, 1500.0313450582325, 1701.8555463291705, 920.9075700491667, 1097.0778288319707, 1595.90811887756, 1697.0444358885288, 1596.6780669987202, 2099.8483491130173, 1073.0302738957107, 921.665714122355, 1319.3462030030787, 1894.633882213384, 2696.7733358033, 2594.582023099065, 2990.6441578641534, 2772.9341508820653, 41.5606452152133]","[1686.0078125, 1000.079345703125, 906.2369384765625, 992.7966918945312, 1001.2999877929688, 997.625, 1001.3532104492188, 988.0074462890625, 906.2420654296875, 994.9376831054688, 1093.14453125, 1599.6876220703125, 1501.8311767578125, 1008.0479125976562, 1500.0225830078125, 1701.8428955078125, 920.8993530273438, 1097.069580078125, 1595.883544921875, 1697.0291748046875, 1596.6678466796875, 2099.82568359375, 997.0575561523438, 921.6583862304688, 1319.3369140625, 1894.6221923828125, 2696.759033203125, 2594.568115234375, 2990.625732421875, 2696.244873046875, 41.55567932128906]","[1485.8454524725676, 779.9999653846025, 684.194653019309, 779.2768558859825, 968.0975970923901, 869.6509502232075, 865.4236153066158, 578.0746280699968, 591.3248930424452, 774.1957185268402, 875.2218224257231, 1457.1337052583694, 1365.8860866427422, 946.981532111764, 1267.5973444730043, 1534.9490293115377, 738.6894696503878, 873.6901062875986, 1339.997343197465, 1604.3038786649704, 1333.0610589683056, 1945.5082002431154, 716.6894495487213, 716.1057556420565, 1041.7912591993809, 1729.593098178506, 2520.1819981485605, 2025.0938070863485, 2660.607677027583, 2398.6442991793156, 18.291903913021088]",1686.0174862667918,1686.0078125,1417.0844837712746,1411.7652918497722,1095.1070556640625,2696.5276611328127,0.7083330393324412,14.862176418304443,15.0078125,14.35469388961792,15.02734375,2.0122108459472656,2.0122108459472656,0.0,0.05510139465332031,0.16530418395996094,0.22040557861328125,1.0,0.22040557861328125,0.007871627807617188,1736,5.105804443359375,1736,37486.103154182434,True,32,31,stagekv_async_r1,async,1,2,4096,5,False,1,32,True,True
ok,"[220, 16, 15, 15, 4, 220, 16, 15, 15, 4, 220, 16, 15, 15, 4, 220, 16, 15, 15, 4, 220, 16, 15, 15, 4, 220, 16, 15, 15, 4, 220, 16]","[220, 16, 15, 15, 4, 220, 16, 15, 15, 4, 220, 16, 15, 15, 4, 220, 16, 15, 15, 4, 220, 16, 15, 15, 4, 220, 16, 15, 15, 4, 220, 16]",2998.585118446499,2919.126953125,2998.585118446499,2919.126953125,1403.159254726872,"[1605.0320933572948, 2003.31878522411, 1996.0267739370465, 2598.4001019969583, 1602.7177018113434, 2111.270462628454, 2289.0255260281265, 2310.3235461749136, 1484.6759922802448, 1388.1360250525177, 2094.7660501115024, 1499.4873693212867, 2098.7169863656163, 1501.1888653971255, 1713.0463062785566, 1684.6038498915732, 1887.8807490691543, 1695.823916234076, 2196.4793070219457, 1800.6625259295106, 2399.342692922801, 2189.299068879336, 1403.9613017812371, 1299.74096827209, 1403.0257412232459, 1200.4705257713795, 1296.2739956565201, 1997.2586827352643, 1613.004026003182, 1200.988604221493, 41.40655370429158]","[1604.9869384765625, 2003.230712890625, 1995.940673828125, 2598.287353515625, 1602.6488037109375, 2111.179443359375, 2288.927734375, 2310.224853515625, 1484.611572265625, 1388.075927734375, 2094.677001953125, 1499.4237060546875, 2098.629638671875, 1501.1256103515625, 1712.97265625, 1684.5318603515625, 1887.80029296875, 1695.753173828125, 2196.38916015625, 1800.5872802734375, 2399.244140625, 2189.20849609375, 1403.90380859375, 1299.6866455078125, 1402.969970703125, 1200.4205322265625, 1296.2200927734375, 1997.16455078125, 1601.337158203125, 1200.93701171875, 41.40031814575195]","[1385.1472891569138, 1966.4845192432404, 1782.8172837495804, 2364.8408097028732, 1378.758684039116, 1958.1109801530838, 2171.001051902771, 2150.390012860298, 1247.4862674474716, 1164.5663095712662, 2034.8564709424973, 1266.3617807626724, 2050.9729855060577, 1351.382913351059, 1631.4014647006989, 1648.5140191316605, 1838.7029682397842, 1635.0657179355621, 1874.8204613924026, 1660.7403556108475, 2361.3407349586487, 2138.2788701057434, 1167.2863628864288, 1074.8664947748184, 1369.0257893800735, 1153.2304381132126, 1155.78671336174, 1842.2126561403275, 1458.1482969522476, 1059.1531566381454, 18.70793604850769]",1605.0320933572948,1604.9869384765625,1733.3774333974968,1732.9170060475667,1704.3629150390625,2359.185461425781,0.5770616806864847,14.895556449890137,15.19140625,14.38617992401123,15.2109375,2.0122108459472656,2.0122108459472656,0.0,0.11020278930664062,0.11020278930664062,0.22040557861328125,1.0,0.22040557861328125,0.007871627807617188,868,3.40386962890625,868,49360.45979475975,True,32,31,stagekv_async_r2,async,2,2,4096,5,False,2,32,True,True
ok,"[220, 16, 15, 15, 4, 220, 16, 15, 15, 4, 220, 16, 15, 15, 4, 220, 16, 15, 15, 4, 220, 16, 15, 15, 4, 220, 16, 15, 15, 4, 220, 16]","[220, 16, 15, 15, 4, 220, 16, 15, 15, 4, 220, 16, 15, 15, 4, 220, 16, 15, 15, 4, 220, 16, 15, 15, 4, 220, 16, 15, 15, 4, 220, 16]",422.894231043756,422.8372497558594,422.894231043756,422.8372497558594,9686.942203802942,"[26.38405980542302, 25.422267150133848, 25.28552571311593, 25.23001004010439, 25.30960226431489, 25.25363489985466, 25.294763036072254, 25.187477935105562, 25.26087872684002, 25.28517320752144, 25.690930895507336, 25.162738747894764, 24.797338992357254, 24.35431070625782, 24.638626258820295, 24.830283131450415, 25.293328799307346, 25.560620706528425, 25.551503989845514, 25.428017135709524, 25.607611052691936, 25.718444027006626, 25.598553009331226, 25.60829184949398, 25.59997607022524, 25.455529801547527, 25.565069168806076, 25.595808867365122, 25.561172049492598, 25.62261000275612, 25.530343409627676]","[26.378080368041992, 25.416608810424805, 25.27948760986328, 25.224191665649414, 25.304256439208984, 25.247743606567383, 25.288671493530273, 25.18230438232422, 25.254911422729492, 25.279104232788086, 25.685888290405273, 25.15660858154297, 24.785919189453125, 24.34841537475586, 24.632320404052734, 24.823776245117188, 25.28665542602539, 25.554847717285156, 25.546464920043945, 25.421823501586914, 25.593856811523438, 25.71161651611328, 25.592832565307617, 25.60188865661621, 25.592992782592773, 25.44918441772461, 25.559232711791992, 25.589759826660156, 25.55571174621582, 25.616384506225586, 25.5250244140625]","[0.0, 0.0, 0.0, 0.0, 0.0, 0.0, 0.0, 0.0, 0.0, 0.0, 0.0, 0.0, 0.0, 0.0, 0.0, 0.0, 0.0, 0.0, 0.0, 0.0, 0.0, 0.0, 0.0, 0.0, 0.0, 0.0, 0.0, 0.0, 0.0, 0.0, 0.0]",26.38405980542302,26.378080368041992,25.343348054836195,25.336949475606282,25.41921615600586,25.654611587524414,39.46805044398784,15.000550746917725,15.3671875,14.483302593231201,15.3671875,2.0122108459472656,2.0122108459472656,0.0,0.22040557861328125,0.0,0.22040557861328125,1.0,0.22040557861328125,0.0,0,0.0,0,0.0,False,32,31,stagekv_async_r4,async,4,2,4096,5,False,3,32,True,True
ok,"[220, 16, 15, 15, 4, 220, 16, 15, 15, 4, 220, 16, 15, 15, 4, 220, 16, 15, 15, 4, 220, 16, 15, 15, 4, 220, 16, 15, 15, 4, 220, 16]","[220, 16, 15, 15, 4, 220, 16, 15, 15, 4, 220, 16, 15, 15, 4, 220, 16, 15, 15, 4, 220, 16, 15, 15, 4, 220, 16, 15, 15, 4, 220, 16]",409.37494300305843,409.34912109375,409.37494300305843,409.34912109375,10006.128727126119,"[21.685501094907522, 21.355017088353634, 21.546805277466774, 21.404182072728872, 21.42189582809806, 21.33680274710059, 21.436993964016438, 21.34209219366312, 21.447474136948586, 21.417496725916862, 21.40138577669859, 21.39740902930498, 21.312355995178223, 21.992607973515987, 21.383061073720455, 21.395595278590918, 21.406635642051697, 21.397789008915424, 21.43049193546176, 21.36029815301299, 21.37556718662381, 21.261959336698055, 21.378792822360992, 21.347022149711847, 21.29641594365239, 21.426895167678595, 21.432976704090834, 21.386918146163225, 21.319308783859015, 21.36150887235999, 21.490096114575863]","[21.679967880249023, 21.349376678466797, 21.540895462036133, 21.397504806518555, 21.415935516357422, 21.330944061279297, 21.431135177612305, 21.335039138793945, 21.440671920776367, 21.410816192626953, 21.395296096801758, 21.39116859436035, 21.306367874145508, 21.986143112182617, 21.375999450683594, 21.387264251708984, 21.399551391601562, 21.391359329223633, 21.423871994018555, 21.35443115234375, 21.369855880737305, 21.25619125366211, 21.373056411743164, 21.340160369873047, 21.28998374938965, 21.421056747436523, 21.42697525024414, 21.380895614624023, 21.313535690307617, 21.355520248413086, 21.4835205078125]","[0.0, 0.0, 0.0, 0.0, 0.0, 0.0, 0.0, 0.0, 0.0, 0.0, 0.0, 0.0, 0.0, 0.0, 0.0, 0.0, 0.0, 0.0, 0.0, 0.0, 0.0, 0.0, 0.0, 0.0, 0.0, 0.0, 0.0, 0.0, 0.0, 0.0, 0.0]",21.685501094907522,21.679967880249023,21.408795037617285,21.402484130859374,21.389216423034668,21.5150767326355,46.723548251959244,14.999261379241943,15.20703125,14.511165142059326,15.20703125,2.0122108459472656,2.0122108459472656,0.0,0.22040557861328125,0.0,0.22040557861328125,1.0,0.22040557861328125,0.0,0,0.0,0,0.0,False,32,31,standard,standard,,,4096,5,False,4,32,True,True
ok,"[220, 16, 15, 15, 4, 220, 16, 15, 15, 4, 220, 16, 15, 15, 4, 220, 16, 15, 15, 4, 220, 16, 15, 15, 4, 220, 16, 15, 15, 4, 220, 16]","[220, 16, 15, 15, 4, 220, 16, 15, 15, 4, 220, 16, 15, 15, 4, 220, 16, 15, 15, 4, 220, 16, 15, 15, 4, 220, 16, 15, 15, 4, 220, 16]",3690.241462085396,3613.29150390625,3690.241462085396,3613.29150390625,1133.5924587241036,"[5580.257570836693, 2022.3559979349375, 1598.4875550493598, 1701.8777998164296, 1402.2330329753458, 1398.9141141064465, 1497.238411102444, 1701.6732217743993, 1903.9441887289286, 3196.9858058728278, 1974.6437352150679, 2020.6044861115515, 1997.362941969186, 3281.2423850409687, 3219.901500735432, 3779.645775910467, 3407.2412429377437, 2113.7183723039925, 2200.9326121769845, 3695.7549094222486, 2502.446339931339, 3001.833900809288, 4403.338368982077, 2199.0960179828107, 4596.928731072694, 2603.0701510608196, 2299.45666808635, 1999.4805622845888, 1999.3388107977808, 1903.2359109260142, 99.71736604347825]","[5508.95703125, 2022.2791748046875, 1598.4229736328125, 1701.810302734375, 1402.175537109375, 1398.8577880859375, 1497.177978515625, 1701.605224609375, 1903.867919921875, 3196.865478515625, 1974.519775390625, 2020.527099609375, 1986.9228515625, 3204.797119140625, 3219.78466796875, 3703.4228515625, 3407.065185546875, 2113.638427734375, 2200.849609375, 3684.98388671875, 2502.352783203125, 3001.72509765625, 4403.1845703125, 2199.01611328125, 4503.68701171875, 2602.97998046875, 2299.37451171875, 1999.4071044921875, 1999.265625, 1903.167236328125, 99.70976257324219]","[0.0, 0.0, 0.0, 0.0, 0.0, 0.0, 0.0, 0.0, 0.0, 0.0, 0.0, 0.0, 0.0, 0.0, 0.0, 0.0, 0.0, 0.0, 0.0, 0.0, 0.0, 0.0, 0.0, 0.0, 0.0, 0.0, 0.0, 0.0, 0.0, 0.0, 0.0]",5580.257570836693,5508.95703125,2390.7566972387335,2381.7814549764,2067.9588012695312,4088.291796874998,0.41985380224984103,14.780145168304443,15.03515625,14.26521921157837,15.03515625,2.0122108459472656,2.0122108459472656,0.0,0.0,0.22040557861328125,0.22040557861328125,1.0,0.22040557861328125,0.0,1736,6.8077392578125,0,0.0,False,32,31,stagekv_sync_r0,sync,0,2,4096,5,False,5,32,True,True
ok,"[220, 16, 15, 15, 4, 220, 16, 15, 15, 4, 220, 16, 15, 15, 4, 220, 16, 15, 15, 4, 220, 16, 15, 15, 4, 220, 16, 15, 15, 4, 220, 16]","[220, 16, 15, 15, 4, 220, 16, 15, 15, 4, 220, 16, 15, 15, 4, 220, 16, 15, 15, 4, 220, 16, 15, 15, 4, 220, 16, 15, 15, 4, 220, 16]",2290.137160103768,2290.058349609375,2290.137160103768,2290.058349609375,1788.6007143436639,"[1286.9667299091816, 1101.672041695565, 1001.0685496963561, 1497.3834292031825, 1199.547195341438, 1309.9983357824385, 1988.718543201685, 1300.1497769728303, 1300.199608784169, 1202.5667503476143, 1596.6798500157893, 1686.4870660938323, 1113.493432290852, 1499.379557557404, 1800.628762692213, 1785.3390169329941, 1397.18027273193, 1520.5541490577161, 1577.6634840294719, 3003.2404181547463, 2403.314599301666, 2099.9987139366567, 2100.06084991619, 2998.188773635775, 2980.9334529563785, 2701.298762112856, 1801.7765027470887, 1916.6656299494207, 1882.3160300962627, 1800.7824369706213, 62.1481379494071]","[1286.91796875, 1101.6304931640625, 1001.0296020507812, 1497.32861328125, 1199.50341796875, 1301.7138671875, 1988.6497802734375, 1300.10107421875, 1300.1505126953125, 1202.522216796875, 1596.6214599609375, 1680.5765380859375, 1113.4522705078125, 1499.3275146484375, 1800.5650634765625, 1780.023193359375, 1397.1312255859375, 1520.4986572265625, 1577.60302734375, 3003.139892578125, 2403.23388671875, 2099.927978515625, 2099.987548828125, 2998.084716796875, 2980.83203125, 2701.206298828125, 1801.713623046875, 1916.600341796875, 1882.25244140625, 1800.71728515625, 62.14080047607422]","[0.0, 0.0, 0.0, 0.0, 0.0, 0.0, 0.0, 0.0, 0.0, 0.0, 0.0, 0.0, 0.0, 0.0, 0.0, 0.0, 0.0, 0.0, 0.0, 0.0, 0.0, 0.0, 0.0, 0.0, 0.0, 0.0, 0.0, 0.0, 0.0, 0.0, 0.0]",1286.9667299091816,1286.91796875,1720.9811376718183,1720.2755124409994,1638.5989990234375,2990.3210083007816,0.581302234885063,14.862176418304443,15.03515625,14.34725046157837,15.03515625,2.0122108459472656,2.0122108459472656,0.0,0.05510139465332031,0.16530418395996094,0.22040557861328125,1.0,0.22040557861328125,0.0,1736,5.105804443359375,0,0.0,False,32,31,stagekv_sync_r1,sync,1,2,4096,5,False,6,32,True,True
ok,"[220, 16, 15, 15, 4, 220, 16, 15, 15, 4, 220, 16, 15, 15, 4, 220, 16, 15, 15, 4, 220, 16, 15, 15, 4, 220, 16, 15, 15, 4, 220, 16]","[220, 16, 15, 15, 4, 220, 16, 15, 15, 4, 220, 16, 15, 15, 4, 220, 16, 15, 15, 4, 220, 16, 15, 15, 4, 220, 16, 15, 15, 4, 220, 16]",2442.0889276079834,2442.0126953125,2442.0889276079834,2442.0126953125,1677.3049574485697,"[2492.8392451256514, 1796.9832890667021, 1802.6153701357543, 2197.0116388984025, 2704.9678079783916, 1979.3954202905297, 2317.9016429930925, 1580.1031552255154, 1519.515065010637, 2381.378955207765, 1322.420340962708, 1576.9278458319604, 1418.5584741644561, 1699.830783996731, 1580.7884568348527, 2098.001569043845, 2299.559799954295, 2902.276284992695, 2401.164059061557, 1914.4942732527852, 2481.237952131778, 1403.4177949652076, 1299.8713748529553, 1417.542806826532, 1681.3308759592474, 1400.9439321234822, 1499.177027028054, 1400.3259507007897, 1400.154560804367, 1496.0064170882106, 44.96223293244839]","[2492.752685546875, 1704.583984375, 1802.5545654296875, 2186.23681640625, 2704.880615234375, 1979.3233642578125, 2317.824951171875, 1580.0504150390625, 1519.46337890625, 2381.3017578125, 1322.376220703125, 1576.875244140625, 1418.510009765625, 1699.7755126953125, 1580.7376708984375, 2097.8994140625, 2222.960693359375, 2902.183837890625, 2401.087158203125, 1902.6717529296875, 2388.10009765625, 1403.37451171875, 1299.82958984375, 1417.4971923828125, 1681.27783203125, 1400.8985595703125, 1499.128662109375, 1400.281005859375, 1400.1109619140625, 1403.072509765625, 44.95769500732422]","[0.0, 0.0, 0.0, 0.0, 0.0, 0.0, 0.0, 0.0, 0.0, 0.0, 0.0, 0.0, 0.0, 0.0, 0.0, 0.0, 0.0, 0.0, 0.0, 0.0, 0.0, 0.0, 0.0, 0.0, 0.0, 0.0, 0.0, 0.0, 0.0, 0.0, 0.0]",2492.8392451256514,2492.752685546875,1767.2955052771915,1754.6608660380045,1631.0077514648438,2568.173559570311,0.5699106986172112,14.895556449890137,15.19140625,14.380156993865967,15.19140625,2.0122108459472656,2.0122108459472656,0.0,0.11020278930664062,0.11020278930664062,0.22040557861328125,1.0,0.22040557861328125,0.0,868,3.40386962890625,0,0.0,False,32,31,stagekv_sync_r2,sync,2,2,4096,5,False,7,32,True,True
ok,"[220, 16, 15, 15, 4, 220, 16, 15, 15, 4, 220, 16, 15, 15, 4, 220, 16, 15, 15, 4, 220, 16, 15, 15, 4, 220, 16, 15, 15, 4, 220, 16]","[220, 16, 15, 15, 4, 220, 16, 15, 15, 4, 220, 16, 15, 15, 4, 220, 16, 15, 15, 4, 220, 16, 15, 15, 4, 220, 16, 15, 15, 4, 220, 16]",423.6384918913245,423.6001281738281,423.6384918913245,423.6001281738281,9669.496602038726,"[23.469955194741488, 23.117022588849068, 23.100821767002344, 23.05510500445962, 23.044885136187077, 23.03483709692955, 23.034315090626478, 23.434948176145554, 22.987776435911655, 22.913213819265366, 22.835765965282917, 23.122283164411783, 23.199168033897877, 23.374331649392843, 23.315540049225092, 23.41577224433422, 23.40143406763673, 23.379051126539707, 23.40856846421957, 23.37782923132181, 23.461007047444582, 23.786496836692095, 23.221501149237156, 23.201402742415667, 23.346840403974056, 23.216270841658115, 23.585293907672167, 23.46158865839243, 23.378008976578712, 23.394650779664516, 23.31636194139719]","[23.465152740478516, 23.111679077148438, 23.095136642456055, 23.05023956298828, 23.039775848388672, 23.029600143432617, 23.028383255004883, 23.429824829101562, 22.982656478881836, 22.906879425048828, 22.830080032348633, 23.11743927001953, 23.193344116210938, 23.368703842163086, 23.31011199951172, 23.409664154052734, 23.39619255065918, 23.37353515625, 23.403488159179688, 23.371776580810547, 23.455615997314453, 23.780351638793945, 23.217056274414062, 23.19478416442871, 23.34105682373047, 23.211008071899414, 23.578624725341797, 23.456544876098633, 23.372512817382812, 23.38822364807129, 23.310335159301758]","[0.0, 0.0, 0.0, 0.0, 0.0, 0.0, 0.0, 0.0, 0.0, 0.0, 0.0, 0.0, 0.0, 0.0, 0.0, 0.0, 0.0, 0.0, 0.0, 0.0, 0.0, 0.0, 0.0, 0.0, 0.0, 0.0, 0.0, 0.0, 0.0, 0.0, 0.0]",23.469955194741488,23.465152740478516,23.264069746558864,23.258487510681153,23.31022357940674,23.523688793182373,42.995057160993944,15.000550746917725,15.3671875,14.483302593231201,15.3671875,2.0122108459472656,2.0122108459472656,0.0,0.22040557861328125,0.0,0.22040557861328125,1.0,0.22040557861328125,0.0,0,0.0,0,0.0,False,32,31,stagekv_sync_r4,sync,4,2,4096,5,False,8,32,True,True
